industry,type,category,description,subcategories
"Accommodation, Food Services, Arts and Entertainment","hazard","Initial access vectors","How ransomware/extortion actors most commonly breach organizations in this sector, reflecting its large, high-turnover, geographically distributed workforce and heavy vendor reliance.","Help-desk / call-center social engineering and vishing to reset MFA or credentials (Scattered Spider-style attacks on MGM, Caesars) | Phishing and callback phishing (e.g., Silent Ransom Group-style tactics) | Compromised or purchased credentials, often sourced via infostealer malware from employee or third-party devices | Exploitation of internet-facing PMS, booking, or POS software vulnerabilities | Compromise of third-party IT support/managed service providers with privileged remote access | Compromise via franchise/partner networks with shared or federated access to corporate systems"
"Accommodation, Food Services, Arts and Entertainment","hazard","Extortion tactics","The mix of pressure techniques ransomware/extortion groups apply against hospitality, food-service, and entertainment targets, which have historically shown high willingness to pay to avoid guest-facing outages during peak periods.","Encryption of operational systems (PMS, POS, reservations) causing immediate, highly visible service disruption | Data exfiltration and double/triple extortion (threatening publication of guest/loyalty PII, ID scans, financial data) | Direct harassment of executives, guests, or loyalty-program members with stolen data | Publication of sensitive operational or IP-like materials (e.g., unreleased attraction designs, menus, pricing) as leverage distinct to entertainment/theme-park operators | Timing attacks to coincide with peak seasons, holidays, or major events to maximize revenue-loss pressure and increase likelihood of ransom payment | Pure data-theft extortion without encryption (e.g., ShinyHunters/Scattered Spider-linked groups increasingly skip encryption and threaten-to-leak only)"
"Accommodation, Food Services, Arts and Entertainment","hazard","Operational technology (OT) and physical-safety-adjacent risk","Unlike pure back-office IT sectors, hospitality/entertainment venues integrate IT with physical operations, so a ransomware event can directly disrupt guest safety, access, and physical service delivery, not just data confidentiality.","Casino floor and gaming-machine network disruption | Digital door-lock and access-control system failures stranding guests or preventing check-in | Point-of-sale/payment terminal outages forcing cash-only operations | Ride/attraction control and building-management system exposure at theme parks and large venues | Kitchen, ordering, and inventory system outages disrupting food safety and service continuity"
"Accommodation, Food Services, Arts and Entertainment","hazard","Third-party and supply-chain risk","The sector's heavy reliance on franchising, outsourced IT, shared SaaS booking/POS platforms, and contractors creates concentrated single points of failure that can cascade across many brands and properties.","Managed service provider (MSP) / IT help-desk vendor compromise (root cause of MGM and Caesars incidents) | SaaS booking, PMS, or supply-chain platform compromise affecting many downstream hotel/restaurant brands simultaneously (mirrors Blue Yonder-type incidents Verizon DBIR flagged for accommodation/food services) | Construction, renovation, or facilities contractor breaches exposing sensitive operational data (Disneyland Paris partner breach) | Franchise/master-licensor shared infrastructure compromise cascading to independently owned locations | Payment processor or gift-card platform compromise"
"Accommodation, Food Services, Arts and Entertainment","hazard","Insider and workforce-related risk","High employee turnover, seasonal/temporary staffing, and broad front-line system access (POS, PMS, key systems) common to this sector elevate both malicious-insider and credential-hygiene risk.","High staff turnover creating stale/orphaned credentials and inconsistent access de-provisioning | Seasonal and temporary/contract staff with broad system access and less security training | Front-desk/POS-level social engineering targets (staff empowered to make account/reservation changes) | Shared or weakly managed credentials across large, decentralized property networks"
"Accommodation, Food Services, Arts and Entertainment","hazard","Regulatory, contractual and reputational exposure","Data-protection, payment-card, and consumer-protection obligations that shape breach costs and downstream liability specific to guest-data-heavy businesses.","PCI-DSS obligations for any entity processing card payments (hotels, restaurants, casinos, ticketing) | State/national breach-notification laws (frequent driver of disclosed incident detail in this sector, as seen in Maine AG filings) | Gaming-commission and casino-regulator compliance obligations | GDPR/international privacy law exposure for globally operating hotel chains and cruise lines | Consumer class-action litigation risk following large loyalty-program or guest-data breaches (MGM, Caesars, Marriott) | Brand/reputational risk disproportionate to direct financial loss, given guest-trust-dependent business models"
"Accommodation, Food Services, Arts and Entertainment","exposure","Guest-facing reservation and property systems","Core operational software that, if encrypted or disrupted, halts check-in/out, room assignment, and bookings, causing immediate revenue and reputational loss.","Property Management Systems (PMS) for hotels/resorts | Central reservation systems (CRS) and channel managers (OTA integrations) | Digital room-key / electronic lock systems | Restaurant/venue reservation and table-management platforms | Ticketing and admissions systems (theme parks, museums, theaters, sporting/entertainment venues) | Event and conference booking platforms"
"Accommodation, Food Services, Arts and Entertainment","exposure","Payment and point-of-sale (POS) infrastructure","High-volume, PCI-DSS-regulated transaction systems across hotels, restaurants, casinos, and venues that are prime ransomware/extortion targets due to payment card data and operational criticality.","POS terminals and back-office POS servers (restaurants, bars, retail outlets, cafés) | Payment gateways and card-present processing systems | Gift card / stored-value and mobile-order-ahead platforms | Casino cage, kiosk, and cashless-wagering systems | ATMs and self-service payment kiosks on-premises"
"Accommodation, Food Services, Arts and Entertainment","exposure","Guest and member personal data (PII)","Large repositories of sensitive personal and financial data accumulated through loyalty programs, bookings, and identity verification, making this sector attractive for double-extortion data leaks.","Loyalty/rewards program databases (names, contact info, tier/points data) | Government ID data (passport, driver's license, national ID numbers) collected for check-in/KYC/casino compliance | Social Security / national insurance numbers (employee and, in some jurisdictions, guest records) | Payment card and billing data | Health/dietary/accessibility data (spas, cruise lines, event catering) | Minors' data (theme parks, family resorts, youth programs)"
"Accommodation, Food Services, Arts and Entertainment","exposure","Casino- and gaming-specific systems","Specialized OT/IT-blended systems unique to the gaming vertical within this sector, where downtime directly halts revenue-generating floor operations.","Slot machine and cashless wagering networks | Surveillance and physical security systems (often networked to IT) | Player-tracking / rewards-card systems | Sports betting and online gaming platforms | Regulatory/compliance reporting systems (gaming commissions)"
"Accommodation, Food Services, Arts and Entertainment","exposure","Third-party and supply-chain exposure","Extensive outsourcing and franchise/partner relationships common to hospitality, food service, and entertainment create indirect exposure when a vendor, franchisee, or partner is compromised.","IT help desk / managed service providers (a common initial-access vector, e.g., MGM/Caesars) | Third-party booking, ticketing, and OTA platforms | Food & beverage supply chain and distribution/logistics vendors (e.g., Blue Yonder-type SaaS incidents) | Construction, renovation, and facilities contractors with access to internal systems/data (e.g., Disneyland Paris partner breach) | Staffing agencies and payroll/HR outsourcing providers | Franchise and multi-brand management companies operating shared back-office systems across many independently branded properties"
"Accommodation, Food Services, Arts and Entertainment","exposure","Building, IoT, and physical-operations technology","Smart-building and physical-plant systems increasingly networked to corporate IT, creating an OT-adjacent attack surface distinct to physically large hospitality/entertainment venues.","HVAC, elevator, and building-management systems | Digital signage and in-room entertainment systems | Wi-Fi and guest network infrastructure | Access control and key-card provisioning systems | Ride/attraction control systems (theme parks) and AV/production systems (theaters, arenas)"
"Accommodation, Food Services, Arts and Entertainment","exposure","Corporate, financial, and employee systems","Back-office systems common to any large multi-site employer, holding data attractive for extortion beyond guest-facing systems.","Employee HR/payroll records (SSNs, banking details) | Corporate financial/ERP systems | Email and collaboration/communication platforms | Franchise financial reporting and multi-property accounting consolidations"
"Agriculture, Forestry, Fishing and Food Production","hazard","Initial Access Vectors","How threat actors gain first entry, shaped by the sector's dispersed sites, legacy systems, seasonal/temporary workforce, and heavy reliance on third-party integrators and remote support.","Phishing / business email compromise targeting procurement, logistics and finance staff (single-click compromise, as in the Ahold Delhaize USA breach) | Exploitation of internet-facing/edge devices and unpatched VPNs, RDP and firewalls at remote farms, elevators, plants and cold-storage sites | Mass-exploitation of zero-day/managed-file-transfer and enterprise software vulnerabilities (Cl0p-style campaigns against the sector) | Valid/stolen credentials sourced from infostealer logs (ransomware.live records infostealer-linked exposure for many food/ag domains) | Compromise of third-party IT/OT integrators, MSPs, ag-tech SaaS and remote maintenance access into plant networks | Weak segmentation between corporate IT and plant OT allowing lateral movement from an office foothold into production"
"Agriculture, Forestry, Fishing and Food Production","hazard","Extortion & Impact Tactics","The mix of leverage attackers apply. In this sector the physical perishability and food-security angle amplifies pressure to pay quickly.","Encryption of production/ERP/warehouse and ordering systems that halts slaughter, processing, packing, invoicing and dispatch (JBS, KP Snacks, UNFI) | Double extortion: exfiltration of data plus threat to leak (Conti/KP Snacks; INC Ransom/Ahold Delhaize; BlackMatter/NEW Cooperative) | Perishability-driven time pressure — spoilage of raw materials, finished goods and livestock welfare used as urgency leverage | Food-security / public-safety framing to raise reputational and regulatory stakes on a critical-infrastructure victim | Re-extortion and data-recycling (e.g., 2026 'coinbasecartel' posting reusing JBS data years after the original event) | Triple extortion / harassment of customers, growers, and downstream retailers whose shelves empty during an outage"
"Agriculture, Forestry, Fishing and Food Production","hazard","OT / ICS & Physical-Process Risk","Operational-technology exposure specific to farms and food plants where cyber impact becomes physical and food-safety relevant.","Plant SCADA/PLC and process-control systems for slaughter lines, pasteurization, cooking, canning, milling and bottling | Cold-chain and refrigeration/HVAC controls where downtime causes spoilage or food-safety failures | Automated milking, feeding, ventilation and climate systems in livestock/poultry/dairy operations (animal-welfare risk) | Precision-agriculture and equipment telematics (GPS-guided machinery, grain-drying, irrigation, environmental controls) | Building-management and food-safety monitoring systems (temperature logging, HACCP-linked sensors) | IT/OT convergence and flat networks that let office ransomware reach production floors"
"Agriculture, Forestry, Fishing and Food Production","hazard","Supply-Chain & Third-Party Concentration Risk","The sector's consolidation and just-in-time structure mean one victim's outage propagates widely; conversely, victims are exposed through their many upstream vendors.","Concentration risk in dominant nodes (few large meatpackers, a single primary grocery distributor such as UNFI supplying 30,000+ stores) | Cooperative/shared-platform risk where one hub serves many farms (NEW Cooperative claimed to touch ~40% of US grain production) | Downstream disruption to retailers and food service (empty shelves, salad-kit and crisp shortages) creating contractual and liability exposure | Upstream dependency on agrochemical, seed, feed, packaging and logistics vendors as attack conduits | Ag-tech / SaaS and cloud ERP dependencies (SoilMap-type platforms, farm-management software) | Cross-border, multi-plant footprints that let a single intrusion affect operations on several continents (JBS US/Canada/Australia)"
"Agriculture, Forestry, Fishing and Food Production","hazard","Regulatory, Legal & Food-Security Exposure","Compliance and liability hazards triggered by an incident, heightened by critical-infrastructure designation and personal-data holdings.","Critical-infrastructure reporting obligations (CISA/CIRCIA in the US, NIS2 in the EU) and national food-security scrutiny | Data-breach notification and privacy liability (state AG filings, GDPR) for employee, grower and customer PII/SSNs (Ahold Delhaize 2.2M individuals) | Food-safety regulatory fallout when process/monitoring systems are compromised (FDA/USDA, HACCP records) | Sanctions/OFAC risk when paying groups linked to sanctioned actors | Securities-disclosure exposure for public companies (SEC 8-K / 6-K materiality; Dole and UNFI quantified impacts in filings) | Contractual penalties and litigation from retailers, distributors and cooperative members affected by supply failure"
"Agriculture, Forestry, Fishing and Food Production","hazard","Insider, Workforce & Operational-Maturity Risk","Human and organizational weaknesses characteristic of the sector.","Large seasonal/temporary and low-turnover-training workforce increasing phishing susceptibility | Historically thin cybersecurity budgets and staffing, especially at farms, co-ops and mid-size processors (DHS records noted JBS's pre-attack security as unusually poor) | Legacy and end-of-life systems in plants and back-office (Dole: half of legacy servers affected) | Limited backup/recovery testing and lack of manual fallback procedures for automated operations | Dispersed rural sites with inconsistent monitoring and slow patch cycles | Insider access at co-ops and family/closely-held businesses with informal IT governance"
"Agriculture, Forestry, Fishing and Food Production","exposure","Production & Operational Technology Systems","The plant-floor and field systems whose disruption stops physical output and threatens food safety and animal welfare.","Processing-line SCADA/PLC/DCS (slaughter, milling, pasteurization, cooking, canning, bottling) | Cold-storage / refrigeration / HVAC and environmental controls | Automated milking, feeding, ventilation and livestock climate systems | Precision-ag equipment, telematics, GPS guidance, irrigation and grain-drying controls | Food-safety and quality monitoring/sensor systems (temperature logging, HACCP instrumentation) | Warehouse automation, robotics and conveyance in distribution centers"
"Agriculture, Forestry, Fishing and Food Production","exposure","Enterprise IT, ERP & Ordering/Logistics Platforms","The business systems that, when encrypted, halt ordering, invoicing, dispatch and payment even when the physical plant is intact.","ERP / MRP and inventory-management systems | Electronic ordering, EDI, invoicing and payment systems (UNFI outage crippled ordering/invoicing) | Warehouse-management and transportation/fleet-management systems | Corporate email, file repositories and Active Directory/identity infrastructure | Back-office finance, HR and payroll systems | Legacy and end-of-life servers and end-user computers"
"Agriculture, Forestry, Fishing and Food Production","exposure","Sensitive Data Assets","The data whose exfiltration drives double-extortion leverage and regulatory liability.","Employee/grower PII including SSNs, driver's licenses and passports (Ahold Delhaize: names, DOB, government IDs) | Customer and loyalty/pharmacy data at grocery-affiliated operations | Financial, banking and payment-card records | Proprietary R&D, recipes, breeding/genetics data and agronomic IP (BlackMatter stole NEW Cooperative's SoilMap source code) | Contracts, pricing, supplier and cooperative-member records | Food-safety, traceability and compliance documentation"
"Agriculture, Forestry, Fishing and Food Production","exposure","Third-Party & Supply-Chain Dependencies","External entities and shared platforms whose compromise or whose reliance on the victim creates propagating exposure.","Grocery retailers, food-service buyers and downstream distributors dependent on continuous supply | Cooperative members and affiliated farms sharing a common platform/hub | Upstream input suppliers (seed, feed, fertilizer, agrochemicals, packaging) | Logistics, cold-chain and 3PL transportation providers | Ag-tech / farm-management SaaS, cloud ERP and remote-support MSPs/integrators | Payment processors and banking partners"
"Agriculture, Forestry, Fishing and Food Production","exposure","Physical Goods, Livestock & Continuity Assets","Sector-unique tangible exposures that convert cyber downtime into direct physical loss.","Perishable raw materials and finished inventory at risk of spoilage during outages | Live animals dependent on automated feeding, watering and climate control (welfare and mortality risk) | Cold-chain integrity across storage and transit | Seasonal/time-critical processing windows (harvest, slaughter, planting) with no slack to absorb downtime | Manual-workaround capacity and business-continuity/backup infrastructure | Brand/reputation and consumer-trust assets tied to food safety and availability"
"Construction","hazard","Initial Access Vectors","How attackers first get into construction-industry networks, shaped by distributed jobsites, subcontractor sprawl, and reliance on shared enterprise/file-transfer platforms.","Phishing/BEC targeting project managers, estimators and accounts-payable staff (construction's high-value, milestone-based subcontractor and supplier payments make it a prime invoice-fraud/BEC target, often paired with or following a ransomware intrusion) | Exploited perimeter and file-transfer/ERP vulnerabilities in widely-used enterprise software (e.g., Clop's 2025 Oracle E-Business Suite CVE-2025-61882 zero-day campaign hit multiple construction firms, including Bechtel and Kier, within days of each other) | Compromised VPN/RDP credentials, including access issued to jobsite trailers and temporary site networks with weaker controls than corporate HQ | Infostealer-harvested credentials from employee and third-party devices (Ferrovial's July 2026 AiLock incident was linked to over 100 compromised employee and third-party credential sets surfaced via infostealer telemetry) | Compromised or over-privileged subcontractor/vendor remote-access accounts on shared project extranets"
"Construction","hazard","Extortion Tactics","How ransomware groups pressure construction victims to pay, once inside.","Double extortion: encryption plus exfiltration and leak-site publication of stolen files (the dominant model seen across Qilin, LockBit, Akira, Play, DragonForce, INC Ransom incidents in the dataset) | Triple extortion / regulatory and reputational threats (AiLock explicitly threatens to notify regulators and competitors and gives victims a 72-hour response window) | Pure data-theft extortion without encryption (Everest has shifted toward this model; used against Turner Construction) | Threats to leak competitively sensitive bid, pricing and design data to rival bidders or competitors ahead of tender awards | Mass 'name-and-shame' campaigns where dozens of victims across many industries (including construction) are listed together after a single shared-software exploit, increasing pressure via public exposure even before individualized negotiation"
"Construction","hazard","OT, IoT and Jobsite/Facilities Technology Risk","Physical and operational-technology exposure distinct to construction and post-construction facilities management, generally less targeted today than pure-IT systems but a growing concern.","Building Management/Automation Systems (BMS/BAS) for HVAC, elevators and life-safety systems on projects under a firm's ongoing facilities-management or warranty-service contracts | Connected heavy-equipment telematics and fleet/GPS tracking systems | Jobsite IoT sensors (structural/concrete-cure monitoring, environmental sensors) | Site security systems - cameras, badge/access control - on active construction sites | Potential physical-safety and schedule-disruption consequences if OT/jobsite systems are affected, distinct from pure data-confidentiality harm"
"Construction","hazard","Third-Party and Supply-Chain Risk","Construction projects run through deep, multi-tier subcontractor and design-partner networks and shared platforms, creating single points of failure that can cascade across many unrelated firms.","Shared collaboration/BIM platforms (e.g., Procore, Autodesk Construction Cloud/BIM 360) linking general contractors, architects, engineers, and dozens of subcontractors | Common enterprise software creating simultaneous multi-victim exposure (Bechtel and Kier Group were both hit within the same week during Clop's Oracle EBS campaign, despite being unrelated companies) | General contractor -> subcontractor -> sub-subcontractor credential and data flows, where the weakest link in the chain can expose the whole project | Architecture/engineering design partners and geotechnical/survey consultants with access to shared project data | Owner and lender portals used for draw requests and project financing, exposing financial data outside the contractor's own perimeter"
"Construction","hazard","Insider and Workforce Risk","Construction's large, transient, multi-employer labor force creates distinctive access-management challenges.","Shared or generic site-login credentials used across union labor, day laborers and rotating temp/subcontractor staff | Weak or inconsistent offboarding across multi-employer jobsites when subcontractor personnel change frequently | Disgruntled former employees or terminated subcontractors retaining VPN/portal access | Field staff use of personal/BYOD devices for project apps, increasing infostealer and credential-theft exposure outside corporate IT control"
"Construction","hazard","Regulatory and Contractual Exposure","Legal and contractual consequences specific to how construction firms hold data and are bound by project agreements.","Employee PII/payroll breach notification obligations (AECOM's 2021 incident exposed employee SSNs and bank routing/account numbers and required notification to the California Attorney General) | Government-contractor obligations (major defense/energy/critical-infrastructure contractors such as Bechtel and AECOM handle DoD/DOE and critical-infrastructure work, raising CMMC/DFARS-style breach-notification and controlled-technical-information exposure) | Professional liability/errors-and-omissions exposure if stolen design, CAD/BIM or structural-engineering data proves defective or is misused after a leak | Contractual delay-damages/liquidated-damages exposure if ransomware-driven downtime in scheduling, procurement, or payroll systems cascades into project schedule slippage | Bid-integrity and antitrust-adjacent exposure if leaked tender/pricing data undermines competitive bidding processes"
"Construction","hazard","Business Interruption / Project Delay Risk","How ransomware translates into operational and financial disruption specific to project-based construction work.","Disruption to estimating, scheduling and project-management software halting active bid submissions or project coordination | ERP/accounting/payroll system outages disrupting subcontractor and supplier payments, risking mechanic's-lien and cash-flow disputes | Procurement and material-ordering system outages delaying material delivery to active job sites | Indirect (rather than physical-site) downtime: unlike manufacturing OT shutdowns, ransomware in construction more often stalls back-office/coordination functions than the physical build itself, per Sophos data showing lower rates of data-theft/encryption combination in construction/property/energy versus manufacturing"
"Construction","exposure","Project and Design Data","The core intellectual property of a construction or engineering firm, of high value both for extortion leverage and to competitors.","CAD and BIM (Building Information Modeling) files | Architectural drawings and blueprints | Structural, MEP and civil engineering calculations | Geotechnical and site-survey data | Proprietary construction methods and engineering IP"
"Construction","exposure","Bid, Contract and Financial Data","Commercially sensitive project economics and the financial systems that manage them - a favored ransomware and extortion target.","Tender/bid documents and competitive pricing data | Contract terms and subcontractor pricing schedules | Procurement and vendor/supplier data | ERP and accounting systems (e.g., Oracle E-Business Suite - the shared platform exploited in the 2025 Clop campaign that hit Bechtel and Kier) | Banking and wire-transfer details, a frequent target for invoice-fraud/BEC layered on top of ransomware intrusions"
"Construction","exposure","Employee and Workforce PII","Personal data held on large, often multi-employer workforces.","Payroll systems (SSNs, bank account/routing numbers - exposed in AECOM's 2021 breach) | HR files and personnel records | Union membership and labor records | Licensing, certification and background-check records for skilled trades | Badge and physical access-control credentials"
"Construction","exposure","Field and Jobsite Systems","Technology deployed at or connecting to active construction sites, often with weaker security posture than corporate headquarters.","Project-management/collaboration platforms (Procore, Autodesk Construction Cloud/BIM 360, PlanGrid) | Jobsite security cameras and access-control systems | Equipment telematics and fleet-management/GPS tracking systems | Connected/automated heavy machinery | Temporary site networks and trailer-based IT infrastructure"
"Construction","exposure","Building Management and Facilities Systems","Operational technology exposure that persists beyond project completion, for firms with ongoing facilities-management, warranty or operations contracts.","Building Management/Automation Systems (HVAC, elevators) | Life-safety systems (fire, alarm) in occupied buildings under warranty/FM contracts | Toll-road, transit and infrastructure operational systems for firms that also operate (not just build) infrastructure assets (e.g., Ferrovial's toll-road and mobility operations)"
"Construction","exposure","Third-Party and Subcontractor Networks","External parties and shared infrastructure that extend a construction firm's attack surface beyond its own perimeter.","Shared extranets/portals used by subcontractors, architects and engineers | Owner and lender draw-request/financing portals | Common enterprise software shared industry-wide, creating correlated multi-victim exposure | Managed IT/security service providers used by smaller subcontractors"
"Construction","exposure","Client and Government-Owner Data","Sensitive project data held on behalf of government and critical-infrastructure clients, elevating national-security and export-control considerations for some firms.","Defense, energy and critical-infrastructure project data (Bechtel and AECOM both handle large DoD/DOE and critical-infrastructure programs) | Potentially export-controlled or classified-adjacent technical data for defense/energy construction work | Public infrastructure and toll/transit operational data"
"Educational Services","hazard","Initial Access via Open and Federated Campus Environments","Education networks are architecturally adversarial to containment. Universities operate deliberately open networks supporting public research collaboration, guest access, self-managed student devices and thousands of transient accounts per year, while K-12 districts run flat networks with minimal segmentation and small IT teams. Sophos found exploited vulnerabilities to be the single largest root cause in higher education (35% of attacks) and phishing the leading cause in lower education (22%), reflecting the two different failure modes. Verizon DBIR data has repeatedly placed social engineering and system intrusion as the dominant education breach patterns.","Unpatched internet-facing infrastructure (VPN concentrators, VMware ESXi, Citrix, file transfer appliances) | Phishing and business email compromise against faculty, staff and payroll | Compromised credentials and absent or partial MFA on student/staff SSO | Federated identity and SSO trust chains (Shibboleth, InCommon, eduGAIN, Entra ID) enabling lateral movement across institutions | BYOD and unmanaged student-owned devices on production VLANs | Flat, unsegmented K-12 district networks linking administrative and instructional systems | Research collaboration links, shared HPC clusters and inter-institutional data sharing | Remote and hybrid learning infrastructure, exposed RDP and legacy remote access | Seasonal staffing churn, adjunct and contractor accounts, and stale account deprovisioning"
"Educational Services","hazard","Extortion Leverage from Minors' and Student Data","Education is uniquely coercible because the hostage data belongs largely to children. Actors have moved from encryption-first to exfiltration-led extortion and apply pressure through channels unavailable in other sectors: publishing psychological evaluations, special-education records and abuse reports, and contacting students and parents directly. In the LAUSD and Minneapolis cases the leaked corpora included student psychological assessments, and in Minneapolis campus security blueprints - creating physical-safety as well as privacy harm. Sophos recorded extortion-only (no encryption) attacks rising in both education strata.","Publication of minors' PII, disciplinary, special-education and counselling records | Release of student psychological and medical assessments | Direct contact with parents, students and staff to amplify pressure (triple extortion) | Leak of campus security blueprints, floor plans and access-control layouts | FERPA/COPPA notification exposure used as negotiating leverage | Reputational leverage over admissions, enrolment and donor confidence | Timing of attacks to term start, exams, enrolment or financial-aid deadlines | Re-extortion of individual institutions after a vendor has already paid | Auction and resale of student datasets on leak sites"
"Educational Services","hazard","Third-Party and Edtech Vendor Concentration Risk","The single most severe systemic hazard in the sector. A handful of SIS, LMS and assessment platforms serve most of the addressable market, so one vendor intrusion becomes a correlated loss across thousands of insureds simultaneously. PowerSchool (Dec 2024) reached a claimed 62.4 million students and 9.5 million teachers across approximately 6,505 districts from one compromised credential; Instructure/Canvas (May 2026) was claimed to affect 275 million users across roughly 9,000 institutions. Verizon's 2026 DBIR reported third-party involvement in 48% of breaches with supply-chain breaches up 60%. For a cyber-insurance portfolio this is the dominant aggregation exposure in the education book.","Student information system (SIS) platform compromise | Learning management system (LMS) platform compromise | Single-vendor concentration across a large book of district/university insureds | Downstream re-extortion of individual schools using vendor-stolen data | Managed service providers and regional education service agencies serving many districts | Tuition, bursar and payment processor compromise | Assessment, proctoring, transcript and admissions platforms | Cloud file transfer and third-party SaaS (e.g. mass MOVEit/Cleo-style exploitation reaching education via clop) | Contractual gaps in vendor breach notification, indemnity and data-deletion assurance"
"Educational Services","hazard","Insider and Student-Originated Threat","Education is the rare sector in which a substantial share of the resident population is both technically capable and directly motivated to attack the institution's systems - for grade alteration, exam access or reputational reasons - while holding legitimate network credentials. The PowerSchool intrusion was ultimately attributed by the US DOJ to a 19-year-old university student, who pleaded guilty. Insider events blur the ransomware/fraud boundary and complicate coverage triggers.","Student credential abuse and grade or transcript alteration | Attacks originating from enrolled students against their own institution | Faculty and staff insider data theft | Credential sharing, shadow IT and unauthorised SaaS in departments | Initial access broker purchase of student/staff credentials from infostealer logs | Departing staff and contractor access retention | Negligent insiders and misconfigured shares exposing student records"
"Educational Services","hazard","Regulatory, Notification and Litigation Exposure","Education carries a dense, overlapping and unusually child-focused compliance regime, so a single ransomware event generates parallel regulatory tracks. FERPA and COPPA apply federally in the US, layered with state student-privacy statutes and state breach laws; UK and EU institutions face UK GDPR/GDPR and ICO scrutiny; universities holding clinical or research-health data additionally trigger HIPAA. Notification is frequently slow - Minneapolis took seven months to notify 105,617 people, and the University of Hawai'i Cancer Center's delay in notifying study participants drew specific criticism - which compounds regulatory and class-action risk.","FERPA (US student education records) | COPPA and state student-privacy laws (e.g. SOPIPA-style statutes) | State breach-notification statutes and attorney-general inquiries | UK GDPR / EU GDPR and ICO or DPA enforcement | HIPAA exposure for university medical centres, clinics and health research | Research funder, IRB and human-subjects data obligations | Class-action litigation on behalf of students, parents and staff | Delayed-notification liability and credit-monitoring remediation costs | Public-records and transparency obligations for public institutions"
"Educational Services","hazard","Operational Disruption of Instruction and Institutional Continuity","Unlike most commercial insureds, schools cannot fail over to a degraded manual mode: an encrypted district frequently closes entirely. Highline Public Schools shut all 34 schools for three days; the British Library's core services were disrupted for months. Comparitech measured an average of 10.7 days of downtime per education incident, peaking at 12.6 days in 2023. Lost instructional days carry statutory make-up obligations, transport and meal-programme knock-ons, and in higher education can delay terms, research grants and graduation.","Full school or campus closure and lost instructional days | Statutory make-up day and calendar-extension obligations | Loss of attendance, gradebook, timetabling and transport systems | Disruption to free/reduced meal programmes and student services | Payroll, HR and accounts-payable outage | Research interruption, lost experiments and grant milestone failure | Admissions, enrolment, registration and financial-aid disruption | Extended rebuild and device re-imaging across large fleets | Library, catalogue and digital collection outage"
"Educational Services","hazard","Underfunded Security Posture and Recovery Capability","The sector's loss severity is driven less by attacker sophistication than by chronic under-resourcing. Sophos found lack of expertise and limited incident-response capacity cited by 42% each in lower education, and 49% of higher education institutions citing unknown security gaps. Backup reliability has degraded: recovery from backups fell to 59% in lower education and 47% in higher education. Public institutions face procurement cycles, capital-budget constraints and elected-board approval that slow both hardening and response.","Small or single-person IT teams in K-12 districts | Legacy and end-of-life systems retained on constrained capital budgets | Backup compromise, untested restores and insufficient offline copies | Absence of 24/7 monitoring, EDR coverage gaps and alert fatigue | Limited or absent cyber insurance and incident-response retainers | Slow public procurement and board-approval cycles | Reserve depletion funding recovery (British Library used c.40% of reserves) | IT staff burnout and turnover following incidents | Decentralised university IT with no central authority over departmental systems"
"Educational Services","exposure","Student Information Systems (SIS) and Core Records","The system of record for enrolment, demographics, attendance, discipline and transcripts, and the highest-value single target in education because it concentrates minors' PII for an entire district or institution in one platform. SIS compromise is both a direct exposure at the institution and, via the vendor, the sector's principal aggregation event - the PowerSchool intrusion reached a claimed 62.4 million students and 9.5 million teachers across approximately 6,505 districts.","Enrolment, demographic and household records | Attendance and truancy data | Disciplinary and behavioural records | Transcripts, grades and academic history | Special-education (IEP/504) records | Immunisation and student health records held in SIS | Emergency contact and guardian/custody information | Free and reduced-price meal eligibility (income-linked) | Vendor-hosted SIS instances and SIS data warehouses"
"Educational Services","exposure","Learning Management Systems, Gradebooks and Instructional Platforms","The day-to-day instructional layer - LMS, gradebook, courseware, assessment and proctoring tools. Outage halts teaching directly, and the platforms hold years of coursework, private messaging and behavioural data. The May 2026 Instructure/Canvas incident demonstrated the scale: attackers claimed 3.6TB covering 275 million users across roughly 9,000 institutions, including private student-teacher messages, in a platform used by 41% of US higher education institutions.","LMS platforms (Canvas, Blackboard, Moodle, Schoology, Google Classroom) | Gradebooks and assignment/submission repositories | Private messaging between students, teachers and staff | Online assessment, exam and remote-proctoring systems | Lecture capture, courseware and digital content libraries | Plagiarism detection and academic-integrity tooling | Course rosters, section data and LTI integrations | Single sign-on tokens and API keys linking LMS to institutional identity"
"Educational Services","exposure","Financial Aid, Bursar, Payroll and Payment Systems","Education institutions process tuition, financial aid, donations, payroll and vendor payments, and financial-aid files in particular concentrate exactly the identity elements needed for fraud - SSNs, bank details and full household income data (FAFSA). Encryption here halts payroll and disbursement; exfiltration produces the sector's highest per-record identity-theft severity.","Financial aid, FAFSA, scholarship and loan records | Bursar, tuition billing and student account systems | Payroll, HR and benefits data for staff and faculty | Bank account and direct deposit details | Social Security numbers and taxpayer identifiers | Third-party tuition payment processors and gateways | Procurement, accounts payable and vendor master files | Campus card and stored-value/dining account systems | Grant accounting and research funding administration"
"Educational Services","exposure","Research Data, Intellectual Property and Regulated Research Health Data","The exposure unique to higher education. Universities hold pre-publication research, proprietary and licensed datasets, export-controlled work and long-running human-subjects cohorts. The University of Manchester attack reached NHS records for 1.1 million patients gathered from over 200 hospitals for medical research, and the University of Hawai'i Cancer Center incident exposed decades-old epidemiological cohort data affecting up to 1.15 million individuals - demonstrating that research archives create liability for populations who were never students or staff.","Human-subjects research cohorts and longitudinal study data | Clinical, patient and genomic research datasets (HIPAA-regulated) | Pre-publication research, grant applications and unpublished results | Patents, licensing pipelines and technology-transfer records | Export-controlled, defence and dual-use research | Industry-sponsored and contract research under NDA | HPC clusters, lab instrumentation and research computing storage | Licensed third-party datasets with contractual breach penalties | IRB records and participant consent/identity linkage files"
"Educational Services","exposure","Minors' PII and Sensitive Student Welfare Records","The sector's most reputationally and legally explosive exposure. Beyond routine PII, schools hold counselling notes, psychological evaluations, abuse and safeguarding reports, and custody arrangements for children who cannot consent and whose identities remain exploitable for decades. Both LAUSD and Minneapolis saw student psychological assessments published after refusing to pay, and Baltimore City Public Schools' 2025 incident exposed SSNs and driver's licence data for thousands of students and staff.","Minors' names, dates of birth, addresses and SSNs | Counselling, mental-health and psychological assessment records | Child protection, safeguarding and abuse reports | Custody, foster-care and guardianship arrangements | Juvenile justice and prior-conviction referral records | Health, disability and medication records | Immigration status and English-learner designations | Photographs, biometrics and student ID imagery | Long-tail identity-theft exposure (dormant credit files of minors)"
"Educational Services","exposure","Campus Operational Technology and Physical Safety Systems","Schools and campuses run building and safety infrastructure on the same networks as administrative IT, so ransomware translates directly into physical-safety consequences and closure decisions. The Minneapolis breach was confirmed by analysts to have exposed school security blueprints - a worst-case outcome in which stolen data creates ongoing physical risk to children that no notification or credit monitoring can remediate.","Door access control, badging and electronic locking systems | CCTV, video surveillance and monitoring platforms | Fire alarm, intrusion detection and emergency notification systems | HVAC, boiler and building management systems | Dormitory and residence-hall access and utilities | Bus routing, fleet telematics and student transport tracking | Bell schedules, PA systems and lockdown/emergency controls | Campus security floor plans, blueprints and camera placement maps | Laboratory, athletic facility and dining OT systems"
"Educational Services","exposure","Alumni, Donor and Advancement Databases","University advancement systems hold high-net-worth individuals' financial profiles, giving histories, wealth-screening assessments and private correspondence. This data is disproportionately valuable relative to its volume, and its exposure damages the institution's fundraising capacity - a material revenue line for higher education - well beyond the incident itself. The University of Manchester breach included alumni records alongside current student data.","Alumni contact, employment and biographical records | Donor giving histories and pledge commitments | Wealth screening and capacity/propensity ratings | Major-gift prospect research and confidential correspondence | Payment instruments and recurring donation details | Endowment, trust and planned-giving records | Board, trustee and named-benefactor information | Event, membership and affinity programme data"
"Educational Services","exposure","Third-Party Edtech, Cloud and Identity Infrastructure","Modern institutions outsource most of their data estate, so a large share of exposure sits outside the insured's own perimeter and outside its control. This is the exposure that converts individual education risks into portfolio-level correlated loss, and Verizon's 2026 DBIR reported third parties featuring in 48% of breaches with supply-chain breaches up 60% year over year.","SIS, LMS and assessment vendors (aggregation nodes) | Managed service providers and regional education service agencies | Cloud tenancies (Microsoft 365, Google Workspace) and OAuth token estates | Federated identity providers and SSO trust fabric (Shibboleth, InCommon, eduGAIN) | Managed file transfer and data exchange platforms | Payment processors, tuition plans and collections agencies | Library systems, catalogues, e-resource and publisher platforms | Transcript, credentialing, admissions and enrolment-verification services | Backup, DR and archival providers | Student wellbeing, tutoring, safety-monitoring and communications apps"
"Energy and Utilities","hazard","Initial Access Vectors","How ransomware actors first get into energy/utility environments. Credential-based and edge-device intrusions dominate; the sector's large geographically distributed remote-access footprint (substations, wells, pump stations, SCADA remote sites) widens the attack surface.","Stolen/compromised credentials (IBM: #1 vector at 16%; e.g., Conpet infostealer on an IT admin's personal device) | Infostealer malware harvesting VPN/WSUS/RDP credentials from employee or contractor devices | Internet-facing VPN, firewall, and remote-access appliance exploitation (Fortinet/Citrix/Ivanti-class edge devices) | Phishing / business email compromise (energy/utilities are hit harder by email-borne attacks than most sectors) | Abuse of legitimate internal infrastructure (e.g., WSUS/patch-management to push a malicious 'fake update' at Conpet) | Exploitation of unpatched internet-facing enterprise apps and public-facing customer/billing portals | Third-party/vendor and MSP remote-access compromise"
"Energy and Utilities","hazard","Extortion Tactics","How actors monetize access. The sector's criticality makes public/regulatory pressure especially potent, so exfiltration-led multi-extortion is now more common than pure encryption.","Encryption of IT systems (production planning, shipment tracking, billing, ERP) | Data exfiltration + leak-site publication (double extortion; e.g., ALPHV 150GB from Creos/Encevo, Qilin ~1TB from Conpet) | Triple extortion: added pressure via press/regulators, and threats to customers/partners whose data was stolen | Threat/harassment of executives, employees, and Petro-Points/loyalty-style customer bases | DDoS as an added coercion layer | Auctioning/selling stolen files to highest bidder (RansomHub model) | Geopolitical/hacktivist extortion and 'name-and-shame' with no intent to decrypt (e.g., Handala targeting Gulf oil majors)"
"Energy and Utilities","hazard","OT vs IT Risk (Cyber-Physical)","The defining hazard of this sector: the interface between enterprise IT and operational technology (ICS/SCADA/DCS) controlling physical energy flows. IT-only ransomware routinely forces OT shutdowns, and OT-capable malware threatens physical damage.","Precautionary OT shutdown after an IT-only breach (Colonial Pipeline 6-day halt; Conpet isolated systems) | Flat/poorly-segmented IT-OT networks allowing lateral movement into control systems | SCADA / DCS / HMI / historian compromise and loss of view or loss of control | OT-specific/ICS-tailored malware (e.g., FrostyGoop manipulating Modbus TCP/502; EKANS/Snake targeting ICS processes) | Legacy/unpatchable OT assets and long OT maintenance windows | Safety-instrumented-system (SIS) risk and potential for physical damage to turbines, pipelines, transformers | Dragos: 25% of observed OT ransomware cases involved full OT-site shutdown, 75% caused some operational disruption"
"Energy and Utilities","hazard","Third-Party & Supply-Chain Risk","Energy relies on dense webs of vendors, EPC contractors, oilfield-service firms, software providers, and interconnected operators, so one compromise cascades across the value chain.","Oilfield-services and drilling contractors as chokepoints (Halliburton disruption rippled to E&P customers) | ICS/automation vendors and remote-maintenance access (e.g., Schneider Electric compromise affecting industrial customers) | Managed service providers and shared IT platforms across utility groups | Software/firmware supply-chain and update-mechanism abuse | Fuel-retail and payment/POS processors (Suncor/Petro-Canada payment outage at 1,500+ stations) | Interconnected grid/pipeline operators and shared SCADA telemetry | Metering, AMI, and smart-grid device supply chain"
"Energy and Utilities","hazard","Insider & Human-Factor Risk","Privileged operators, field technicians, and contractors expand exposure; personal-device and credential hygiene gaps are recurrent root causes.","Privileged IT/OT administrator credential theft (Conpet root cause) | Use of personal/unmanaged devices for work access | Contractor and seasonal/field-workforce access sprawl | Weak MFA coverage on remote-access and OT jump hosts | Malicious or negligent insiders with SCADA access"
"Energy and Utilities","hazard","Regulatory, Legal & Reputational Exposure","Energy is heavily regulated as critical infrastructure; incidents trigger mandatory reporting, sanctions-screening on ransom payment, and public/political scrutiny.","NERC CIP (bulk power) and TSA pipeline security-directive obligations | CISA/CIRCIA and national-CERT incident-reporting mandates; SEC 8-K materiality disclosure (Halliburton) | OFAC sanctions exposure when paying ransom to sanctioned/Russian-linked groups | Data-protection/privacy penalties (GDPR in EU; customer PII breaches) | State/national-security scrutiny and geopolitical targeting of energy assets | Litigation and shareholder/stock impact from disclosed material incidents"
"Energy and Utilities","exposure","Operational Technology & Control Systems","The physical-process control estate unique to energy/utilities — the crown-jewel exposure whose compromise or precautionary shutdown halts energy delivery.","SCADA systems and RTUs/PLCs at pipelines, substations, wells, pump/compressor stations | Distributed control systems (DCS) at power plants and refineries | Human-machine interfaces (HMIs), engineering workstations, and OT historians | Safety-instrumented systems (SIS) and protective relays | Modbus/DNP3/IEC-61850 industrial protocol networks | Grid/AMI smart-meter and distribution-automation infrastructure"
"Energy and Utilities","exposure","Enterprise IT & Business-Critical Applications","Corporate systems that, when encrypted, stop planning, dispatch, trading, and revenue — the layer most ransomware actually hits.","Production-planning and shipment/logistics-tracking systems (Halliburton) | ERP, SCM, and asset-management platforms | Energy-trading, scheduling, and settlement systems | Billing, metering-to-cash, and customer-information systems (CIS) | Email, identity/Active Directory, and VPN/remote-access infrastructure | Backup and disaster-recovery systems (targeted to force payment)"
"Energy and Utilities","exposure","Customer-Facing & Retail Systems","Public-facing and downstream retail exposure, particularly acute for utilities and fuel-retail operators.","Fuel-retail POS and electronic-payment systems (Suncor/Petro-Canada: 1,500+ stations to cash-only) | Customer web portals and mobile apps (Creos/Enovos portals knocked offline) | Loyalty/rewards platforms and member databases (Petro-Points) | Outage-reporting and customer-service systems | Prepay/smart-meter customer accounts"
"Energy and Utilities","exposure","Sensitive Data Assets","Data types whose theft drives extortion, regulatory penalties, and national-security concern.","Customer PII and payment/loyalty data | Employee PII, HR records, passport/ID scans (Conpet, Creos) | Confidential contracts, agreements, invoices, financial records | Engineering diagrams, pipeline/grid schematics, and control-system documentation (national-security sensitive) | Geophysical/seismic, reserves, and exploration IP (oil & gas trade secrets) | Plaintext credentials and access secrets found in exfiltrated document troves (2,270+ credential-bearing files at Creos)"
"Energy and Utilities","exposure","Third Parties & Interconnections","External entities and links whose compromise transmits risk into or out of the operator.","Oilfield-service, drilling, and EPC contractors | ICS/automation vendors and remote-maintenance channels | Fuel/payment processors and retail franchisees | Interconnected pipeline/grid operators and shared telemetry | MSPs, IT outsourcers, and shared group-IT platforms | Software/firmware/update supply chain (WSUS abuse, vendor patches)"
"Finance and Insurance","hazard","Initial Access Vectors","How ransomware actors most commonly gain their initial foothold into financial and insurance institutions and their third-party ecosystems.","Exploitation of internet-facing remote-access appliances (e.g., Citrix NetScaler CVE-2023-4966/4967 in the ICBC incident) | Phishing and malicious links leading to credential/endpoint compromise (e.g., Evolve Bank & Trust employee click) | Stolen/leaked credentials sourced from infostealer logs (54% of ransomware victims per 2025 Verizon DBIR had prior credential exposure) | Compromise via a shared/downstream vendor rather than the institution's own perimeter (Frost/Citizens shared vendor; Deutsche Bank marketing-platform vendor) | Exploitation of unpatched known CVEs in edge/VPN infrastructure | Business email compromise as a precursor to ransomware deployment"
"Finance and Insurance","hazard","Extortion Tactics","The specific pressure mechanisms ransomware groups apply against financial and insurance victims, who are unusually sensitive to both downtime and disclosure.","Encryption of core systems to force operational downtime (classic single extortion) | Data exfiltration and double extortion (threat of publishing stolen customer/financial records - dominant pattern in nearly all example incidents above) | Leak-site countdown deadlines to pressure fast payment (e.g., Everest's 6-day deadline on Frost/Citizens) | Harassment of executives, customers, or regulators directly (naming institutions publicly, contacting affected customers) | Reputational/'shaming' posts calling out incident-response vendors or refusal to negotiate (ALPHV's public post against FNF) | Threats of onward sale of data to third parties rather than public leak, as a middle-ground pressure tactic (MAPFRE/Lapsus$)"
"Finance and Insurance","hazard","Systemic and Market-Contagion Risk","A hazard category distinct to this industry: ransomware against a single financial institution or vendor can cascade into broader market or payment-system disruption well beyond the immediate victim.","Disruption to trade clearing/settlement causing failed deliveries at a market level (ICBC: $62B+ in failed Treasury settlements in a single day) | Derivatives/clearing platform outages forcing manual processing across many institutions simultaneously (ION Group affecting 42+ clients) | Central bank/national payment infrastructure targeting with potential monetary-policy or public-confidence implications (Central Bank of Libya) | Contagion through banking-as-a-service and fintech partner networks, where one bank's compromise exposes many unaffiliated fintech brands' customers (Evolve Bank & Trust)"
"Finance and Insurance","hazard","Third-Party and Supply-Chain Risk","Given heavy outsourcing of processing, document fulfillment, and technology in this sector, a large share of recent notable incidents originate outside the named institution's own network.","Concentrated vendor risk - a single vendor compromise affecting multiple unrelated financial institutions (Frost Bank + Citizens Bank via shared print/fulfillment vendor) | Core processor/payments vendor compromise (Fiserv, TSYS-type entities appearing as ransomware group targets) | Fintech/BaaS partner-network exposure cascading to end consumers who never had a direct relationship with the breached entity | Marketing/loyalty platform vendors handling employee or partner data on the institution's behalf | Weak contractual/audit visibility into subcontractors' security posture (a recurring theme in post-incident litigation, e.g., GLBA vendor-accountability suits against Citizens/Frost)"
"Finance and Insurance","hazard","Regulatory and Legal Exposure","Ransomware incidents in finance and insurance trigger a dense, sector-specific web of regulatory obligations that amplify cost and compress response timelines relative to other industries.","Breach notification regimes with short/compressed timelines (contributing to elevated 'detection & escalation' cost share per IBM 2025 - ~34% in financial services vs ~29% global) | Sector-specific regulatory regimes (GLBA in the U.S., DORA in the EU, functional-regulator rules for banks/insurers) | SEC disclosure obligations for material cybersecurity incidents (as invoked in the FNF SEC filing) | State/national data-protection authority investigations (e.g., Spanish AEPD scrutiny in MAPFRE's 2021 incident) | Follow-on class-action litigation from affected customers, increasingly targeting both the breached entity and its vendors | AML/KYC and financial-stability regulator engagement when core systems or national payment infrastructure are affected"
"Finance and Insurance","hazard","Operational/Business-Continuity Risk","How ransomware-driven downtime specifically manifests in financial and insurance operations, which are unusually time-sensitive and trust-dependent.","Loss of access to trading/settlement systems forcing manual, error-prone workarounds | Branch, call-center, and digital-channel outages affecting customer-facing service availability | Delayed real estate closings/title transactions when escrow/title systems are down (FNF) | Claims-processing and underwriting delays in insurance operations | Reputational and customer-trust damage disproportionate to direct financial loss, given the sector's dependence on public confidence"
"Finance and Insurance","hazard","Insider and Human-Factor Risk","Human-driven vulnerabilities that ransomware actors exploit or that compound institutional exposure.","Single-employee phishing susceptibility as a root cause (Evolve Bank & Trust) | Inadequate or inconsistent security controls across a large branch/subsidiary/M&A footprint | Insider threats (raised as a growing concern in Coveware's late-2025 reporting alongside falling payment rates) | Vendor-employee access management gaps at outsourced processors"
"Finance and Insurance","exposure","Core Banking and Payment Systems","The transactional backbone of financial institutions - direct targets or collateral damage in ransomware incidents that can halt money movement itself.","Core banking platforms (deposit/loan servicing, account management) | Payment rails and settlement systems (ACH, wire, SWIFT interfaces, card networks) | Trading, clearing, and derivatives-processing platforms (e.g., ION-style trade/clearing software) | ATM and branch network infrastructure | Treasury and repo/settlement operations systems"
"Finance and Insurance","exposure","Customer and Counterparty Data (PII/PFI)","The high-value, highly regulated personal and financial data that makes this sector an attractive double-extortion target.","Personally identifiable information (SSNs/national IDs, addresses, DOB) | Account numbers, card PANs, IBANs, routing/wire details | Credit, income, and investment/portfolio data | KYC/AML documentation and identity-verification records | Insurance policy, claims, and underwriting data (medical, property, liability details) | Employee data and internal credentials/password hashes"
"Finance and Insurance","exposure","Third-Party, Vendor, and Fintech-Partner Ecosystem","Financial institutions increasingly outsource operational functions and partner with fintechs, creating shared/concentrated exposure where a single vendor breach cascades across multiple unrelated institutions and their end customers.","Banking-as-a-service (BaaS) infrastructure providers and their downstream fintech clients (e.g., Evolve Bank & Trust exposing Affirm, Wise, Mercury customers) | Statement printing, mailing, and document-fulfillment vendors (e.g., Frost/Citizens shared vendor) | Marketing, loyalty, and incentive-platform vendors serving bank sales partners (e.g., Deutsche Bank third-party marketing platform) | Core-processing and payments technology vendors (e.g., Fiserv, TSYS-type processors) | Title, escrow, and closing-services platforms tied to real estate transactions (e.g., FNF) | Credit bureaus, KYC/identity-verification, and data-aggregation partners | Managed IT/security service providers and outsourced call centers"
"Finance and Insurance","exposure","Market Infrastructure and Institutional Systems","Systems whose disruption has effects beyond the victim institution, spilling into broader market functioning - a distinguishing feature of ransomware exposure in this sector versus most others.","Derivatives and securities clearing/settlement pipelines | Central bank and national payment-system infrastructure | Correspondent banking and interbank messaging systems | Credit union and community bank shared-service platforms | Regulatory reporting and financial-market-utility interfaces"
"Finance and Insurance","exposure","Digital and Remote-Access Channels","Customer- and employee-facing digital surfaces that both enable ransomware entry and represent business-continuity exposure if taken offline.","Online and mobile banking/insurance portals | Remote-access and VPN/Citrix infrastructure (a documented entry point, e.g., ICBC/CVE-2023-4966-4967) | Email and collaboration systems | Call center and customer service platforms | Employee remote-work endpoints and credentials"
"Finance and Insurance","exposure","Corporate, Legal, and Governance Records","Non-customer data whose exposure drives regulatory, legal, and reputational consequences distinct from direct financial fraud.","Board/executive communications and M&A-sensitive information | Internal audit, compliance, and regulatory-exam records | Litigation and legal-hold materials | Vendor contracts and risk-assessment documentation | Employee HR and payroll records"
"Healthcare and Social Assistance","hazard","Initial Access Vectors","How ransomware operators first gain a foothold in healthcare and social-assistance environments, which tend to run large numbers of internet-facing legacy systems, remote-access tools for clinicians/vendors, and understaffed security teams.","Exploitation of unpatched, internet-facing VPN/remote-access appliances and edge devices (a leading Verizon DBIR-cited vector for healthcare breaches, up sharply year over year) | Compromised or purchased VPN/RDP/Citrix credentials, including credentials harvested by infostealer malware from employee or third-party devices (ransomware.live 'infostealer' telemetry shows large stealer-log exposure tied to healthcare victims, e.g. Medibank) | Phishing and business-email-compromise targeting clinical, billing, and admin staff | Compromise of managed service providers (MSPs), IT vendors, and EHR/practice-management software resellers who hold privileged access across many small provider networks | Exploitation of vulnerabilities in widely-deployed healthcare-adjacent software (file-transfer tools, VoIP/telehealth platforms, backup software) as mass 'one-to-many' entry points | Insider-enabled access or credential sale by disgruntled or compromised employees/contractors"
"Healthcare and Social Assistance","hazard","Extortion Tactics","The specific pressure mechanisms ransomware groups use against healthcare targets, which are unusually effective against this sector because of patient-safety stakes and the sensitivity of medical data.","Encryption of clinical, administrative, and financial systems (EHR, PACS, pharmacy, lab, scheduling) forcing 'downtime procedures' and patient diversion | Data exfiltration and double/triple extortion — publishing or threatening to publish stolen PHI on leak sites (roughly three-quarters of recent healthcare cases reportedly involve exfiltration, per Coveware) | Targeted harassment of especially vulnerable patients using stolen sensitive records (e.g., ALPHV/BlackCat's publication of nude cancer-patient treatment photos at Lehigh Valley Health Network; Medibank attackers publishing abortion and addiction-treatment records) to increase payment pressure | Direct extortion emails/calls to patients or plan members threatening individual data release unless the organization (or the individual) pays | DDoS attacks layered on top of encryption/exfiltration to pressure incident-response teams | 'Re-victimization' — re-posting or re-selling the same stolen healthcare dataset by multiple groups or brokers after an initial attack (dispossessor/second-hand leak listings observed in the dataset)"
"Healthcare and Social Assistance","hazard","Third-Party / Supply-Chain Risk","Healthcare is unusually dependent on a small number of concentrated technology and services intermediaries (claims clearinghouses, pathology/lab partners, billing processors, EHR vendors), making single points of failure catastrophic and systemic.","Claims clearinghouse / revenue-cycle processor compromise (Change Healthcare/Optum — processes ~15 billion transactions/year, roughly a third of US patient records, per reporting) causing nationwide billing and pharmacy disruption far beyond the direct victim | Pathology, lab, and diagnostic-services partner compromise (Synnovis attack on NHS London trusts) halting blood testing and surgeries at hospitals that never touched the attacker directly | EHR, practice-management, and medical-billing software vendor compromise cascading to hundreds of downstream clinics/practices | Managed IT/security services provider compromise granting simultaneous access to many hospital or clinic networks | Business-associate and vendor risk under HIPAA — breach liability extending to the covered entity even when the incident originates at a subcontractor | Group-purchasing, supply, and medical-device-maintenance vendors as pivot points into hospital networks"
"Healthcare and Social Assistance","hazard","OT / Medical-Device and Clinical-Operations Risk","Unlike most sectors, ransomware in healthcare directly threatens physical patient safety through disruption of connected medical equipment and clinical workflows, not just IT/data confidentiality.","Forced downtime/diversion of ambulances and emergency departments during EHR outages (documented at UHS 2020 and other hospital-system attacks) | Disruption of networked medical devices, infusion pumps, imaging/PACS systems, and lab analyzers that depend on now-encrypted or isolated networks | Delayed or cancelled surgeries, chemotherapy, dialysis, and elective procedures during recovery windows | Documented contribution to patient harm/death from care delays (UK Coroner findings tied delayed blood-test results after the Synnovis attack to a patient death) | Reversion to paper-based/manual clinical documentation for weeks, increasing medication and diagnostic error risk | OT/IT convergence risk in hospital facilities systems (HVAC, building access, refrigeration for pharmaceuticals/blood products)"
"Healthcare and Social Assistance","hazard","Regulatory and Legal Exposure","Healthcare carries some of the heaviest breach-notification, privacy, and liability regimes of any industry, amplifying the downstream cost of a ransomware event well beyond technical remediation.","HIPAA/HHS OCR breach notification, investigation, and potential civil monetary penalties (US) | State attorney-general actions and multistate settlements | Mass tort / class-action litigation from affected patients (e.g., $65M Lehigh Valley Health Network settlement; CommonSpirit and HCA class actions) | GDPR and equivalent international health-data protection regimes for multinational providers and insurers | Government/parliamentary inquiries and mandatory incident reporting for public health systems (Ireland's HSE, UK NHS) | Loss of accreditation, payer contract, or Medicare/Medicaid compliance risk tied to prolonged system unavailability | Cyber-insurance coverage disputes and sub-limits given the scale of potential claims in this sector"
"Healthcare and Social Assistance","hazard","Insider and Workforce Risk","The sector's large, high-turnover clinical and administrative workforce, broad system-access footprint, and understaffed security teams create distinct human-layer exposure.","Widespread, broad EHR access privileges among clinical staff increasing blast radius of a single compromised account | Credential reuse and shadow-IT tools (e.g., unsanctioned messaging/file-sharing apps used by clinicians) bypassing security controls | Chronic cybersecurity staffing/budget shortfalls relative to IT complexity, especially at rural hospitals, nursing homes, and behavioral-health/social-assistance providers | Third-party staffing and locum/travel clinician access management gaps | Social engineering of help-desk/password-reset workflows (a rising vector per 2025-2026 reporting, including at Change Healthcare-adjacent and other large-health-system incidents)"
"Healthcare and Social Assistance","exposure","Electronic Health Record (EHR) and Clinical Documentation Systems","Core systems storing and managing patient charts, orders, and treatment history; encryption or unavailability directly halts clinical operations.","Hospital/health-system EHR platforms (Epic, Oracle Health/Cerner, MEDITECH, etc.) | Ambulatory/practice-management systems for clinics and physician groups | Behavioral health and long-term-care/nursing-home record systems | Clinical order-entry and e-prescribing systems"
"Healthcare and Social Assistance","exposure","Medical Imaging, Lab, and Diagnostic Systems","Specialized clinical systems and connected devices whose disruption halts diagnosis and treatment pathways.","PACS (Picture Archiving and Communication Systems) and radiology imaging archives | Laboratory Information Systems (LIS) and pathology/blood-testing platforms (e.g., Synnovis) | Connected medical IoT devices (infusion pumps, monitors, ventilators, imaging modalities) | Genomic/molecular diagnostics data"
"Healthcare and Social Assistance","exposure","Claims, Billing, and Revenue-Cycle Infrastructure","Financial and administrative processing systems, often centralized in a small number of national clearinghouses, that create systemic single points of failure.","Claims clearinghouses and eligibility-verification platforms (e.g., Change Healthcare/Optum) | Medical billing and coding service providers | Prior-authorization and utilization-management systems | Pharmacy benefit and prescription-processing networks | Payment/reimbursement processing tied to Medicare/Medicaid and commercial payers"
"Healthcare and Social Assistance","exposure","Telehealth and Remote-Care Platforms","Patient-facing digital care delivery channels that expand the network's external attack surface.","Telehealth/video-visit platforms | Remote patient monitoring and wearable-device data feeds | Patient portals and appointment-scheduling systems"
"Healthcare and Social Assistance","exposure","Protected Health Information (PHI) and Personal Data","The core data asset that makes healthcare an attractive double-extortion target, spanning highly sensitive clinical and identity data.","Patient demographic and insurance/Medicare-Medicaid identifiers | Clinical/treatment records including mental health, substance-abuse, and reproductive-health data | Sensitive images (e.g., oncology treatment photos leaked at Lehigh Valley Health Network) | Genetic and biometric data | Social Security numbers, financial and payment-card data collected for billing"
"Healthcare and Social Assistance","exposure","Third-Party and Vendor Ecosystem","The dense web of business associates and downstream partners that extend a healthcare organization's effective risk surface far beyond its own network.","EHR, practice-management, and health IT software vendors | Managed service providers (MSPs) and IT outsourcers serving multiple clinics/hospitals | Medical billing/collections and revenue-cycle-management firms | Lab, imaging, and pathology outsourcing partners | Staffing agencies and home-health/senior-care service providers | Health insurers and third-party administrators handling member PHI"
"Healthcare and Social Assistance","exposure","Physical/Operational Continuity Systems","Facility and logistics systems whose disruption has direct patient-safety consequences distinct from pure data risk.","Ambulance/EMS dispatch and diversion coordination | Pharmacy and blood-bank inventory/cold-chain management systems | Hospital building management/access-control systems | Emergency department and OR scheduling systems"
"Information Technology","hazard","Initial Access Vectors","How ransomware operators break into IT-sector firms. The sector's large internet-facing attack surface (the very appliances and products it builds and operates) makes edge exploitation and credential abuse dominant.","Exploitation of internet-facing/VPN and edge appliances (e.g., Palo Alto GlobalProtect at Ingram Micro, Fortinet/Citrix, Microsoft Exchange as used against Acer) | Exploitation of managed file transfer / edge software (MOVEit, GoAnywhere, Accellion) for mass exfiltration | Leaked or purchased credentials and infostealer logs (initial-access-broker marketplaces) | Abuse of remote monitoring & management (RMM) and remote-access tooling | Phishing / social engineering of admins and developers | Exploitation of zero-day/n-day vulnerabilities in the vendor's own shipped products, turning the product into an attack vector against customers"
"Information Technology","hazard","Extortion Tactics","IT firms face the full multi-extortion playbook; data-theft and source-code/IP leak threats are especially potent because reputation and confidentiality are core to the business.","Encryption of production, build/CI-CD and virtualization (VMware ESXi) systems | Data exfiltration and public leak-site publication (double extortion) | Triple/quadruple extortion: DDoS and direct harassment of the victim's downstream customers, partners and employees | Threatened disclosure of source code, product blueprints and signing keys/certificates | Ransom escalation and event-timed pressure (e.g., REvil publicizing Quanta/Apple leak during Apple's launch event)"
"Information Technology","hazard","Supply-Chain and Downstream Cascade Risk","The signature hazard of the IT industry: because these firms are technology suppliers, a single compromise propagates to their entire customer base, creating catastrophic aggregation/accumulation risk for insurers.","MSP/RMM platform compromise cascading to managed clients (Kaseya VSA -> up to ~1,500 downstream businesses) | SaaS/hosted-platform outage cascading to customer operations (CDK Global -> ~15,000 dealerships) | Distribution/reseller channel disruption halting downstream commerce (Ingram Micro order processing) | Software-supply-chain / trojanized-update or embedded-product-vulnerability propagation (MOVEit -> 2,700+ organizations) | Cloud/subprocessor concentration and single-points-of-failure shared across many tenants"
"Information Technology","hazard","Intellectual Property and Source Code Theft","IT firms hold uniquely high-value technical IP whose theft is itself the extortion leverage, independent of encryption.","Product designs and hardware blueprints (Quanta/Apple device schematics) | Semiconductor / chip design and EDA data (ARM, Synopsys as recent leak-site claims) | Proprietary source code and algorithms | Code-signing keys, certificates and secrets enabling further supply-chain abuse | Trade secrets, roadmaps and confidential customer contracts"
"Information Technology","hazard","Third-Party, Vendor and Concentration Risk","Dependence on shared infrastructure and a dense web of subprocessors amplifies both the likelihood and blast radius of incidents.","Shared cloud/hosting infrastructure and multi-tenant architecture | Subprocessor and nested-vendor dependency chains | Data-processor liability for downstream clients' data held on behalf of customers | Concentration of many customers on one platform (systemic insurer accumulation risk)"
"Information Technology","hazard","Regulatory, Legal and Contractual Exposure","IT breaches trigger outsized legal and disclosure consequences given the volume of third-party data and public-company status of many victims.","SEC cyber-incident disclosure obligations and investigations (SEC probe of Progress Software/MOVEit) | GDPR and global breach-notification statutes across many jurisdictions | Mass class-action litigation (MOVEit spawned dozens of suits, 40M+ claimants) | Contractual SLA penalties, indemnities and customer breach-of-contract claims | Cross-border data-transfer and sovereignty complications"
"Information Technology","hazard","Insider, Identity and Privileged-Access Risk","IT staff hold the keys to both their own and customers' environments, making identity compromise and privileged-access abuse especially damaging.","Compromise of privileged admin / domain-admin and cloud root credentials | Developer credential and secrets theft (repo tokens, API keys) | Initial-access-broker recruitment and insider collusion | Weak MFA / SSO federation abuse across tenants"
"Information Technology","hazard","Infrastructure and Availability Risk (IT/Data-Center)","For the IT sector the critical 'operational technology' is the data center, network and cloud fabric; loss of availability is the primary business-interruption driver rather than physical production lines.","Data-center / colocation and network-operations disruption | Backup and disaster-recovery system targeting (attackers delete/encrypt backups first) | Virtualization and hypervisor mass-encryption (ESXi) | Prolonged availability loss and business-interruption for both victim and downstream customers"
"Information Technology","exposure","Software Development and Source-Code Assets","The crown-jewel assets unique to technology firms; their exposure enables both direct IP loss and downstream supply-chain compromise.","Source-code repositories (Git/GitHub/GitLab/Bitbucket) | CI/CD build and release pipelines | Code-signing keys and certificates | Container registries and artifact stores | Product designs, hardware blueprints and chip/EDA design data"
"Information Technology","exposure","Customer-Facing SaaS / Cloud Platforms","The revenue-generating production systems whose downtime directly halts thousands of customers.","Production application and hosting environments | Multi-tenant customer databases and data lakes | Customer portals, dashboards and public APIs | Licensing, provisioning and entitlement systems"
"Information Technology","exposure","Managed-Services and Remote-Management Infrastructure","Tooling that grants privileged reach into customer estates, making it a high-value pivot for cascade attacks.","RMM platforms (e.g., Kaseya VSA) | MSP management consoles and multi-tenant admin planes | Remote-access/jump hosts and privileged-access management | Monitoring, patching and orchestration tooling"
"Information Technology","exposure","Corporate IT, Identity and Edge Systems","The internal backbone whose compromise enables lateral movement and encryption.","Active Directory / Entra ID and SSO/identity federation | VPN and internet-facing edge appliances (GlobalProtect, Fortinet, Citrix) | Managed file transfer appliances (MOVEit, GoAnywhere) | Virtualization (VMware ESXi), email and collaboration systems | Backup and disaster-recovery infrastructure"
"Information Technology","exposure","Customer, Employee and Third-Party Data","IT firms hold vast volumes of both their own and their customers' data as processors, magnifying breach-notification and liability exposure.","Customer PII and account credentials | Contract, service-order and billing data (e.g., NTT Com 17,891 organizations) | Employee and applicant records (e.g., Ingram Micro ~42,000 records) | Downstream clients' data held as a data processor | Confidential customer contracts, purchase orders and roadmaps (Tata Technologies leak)"
"Information Technology","exposure","Distribution, Logistics and Commerce Systems","For IT distributors/resellers and platform providers, transactional systems are the business; their loss stops downstream commerce.","Order-processing and e-commerce systems (Ingram Micro) | ERP, inventory and channel-management platforms | Dealer/reseller management SaaS (CDK Global DMS) | Payment and licensing/activation systems"
"Information Technology","exposure","Downstream Ecosystem and Supply-Chain Relationships","The third parties whose exposure flows through the IT firm, creating aggregation risk.","MSP-managed client estates | Reseller/distributor channel and end customers | Subprocessors, cloud providers and integration partners | Hardware and component supply chain (OEM/ODM relationships, e.g., Quanta as Apple ODM)"
"Information Technology","exposure","Intellectual Property and Trade Secrets","High-value proprietary knowledge whose exfiltration is itself the extortion leverage.","Semiconductor and chip-design IP / EDA data | Proprietary algorithms, models and product roadmaps | Unreleased product blueprints and schematics | Trade secrets and competitive/strategic documents"
"Manufacturing","hazard","Initial Access Vectors","How ransomware actors first breach manufacturing environments; in this sector, exposed remote-access infrastructure and unpatched perimeter/OT-adjacent systems dominate over other industries' typical phishing-first patterns, though phishing remains prevalent too.","Exposed/unsecured RDP and remote-access services (documented initial vector in the Honda/EKANS 2020 case) | Exploited public-facing vulnerabilities (leading root cause per Sophos 2025, 32% of manufacturing incidents; e.g., Citrix NetScaler CVE exploited by INC Ransom) | Phishing/spearphishing and malicious email attachments (Norsk Hydro's LockerGoga entry point) | Compromised/stolen credentials, including via infostealer malware | Malicious browser downloads by employees (Continental AG 2022 vector) | Third-party/vendor/MSP remote-access compromise"
"Manufacturing","hazard","Extortion Tactics","The mechanisms attackers use to monetize a manufacturing compromise, increasingly shifting from pure encryption toward data theft as manufacturers improve encryption-prevention (per Sophos 2025: encryption success dropped from 74% to 40% YoY).","Encryption of production/IT systems (traditional single-extortion, e.g. Norsk Hydro, Honda) | Data exfiltration and double-extortion (leak-site publication threats, e.g. Continental, Nissan, Yamaha) | Backup destruction to eliminate recovery options and increase payment pressure (Foxconn Mexico: 20-30TB of backups deleted) | Deadline-driven public leak-site pressure campaigns | Triple extortion (secondary harassment of customers/partners named in stolen data, or DDoS layered on top) | Direct sale of stolen IP/data to third parties independent of ransom negotiation (Continental data offered for sale at $50M/$40M)"
"Manufacturing","hazard","OT vs. IT Risk Differentiation","Manufacturing's unique bifurcated risk profile — attacks can remain IT-contained (data theft) or cross into OT (halting physical production), with dramatically different loss profiles.","Pure-IT compromises with data-theft-only impact and limited production disruption | IT-to-OT lateral movement causing plant/production shutdowns | Purpose-built OT/ICS-targeting malware (e.g., Snake/EKANS designed to kill SCADA-associated processes) | Precautionary self-imposed shutdowns to contain spread (Bridgestone's proactive disconnection of ~30 plants) | Safety-system and physical-safety risk where OT compromise intersects with worker/product safety"
"Manufacturing","hazard","Supply Chain and Business Interruption Risk","Because manufacturers sit inside just-in-time, tightly coupled supply chains, a single-site ransomware event can cascade into contingent business interruption for downstream customers and upstream suppliers well beyond the insured's own balance sheet.","Contingent business interruption to downstream OEM customers relying on JIT delivery | Upstream supplier/sub-contractor compromise propagating into the manufacturer's network | Multi-plant/multi-region shutdowns from a single network-wide compromise (Bridgestone: ~30 plants, 10 days) | Extended full-recovery timelines (100+ days per Sophos 2024 data) prolonging revenue loss beyond initial outage"
"Manufacturing","hazard","Third-Party and Vendor/MSP Risk","Reliance on external integrators, MSPs, and cloud/SaaS platforms for both IT and OT management creates an attack surface outside the manufacturer's direct control.","Compromise via managed service providers or OT system integrators with standing remote access | Shared/interconnected supplier portals and EDI systems as lateral-movement paths | Cloud ERP/MES vendor compromise cascading to multiple manufacturing clients | Sub-tier supplier ransomware indirectly halting the insured's production (contingent BI exposure)"
"Manufacturing","hazard","Insider and Human-Factor Risk","Human error and workforce-related exposure that manufacturers must underwrite alongside pure technical vulnerability.","Employee-initiated compromise (malicious downloads, credential reuse, phishing susceptibility) | Insufficient in-house security expertise to detect/respond in time (cited by 42.5% of manufacturing ransomware victims per Sophos 2025) | Disgruntled or negligent insiders with OT/production-system access | Contractor and temporary-worker access-control gaps on factory floors"
"Manufacturing","hazard","Regulatory, Legal, and Notification Exposure","Post-incident compliance and liability obligations that shape the insurable loss beyond the ransom/recovery cost itself, particularly where employee, customer, or government-ID data is exposed.","Multi-jurisdictional breach-notification requirements for exposed employee/customer PII (e.g., Nissan's ~100,000-person notification across Australia/New Zealand) | Government-ID and financial-data exposure triggering elevated regulatory scrutiny (Medicare numbers, driver's licenses, passports, tax file numbers, SSNs, banking data seen across the example incidents) | Export-control and trade-secret protection obligations for defense/aerospace-adjacent manufacturers | Securities-disclosure obligations for publicly traded manufacturers (material incident/8-K-style disclosures) | Cross-border data-transfer and subsidiary-notification complexity for multinational manufacturers"
"Manufacturing","exposure","Operational Technology / Industrial Control Systems (OT/ICS/SCADA)","Physical production infrastructure that, unlike pure IT, ties ransomware impact directly to safety and physical output — the defining exposure that differentiates manufacturing from most other insured industries.","Programmable Logic Controllers (PLCs) and Distributed Control Systems (DCS) | SCADA/HMI supervisory systems | Industrial IoT (IIoT) sensors and connected machinery | Robotics and automated assembly-line controllers | Building/plant management systems (HVAC, energy, safety interlocks) converged with IT networks | Legacy/unpatched OT systems with long refresh cycles (10-20+ year equipment lifespans)"
"Manufacturing","exposure","Production and Manufacturing Execution Systems","Software layers that plan, schedule, and track physical production — encryption or corruption here halts output even if OT hardware itself is untouched.","Manufacturing Execution Systems (MES) | ERP systems tied to production scheduling and inventory (SAP, Oracle, etc.) | Quality-control and batch/lot-tracking systems | Warehouse management and inventory-control systems | Historian/data-collection servers bridging IT and OT"
"Manufacturing","exposure","Intellectual Property and Trade Secrets","Proprietary design, engineering, and process data that is high-value theft/extortion leverage distinct to manufacturers, especially in automotive, aerospace, electronics, and industrial-equipment segments.","CAD/CAM design files and product blueprints | Source code for embedded/firmware systems in products | R&D data and pre-release product specifications | Proprietary manufacturing process/recipe data | Patents and trade-secret documentation"
"Manufacturing","exposure","Supply Chain and Third-Party/Vendor Networks","Manufacturing's deep tiered-supplier interdependency means exposure extends well beyond the insured entity's own network perimeter.","Tier 1/2/3 supplier and subcontractor network connections (EDI, VPN, shared portals) | Just-in-time (JIT) logistics and shipping/freight coordination systems | Contract manufacturers and OEM/ODM partners | Third-party MSPs/OT integrators with remote access credentials | Raw material and component sourcing platforms"
"Manufacturing","exposure","Enterprise IT and Corporate Data","Conventional back-office systems that remain a primary initial-access and extortion target even in OT-heavy environments.","Employee PII/HR records (payroll, SSNs, government ID data — as seen in Bridgestone, Nissan incidents) | Financial and banking data | Customer and dealer/distributor records | Email and collaboration systems | Backup and disaster-recovery infrastructure (frequently targeted for deletion, as in the Foxconn Mexico case)"
"Manufacturing","exposure","Physical Plant and Multi-Site Infrastructure","Geographically distributed physical facilities whose network segmentation (or lack thereof) determines how far a single compromise can spread.","Multiple manufacturing plants/sites on shared corporate networks | Regional/subsidiary networks with varying security maturity (e.g., overseas subsidiaries) | Industrial network segmentation boundaries (IT/OT air gaps or lack thereof) | Remote/unmanned facility connections"
"Professional, Scientific, Technical Services, Real Estate and Wholesale Trade","hazard","Initial access vectors","How ransomware/extortion actors first get in, tailored to how this sector's workforce and infrastructure typically operate.","Voice phishing (vishing) targeting IT helpdesk/employees to obtain SaaS/CRM credentials (Cushman & Wakefield/ShinyHunters pattern) | Business email compromise / spear-phishing against client-facing consulting, legal, and accounting staff | Exploited VPN/RDP and edge-device vulnerabilities into MSP and IT-services provider networks | Infostealer malware harvesting employee and third-party credentials (RedLine, Lumma, generic stealers observed heavily across ransomware.live Business Services listings) | Compromise of exposed EDI, order-processing, and warehouse-management portals in wholesale/distribution firms | Compromised MSP/RMM tooling providing one-to-many access into multiple downstream client environments"
"Professional, Scientific, Technical Services, Real Estate and Wholesale Trade","hazard","Extortion tactics","How attackers monetize access once obtained, and how these tactics manifest specifically in professional/technical services, real estate, and wholesale trade.","Double extortion: encryption plus exfiltration threat of client/case data (law, accounting, consulting firms) | Pure data-exfiltration extortion without encryption, increasingly common via SaaS/CRM compromise (no file-encryption downtime, but reputational/regulatory leverage) | Leak-site 'countdown' publication of stolen client and employee data to pressure payment | Multi-group/competing extortion claims on the same victim (seen with Cushman & Wakefield, claimed by both ShinyHunters and Qilin) complicating incident response and negotiation | Harassment of downstream clients/customers whose data was exposed, used as secondary leverage against the professional-services victim | DDoS as an auxiliary pressure tactic during negotiation stand-offs"
"Professional, Scientific, Technical Services, Real Estate and Wholesale Trade","hazard","Third-party / supply-chain risk","This sector is disproportionately exposed because many of its firms are themselves vendors, integrators, or outsourced back-office providers to other companies.","MSP/IT-services compromise cascading into many downstream client organizations (Cognizant, Accenture, Sopra Steria pattern) | SAP/ERP consultancy and implementation-partner compromise exposing multiple enterprise clients' back-office systems (e.g., Megawork/SAP consultancy incident) | BPO/back-office outsourcing compromise exposing data the vendor processes on behalf of many end clients across other regulated industries (Conduent processing healthcare claims and payments for numerous government/commercial clients) | SaaS/CRM platform (e.g., Salesforce) compromise via a single vendor or employee credential exposing aggregated client contact/PII data across an entire real estate or professional-services portfolio | Franchise, staffing-agency, and subcontractor network risk in wholesale distribution and real estate where security posture varies widely by location"
"Professional, Scientific, Technical Services, Real Estate and Wholesale Trade","hazard","Confidentiality / privileged-data risk","Professional/technical services firms hold sensitive third-party information whose exposure carries outsized legal and reputational consequences.","Attorney-client privileged case files and litigation strategy documents (law firms) | M&A due-diligence, financial audit, and pre-earnings material non-public information (accounting/consulting firms) | Engineering drawings, architectural plans, and technical IP (engineering/technical consultancies) | Aggregated multi-client PII/PHI held by BPOs and claims processors, creating breach exposure that multiplies across every underlying client"
"Professional, Scientific, Technical Services, Real Estate and Wholesale Trade","hazard","Operational / logistics disruption","Hazards specific to wholesale trade and logistics operations where system downtime directly halts physical goods movement.","Warehouse management system (WMS) and inventory database encryption halting order fulfillment | Freight/transportation management system (TMS) and dispatch/scheduling outages delaying deliveries | EDI/order-processing system disruption breaking automated B2B ordering pipelines with retail/wholesale customers | Customer-facing portal outages (e.g., MyToll-style portals) degrading service visibility even when core freight movement continues"
"Professional, Scientific, Technical Services, Real Estate and Wholesale Trade","hazard","Insider and credential risk","Distributed, high-turnover workforces common to staffing, real estate brokerage, and professional-services firms increase credential and insider exposure.","Large contractor/gig and franchise workforces with inconsistent endpoint security and access controls | Privileged access by outsourced IT/helpdesk staff susceptible to social engineering | Departing-employee credential misuse in high-turnover brokerage/consulting environments"
"Professional, Scientific, Technical Services, Real Estate and Wholesale Trade","hazard","Regulatory and contractual exposure","Downstream regulatory and legal consequences distinctive to firms handling data on behalf of many regulated clients.","Multi-state breach notification obligations when a single incident exposes data spanning many client industries and jurisdictions (Conduent: multi-state AG enforcement, ~10+ class actions) | Contractual indemnification and liability clauses with enterprise clients whose data was exposed via the vendor | SEC disclosure obligations for publicly traded professional-services firms (Cognizant, Sopra Steria, Accenture, Conduent all filed material-impact disclosures) | Professional licensing/ethics exposure for law and accounting firms following confidentiality breaches"
"Professional, Scientific, Technical Services, Real Estate and Wholesale Trade","exposure","Client and case data","The core work-product and confidential records professional-services firms hold on behalf of clients.","Legal case files and privileged communications | Financial audit workpapers and tax filings | M&A/due-diligence data rooms | Consulting deliverables and strategic plans | Engineering designs, architectural plans, and technical specifications"
"Professional, Scientific, Technical Services, Real Estate and Wholesale Trade","exposure","CRM, sales, and SaaS platforms","Cloud-hosted customer/contact systems increasingly targeted directly rather than via on-prem encryption.","Salesforce and other CRM instances holding client and prospect PII (Cushman & Wakefield) | Marketing automation and email platforms | Cloud collaboration suites (M365/Google Workspace) and file-sharing repositories"
"Professional, Scientific, Technical Services, Real Estate and Wholesale Trade","exposure","ERP, back-office, and BPO processing systems","Systems that process transactional and often highly regulated data on behalf of multiple end clients.","SAP and other ERP implementations managed by consultancies for enterprise clients | Payment processing, healthcare-claims processing, and payroll systems run by BPOs (Conduent-style exposure) | HR/staffing databases and applicant records"
"Professional, Scientific, Technical Services, Real Estate and Wholesale Trade","exposure","Real estate-specific systems and data","Systems and data unique to commercial/residential real estate services firms.","Property management and lease/tenant databases | Building access-control and physical security systems (e.g., Open Options access-control platform incident) | Title, escrow, and transaction-closing data | Facilities/IoT building-management systems"
"Professional, Scientific, Technical Services, Real Estate and Wholesale Trade","exposure","Wholesale trade and logistics systems","Systems supporting the physical movement and distribution of goods.","Warehouse management systems (WMS) and inventory databases | Freight/transportation management and dispatch systems | EDI and automated B2B order-processing pipelines | Customer-facing tracking/shipping portals"
"Professional, Scientific, Technical Services, Real Estate and Wholesale Trade","exposure","Employee, contractor, and third-party data","Personal data of the firm's own workforce and its extended network of subcontractors/partners.","Employee PII and payroll/benefits records | Contractor and subcontractor databases | Franchise-network partner data | Third-party vendor and supply-chain contact information"
"Professional, Scientific, Technical Services, Real Estate and Wholesale Trade","exposure","Cloud/MSP infrastructure and credentials","The infrastructure and access pathways that, if compromised, enable one-to-many downstream compromise.","MSP/RMM remote-management tooling with privileged access to multiple client networks | Domain admin and Active Directory credentials | API keys and service-account credentials for interconnected client systems"
"Professional, Scientific, Technical Services, Real Estate and Wholesale Trade","exposure","Intellectual property and trade secrets","Proprietary technical and strategic information distinct to scientific/technical consultancies.","R&D and engineering IP | Proprietary methodologies and software (e.g., custom CRM/software platforms like All Gather CRM) | Competitive/strategic business intelligence"
"Public Administration (Government)","hazard","Initial Access Vectors","How ransomware operators break into government networks, shaped by legacy infrastructure, thin IT/security staffing, and heavy reliance on shared and outsourced systems.","Exploitation of unpatched internet-facing systems and legacy/end-of-life software (VPN concentrators, Citrix/RDP gateways, Exchange, file-transfer appliances like MOVEit) common in underfunded agencies | Exposed / brute-forced Remote Desktop Protocol (RDP) - the classic SamSam vector used against Atlanta | Phishing and business-email-compromise against government email accounts and elected officials | Stolen/valid credentials and weak or absent MFA on remote-access and privileged accounts | Compromise via managed service providers (MSPs) and shared statewide/county IT systems that serve many agencies at once | Third-party/software supply-chain compromise (e.g. mass-exploited file-transfer and remote-management tools)"
"Public Administration (Government)","hazard","Extortion Tactics","The leverage models used to coerce payment from public bodies, which typically resist paying, prompting escalation to data-leak and public-pressure tactics.","Encryption of servers/endpoints halting citizen-facing and back-office services (double-extortion base case) | Data exfiltration + public leak-site posting when governments refuse to pay (e.g. Rhysida dumping ~600GB from the British Library; Interlock posting 43GB from St. Paul; Play leaking Oakland data) | Publication/auctioning of citizen PII, employee HR/payroll files, and law-enforcement records to shame and pressure | Direct harassment / notification of affected citizens and media to amplify political pressure on officials | Framing attacks as acts of 'terrorism' / national-security events (Costa Rica) to maximize coercion | DDoS and repeat-attack threats layered on top of encryption (triple-extortion)"
"Public Administration (Government)","hazard","Service-Disruption / Availability Risk (mission-critical public services)","Government-specific operational hazards where downtime directly harms public safety and essential service delivery, not just revenue.","911 / emergency dispatch and first-responder CAD systems (impacted in Dallas) | Tax, revenue, customs, and treasury collection systems (Costa Rica Hacienda; Baltimore property transfers) | Benefits, social-security, and public-assistance payment systems (Costa Rican CCSS social security fund) | Courts, permitting, licensing, vital records, and land/property registries | Public utilities billing, water/electricity administrative systems, and municipal payment portals | Prolonged recovery windows (months) driven by legacy systems and limited in-house restoration capacity"
"Public Administration (Government)","hazard","OT / Critical-Infrastructure Adjacency","Where government IT connects to operational technology and public-safety infrastructure, expanding blast radius beyond data loss.","Municipal water and wastewater SCADA/OT overseen by public works departments | Traffic-management, transit, and public-lighting control systems | Public-utility (electric/water) operational systems run by state/municipal authorities | Emergency communications and radio infrastructure | IT/OT flat-network convergence in small municipalities lacking segmentation"
"Public Administration (Government)","hazard","Third-Party, Supply-Chain & Aggregation Risk","Systemic exposure unique to government's shared and outsourced service model, where one compromise cascades across many jurisdictions.","Managed service providers (MSPs) and IT contractors serving multiple municipalities simultaneously | Shared statewide platforms, county data centers, and regional cooperatives (single point of failure for many agencies) | SaaS/cloud vendors holding benefits, tax, and records data on behalf of agencies | File-transfer and remote-management software mass-exploitation events hitting many governments at once | Election-system and voter-registration vendor exposure (integrity and confidence risk)"
"Public Administration (Government)","hazard","Insider & Human-Factor Risk","Personnel-driven risk amplified by high staff turnover, large workforces, and thin security awareness in the public sector.","Negligent insiders (credential reuse, susceptibility to phishing, workaround shadow-IT during outages) | Malicious/disgruntled insiders and access-broker recruitment (Costa Rica alleged in-country facilitators) | Weak privileged-access governance and over-provisioned admin accounts | Elected-official and executive account targeting (high-value, low-training)"
"Public Administration (Government)","hazard","Regulatory, Legal & Political Exposure","Post-incident obligations and accountability pressures distinctive to public bodies answerable to citizens and oversight bodies.","Breach-notification and data-protection obligations (state breach laws, GDPR/UK-GDPR for foreign governments, sector rules) | Class-action litigation by affected citizens and employees over exposed PII | Public-records/FOIA scrutiny, legislative inquiries, and audits of the response | OFAC sanctions risk when a ransom would flow to a sanctioned group (constrains payment even if desired) | Political and electoral fallout, loss of public trust, and pressure on officials to restore service fast | National-security escalation for attacks on central-government institutions"
"Public Administration (Government)","hazard","Threat-Actor Landscape","The specific ransomware ecosystems and actor types repeatedly hitting government, blending crime and, at national level, state interests.","Financially-motivated RaaS crews prominent against government: Royal, Rhysida, Play, LockBit, BlackCat/ALPHV, Medusa, Interlock, Conti (defunct) | State-nexus / APT actors where extortion overlaps with espionage (Verizon 2025: espionage breaches up 163%, 28% also financially motivated) | Nation-linked operators (Iranian SamSam actors indicted for Atlanta; pro-Russian Conti against Costa Rica) | Initial-access brokers selling footholds into government networks"
"Public Administration (Government)","exposure","Citizen & Employee Data Assets","The sensitive personal and administrative records that make government a high-value data-extortion target.","Citizen PII (names, SSNs/national IDs, addresses, dates of birth) | Employee/HR and payroll data, including retirees and dependents (Dallas: 27,000+ notified; Columbus: ~500,000 files) | Tax, financial, and benefits records held by revenue and social-services agencies | Health/PHI held by public health, Medicaid, and social-services departments | Law-enforcement records, case files, and investigative data | Vital records (birth/death/marriage), land/property registries, and court records | Library/patron and CRM databases (British Library: ~500,000 files incl. user and staff data)"
"Public Administration (Government)","exposure","Core IT & Enterprise Systems","The back-office and productivity systems whose encryption halts government operations.","Active Directory / identity and access management (prime ransomware target for domain-wide encryption) | Email and collaboration platforms (Baltimore staff forced to Gmail workarounds) | ERP / finance / procurement and payroll systems | File servers, document-management and records systems | Endpoints and laptops (Sophos: ~56% of government machines impacted on average per attack) | Backup and disaster-recovery infrastructure (targeted to prevent restoration)"
"Public Administration (Government)","exposure","Citizen-Facing Service Platforms","The public service-delivery systems whose downtime directly harms residents.","Online payment portals and municipal e-services (St. Paul, Baltimore) | Permitting, licensing, and business-registration systems | Tax/revenue and customs collection systems (Costa Rica; Baltimore) | Benefits, social-security, and public-assistance disbursement systems | Court e-filing and case-management systems | Public Wi-Fi and website/portal infrastructure (British Library, St. Paul)"
"Public Administration (Government)","exposure","Public-Safety & Emergency Systems","Life-safety systems whose disruption elevates a data incident to a public-safety emergency.","911 / emergency dispatch and computer-aided-dispatch (CAD) (Dallas) | First-responder and police/fire records and communications | Emergency notification and alerting systems | Jail/detention and body-camera/evidence management systems"
"Public Administration (Government)","exposure","Operational Technology & Municipal Infrastructure","Physical-world control systems owned or overseen by government bodies.","Water/wastewater SCADA and public-works OT | Traffic, transit, and street-lighting control systems | Municipal utility (electric/water) operational systems | Building-management and physical-access-control systems"
"Public Administration (Government)","exposure","Third-Party & Shared-Service Dependencies","External providers and shared platforms whose compromise exposes the agency (aggregation risk).","MSPs, IT contractors, and outsourced help-desk/network providers | Shared statewide/county data centers and regional service cooperatives | Cloud/SaaS vendors for benefits, tax, HR, and records processing | File-transfer and remote-management software (MOVEit-style mass-exploit exposure) | Election and voter-registration technology vendors | Payment processors and identity-verification providers"
"Retail Trade and Consumer Services","hazard","Initial Access Vectors","How attackers first get in; retail/consumer-services shows a disproportionate reliance on social-engineering of people and processes rather than pure technical exploitation, reflecting large, distributed, high-turnover workforces and heavy reliance on outsourced IT support.","Help-desk/service-desk vishing and impersonation (Scattered Spider-style) | Third-party IT vendor or identity-provider (Okta/SSO) compromise | Exploited public-facing vulnerabilities (VPN, web app, edge devices) | SaaS/OAuth and connected-app abuse (e.g., fake Salesforce Data Loader) | Phishing/credential theft against store, warehouse, or corporate staff | Compromised franchise or dealer-network credentials"
"Retail Trade and Consumer Services","hazard","Extortion Tactics","The dominant tactic in this sector is shifting from encryption toward pure data-theft extortion, but encryption-driven operational shutdown remains the most financially destructive variant when it occurs.","Traditional encryption of ERP/POS/inventory systems (operational shutdown) | Extortion-only data exfiltration with no encryption (fastest-growing tactic) | Double extortion (encrypt + threaten to leak) | Direct executive/leadership harassment (calls, Teams messages, emails to C-suite) | Deadline-based public leak-site threats naming victims before payment | Threats against downstream customers/members directly (name-and-shame of loyalty program members)"
"Retail Trade and Consumer Services","hazard","Operational and Store-Network Disruption","Because retail margins depend on continuous inventory flow and point-of-sale availability, ransomware's operational-availability impact (not just data loss) is often the largest cost driver in this industry.","Store-wide or chain-wide POS outages halting sales | Automated ordering/replenishment failure forcing manual (paper) processes | E-commerce/website downtime and lost online revenue | Warehouse and logistics disruption causing stockouts | Shared-platform outages cascading across many independent locations (franchise/dealer model)"
"Retail Trade and Consumer Services","hazard","Third-Party and Supply-Chain Risk","Concentration risk in a small number of shared SaaS, DMS, payment, and identity-provider vendors means a single compromise can simultaneously affect thousands of retail/consumer-services businesses.","Compromise of shared SaaS/DMS/CRM platforms serving many retailers at once | IT help-desk/outsourced support vendor compromise | Payment processor or gateway compromise | Franchise/multi-brand holding-company shared infrastructure | Fourth-party risk from vendors' own vendors"
"Retail Trade and Consumer Services","hazard","Insider and Human-Factor Risk","Sophos data shows retail has the highest rate of any surveyed sector attributing root cause to ""lack of in-house security expertise,"" reflecting thin IT/security staffing relative to large distributed physical footprints.","Under-resourced in-house security teams relative to store/location count | Susceptibility of frontline/call-center/help-desk staff to social engineering | High employee turnover complicating access management and training | Malicious or negligent insider access at franchise/third-party locations"
"Retail Trade and Consumer Services","hazard","Regulatory, Legal, and Disclosure Exposure","Consumer-facing businesses face a dense, overlapping set of breach-notification, payment-card, and consumer-protection obligations that amplify post-incident cost and litigation risk beyond the direct technical recovery.","PCI-DSS liability for payment card data exposure | State/federal breach-notification requirements (and UK/EU GDPR for multinational retailers) | Securities disclosure obligations for public companies (SEC 8-K, equivalent UK/other filings) | Class-action and consumer-litigation exposure over PII/loyalty-data theft | Regulatory scrutiny of ransom payments (OFAC-type sanctions risk on payment recipients)"
"Retail Trade and Consumer Services","hazard","Reputational and Customer-Trust Risk","Because purchase decisions in retail and consumer services are discretionary and brand-sensitive, publicized ransomware incidents translate directly into measurable revenue and market-value loss, distinct from the direct IR/ransom cost.","Customer churn and reduced footfall/online conversion post-incident | Stock price / market capitalization impact for public companies | Loyalty-program member attrition after data-theft disclosure | Franchise/brand-license reputational spillover across independently owned locations"
"Retail Trade and Consumer Services","exposure","Point-of-Sale (POS) and Payment Systems","In-store POS terminals, payment gateways/processors, e-commerce checkout flows, and PCI-scoped cardholder data environments. Encryption or manipulation of these systems can halt in-store sales entirely; breach of stored/tokenized card data drives PCI-DSS liability.","In-store POS terminals and card readers | Payment gateway / processor integrations | E-commerce checkout and shopping-cart platforms | Tokenization/PCI cardholder data environments | Gift card and loyalty-point redemption systems"
"Retail Trade and Consumer Services","exposure","Customer Data and CRM/Loyalty Platforms","Centralized repositories of customer PII, purchase history, and loyalty-program data, increasingly hosted in third-party SaaS/CRM platforms (e.g., Salesforce) that have become a primary extortion target independent of on-prem encryption.","Loyalty/membership program databases (names, DOB, contact info) | CRM/SaaS platforms (e.g., Salesforce instances, connected apps/OAuth grants) | Marketing and email/SMS platforms | Customer service and call-center/ticketing systems | Website account credentials and stored preferences"
"Retail Trade and Consumer Services","exposure","Supply Chain, Inventory, and Store Operations Systems","ERP, warehouse management, automated ordering, and inventory/replenishment systems whose disruption forces retailers back to manual, paper-based operations - the single biggest driver of revenue loss in major incidents like M&S.","ERP / enterprise resource planning platforms | Warehouse management and logistics/routing systems | Automated stock replenishment and ordering systems | Store network and in-store IT infrastructure (self-checkout, digital signage) | Click-and-collect / omnichannel fulfillment systems"
"Retail Trade and Consumer Services","exposure","Third-Party, Franchise, and Vendor/Dealer Networks","Retail and consumer-services businesses depend heavily on shared platforms (DMS/SaaS providers), franchise networks, and outsourced IT help desks, creating single points of failure that can cascade an attack on one vendor into thousands of affected businesses.","Shared SaaS/dealer-management-system providers (e.g., DMS platforms for auto dealers) | Franchise and multi-location operator networks | Outsourced/third-party IT help desks and identity providers (Okta and similar) | Payment processors and financial intermediaries | Marketing, loyalty, and analytics vendors with data-sharing access"
"Retail Trade and Consumer Services","exposure","Employee and HR Data","Large, often lower-wage, high-turnover workforces mean retailers and consumer-services firms hold extensive employee PII, frequently a secondary but highly damaging data-theft target.","Social Security numbers and government ID scans | Payroll and W-2/tax records | Benefits and background-check data | Time-and-attendance / scheduling system data"
"Retail Trade and Consumer Services","exposure","Physical and Building-Adjacent Operational Technology","Consumer-services subsectors (grocery, hospitality, fitness, healthcare-adjacent services) operate physical/IoT systems whose disruption creates safety and spoilage risk beyond pure data loss.","Refrigeration/HVAC and building management systems (grocery, food service) | Digital key/access-card systems (hospitality/casino) | Warehouse robotics and automated fulfillment hardware | Fitness/wellness facility access and scheduling systems"
"Retail Trade and Consumer Services","exposure","Brand, Product, and Intellectual Property Data","Unreleased product designs, pricing strategy, and brand assets are targeted for extortion leverage distinct from customer-data theft, particularly in fashion/apparel and consumer product goods.","Unreleased product designs and merchandising plans | Pricing and promotional strategy documents | Supplier/vendor contracts and cost data | Brand and marketing creative assets"
"Telecommunications","hazard","Initial Access Vectors","How ransomware and extortion actors most commonly get into telecom environments, per the incidents and DBIR/Cyble data reviewed.","Infostealer-harvested employee/admin credentials (WOW!/Arkana; Orange Spain RIPE-account takeover) | Exploitation of internet-facing edge devices, VPNs and collaboration platforms (Colt/Orange - SharePoint CVE-2025-53770; DBIR notes 8x rise in edge/VPN exploitation, only 54% patched) | Phishing and social engineering leading to hijacked Domain Admin accounts (Telecom Argentina/REvil) | Compromised third-party/vendor or subcontractor credentials (Bell Technical Solutions/Hive) | Rapid weaponization of zero-day/critical vulnerabilities in internet-facing network equipment (Cyble finding) | Stolen or weak administrative credentials (TSTT/RansomEXX)"
"Telecommunications","hazard","Extortion Tactics","The spectrum of pressure techniques used against telecom victims, which increasingly skew toward pure data extortion over encryption.","Double extortion: encryption plus data exfiltration (RansomEXX/TSTT, Yanluowang/Cincinnati Bell) | Pure data-leak/'pay-or-leak' extortion with no encryption (Arkana/WOW!, ShinyHunters/American Tower, ShinyHunters/Charter) | Public shaming, 'wall of shame' and doxxing tactics (Arkana Security's stated model) | Proof-of-hack demonstration videos and backend-access showcases (Arkana/WOW!) | Reupload/re-extortion of previously leaked data by a different or same group (SK-Telecom 'data reuploaded' listing) | Deadline-driven negotiation windows escalating ransom demands over time (Telecom Argentina's $7.5M to $15M escalation)"
"Telecommunications","hazard","Core Network / Availability Disruption ('OT-equivalent' risk)","Telecom's version of OT/ICS risk - attacks that threaten service availability at national or regional scale rather than just confidentiality.","Voice/SMS/data network outages from ransomware or intrusion (Cellcom's week-long voice/SMS blackout) | BGP hijacking / routing manipulation causing internet outages (Orange Spain) | Sabotage-style attacks without malware causing multi-day national outages (Vodafone Portugal, 4.7M mobile + 1M fixed customers affected) | Customer-portal and OSS/BSS downtime cascading into business-customer disruption (Colt's multi-month portal outage) | Emergency-services (911/E911) disruption risk given telecom's critical-infrastructure designation"
"Telecommunications","hazard","Third-Party & Supply Chain Risk","Telecom's dense web of vendors, resellers, field-service contractors, and shared industry infrastructure creates outsized supply-chain blast radius (DBIR: third-party factor rose to 30% of breaches).","Compromise via subcontracted field-service/technical-solutions providers | Compromise of shared backend SaaS platforms used across the operator's business (AppianCloud/Symphonica-style) | MVNO/reseller relationship exposure | Industry-body/association compromise with cross-member blast radius (GSMA/Qilin) | Downstream exposure of other carriers' data held incidentally (American Tower's records referencing T-Mobile/Verizon/DHS)"
"Telecommunications","hazard","Insider & Credential-Based Risk","Human-layer risk distinct from bulk phishing - individual employee/admin compromise with outsized consequences given telecom's centralized subscriber-identity role.","Single-employee infostealer infection cascading to full backend compromise (WOW!) | Reused/weak passwords on high-privilege admin or registry accounts (Orange Spain RIPE account) | SIM-swap-enabling data theft (USIM keys, IMSI) creating downstream account-takeover risk for subscribers (SK Telecom) | Insider-facilitated or insider-adjacent credential sale enabling initial access"
"Telecommunications","hazard","Regulatory & Legal Exposure","Telecom's status as a heavily regulated, often critical-infrastructure-designated sector amplifies post-incident financial and legal consequences beyond the ransom/attack itself.","Data-protection regulator fines (SK Telecom's $97.2M PIPC fine; Cosmote/OTE's combined ~$9.25M Greek DPA fines for a related breach) | Mandatory consumer compensation schemes (SK Telecom's per-subscriber payout order) | Breach-notification law gaps/delays in some jurisdictions (Trinidad and Tobago's lack of mandatory notification law) | Securities disclosure obligations for public telecom operators (WideOpenWest 8-K materiality determination) | Executive/leadership accountability actions (TSTT CEO's dismissal post-breach) | National security and critical-infrastructure regulatory scrutiny given telecom's designation in most jurisdictions"
"Telecommunications","exposure","Core Network & Signaling Systems","The 'OT-equivalent' layer for telecom - subscriber and routing infrastructure whose compromise or outage disrupts service for large customer populations rather than just exposing records.","Home Subscriber Server (HSS) / HLR subscriber databases (e.g., SK Telecom) | USIM/SIM authentication keys and IMSI/IMEI identifiers | BSS/OSS (billing and operations support systems) | BGP/RIPE routing account credentials and DNS infrastructure (Orange Spain-style hijack risk) | SS7/signaling systems | 5G core network functions and voice/SMS switching platforms (Cellcom-style voice-network compromise) | E911/emergency call routing systems"
"Telecommunications","exposure","Subscriber & Customer PII","The high-volume personal data telecom operators uniquely hold by virtue of serving as national-scale identity and communications intermediaries.","Names, addresses, dates of birth, national ID/passport/driver's license scans | Call Detail Records (CDRs) - who called whom, when, duration, cell-tower location metadata | Billing, payment card and bank account data | Login credentials, security questions, and account history (WOW!-style) | Device/handset data and device financing records"
"Telecommunications","exposure","Enterprise/Backend IT & SaaS Platforms","The corporate IT layer - often the actual initial-access and lateral-movement surface even when the attacker's goal is subscriber or infrastructure data.","CRM and customer-support/ticketing portals (Colt Online-style customer portals) | Third-party SaaS/backend platforms integrated into telecom operations (e.g., AppianCloud, Symphonica) | VPN/remote-access and SharePoint/collaboration infrastructure (CVE-2025-53770-style exploitation) | Employee HR, payroll and executive personal data | Internal source code, GitLab/CI-CD repositories and database dumps"
"Telecommunications","exposure","Physical & Field Infrastructure","Telecom's unusual exposure of physical assets and access controls alongside digital ones - a hazard largely absent in pure IT/software industries.","Cell tower compounds and physical access/gate codes (American Tower incident) | Colocation and data center facility access systems | Field service technician and subcontractor credentials/networks (Bell Technical Solutions-style) | Tower/asset GPS location data"
"Telecommunications","exposure","Third-Party, Partner & Downstream Data","Data and access that telecom operators hold on behalf of, or shared with, other organizations - amplifying blast radius beyond the operator's own customers.","MVNO (mobile virtual network operator) and reseller partner data | Interconnect/roaming carrier data and industry-association data (e.g., GSMA) | Data belonging to enterprise customers hosted, routed, or processed by the telecom (managed services, hosting, colocation) | References to other companies' infrastructure held incidentally (e.g., tower records referencing other carriers' equipment)"
"Telecommunications","exposure","Regulatory, Lawful-Intercept & Critical-Infrastructure Systems","Government-facing and critical-infrastructure-designated systems that create outsized regulatory and national-security exposure when compromised.","Lawful intercept and law-enforcement request-handling systems | Critical infrastructure/national security designated network segments | Breach-notification and regulatory reporting systems (subject to GDPR, PIPC, FCC, Ofcom, etc.)"
"Transportation and Warehousing","hazard","Initial Access Vectors","How ransomware actors most commonly gain a foothold in transportation/warehousing environments, shaped by the industry's mix of legacy OT, distributed fleet/warehouse sites, and often-thin IT security staffing relative to operational scale.","Weak/brute-forced credentials and absent MFA on remote-access or VPN accounts (e.g., KNP Logistics/Akira — single weak password, no MFA) | Exploited public-facing vulnerabilities in logistics/ERP software and edge devices | Phishing and stolen-credential campaigns targeting dispatch, billing, and operations staff | Compromise of a shared/upstream software vendor whose platform many carriers depend on (supply-chain trojan, e.g., NotPetya's spread via M.E.Doc) | Legacy or unpatched OT/ICS components in port terminal and warehouse-automation systems with long refresh cycles"
"Transportation and Warehousing","hazard","Extortion Tactics","The specific leverage mechanisms ransomware groups use against transportation/logistics targets, reflecting a broader industry shift toward data theft and multi-pronged pressure over pure encryption.","Traditional file/system encryption halting dispatch, billing, and tracking operations | Double extortion — data theft plus threatened leak (Nefilim/Toll Group, LockBit/Estes) | Extortion-only attacks with no encryption payload, relying purely on stolen shipment/customer/financial data (a rising share industry-wide per Sophos 2025) | Harassment of customers, partners, or drivers via leaked contact data to pressure payment | Wiper malware disguised as ransomware for disruption rather than profit (NotPetya/Maersk)"
"Transportation and Warehousing","hazard","OT vs IT Risk","Transportation/warehousing uniquely blends conventional IT (billing, CRM, EDI) with operational technology controlling physical movement of goods — an intrusion in either domain can halt the other.","Port/terminal operating systems and crane/gate automation as single points of failure (Nagoya Port) | Fleet telematics/ELD systems whose compromise removes real-time visibility and regulatory compliance capability (ORBCOMM) | Warehouse robotics, conveyor, and sortation-system control networks | IT/OT network convergence enabling lateral movement from a compromised office network into operational control systems | Safety and regulatory fallback processes (e.g., manual/paper logging) that partially mitigate but don't eliminate business impact during OT outages"
"Transportation and Warehousing","hazard","Third-Party / Supply-Chain Risk","Because logistics networks are inherently interconnected, an attack on one node (a carrier, a software vendor, a port) propagates operational and reputational damage across partners and customers.","Concentration risk in dominant ELD/telematics or TMS/WMS software vendors serving many carriers simultaneously | Cascading customer-service disruption when a shared customer portal or booking platform goes down | Cross-organizational data exposure when EDI/partner data feeds are compromised | Regulatory/compliance cascade — e.g., FMCSA having to issue nationwide ELD enforcement waivers after a single vendor's outage"
"Transportation and Warehousing","hazard","Insider & Workforce Risk","Distributed, high-turnover workforces (drivers, warehouse staff, seasonal labor) and thin security-awareness investment create human-factor exposure distinct from office-centric industries.","Credential reuse/weak passwords among widely distributed field and warehouse staff | High employee/contractor turnover complicating access-deprovisioning | Limited security-awareness training budgets relative to operational/safety training priorities | Malicious or coerced insiders with access to dispatch or customs-clearance systems"
"Transportation and Warehousing","hazard","Regulatory & Financial Exposure","Transportation's critical-infrastructure designation and highly interconnected, low-margin business model amplify the downstream consequences of an incident beyond the direct IT-remediation cost.","Critical-infrastructure sector status triggering mandatory incident reporting (e.g., CISA/TSA requirements in the US) | State/federal breach-notification laws when driver, employee, or customer PII is exposed (Estes Express Lines — 21,184 individuals, Maine AG filing) | Class-action litigation risk following notification delays or inadequate security practices | SEC disclosure obligations for material incidents at public logistics companies (Expeditors International 8-K/10-K) | Thin operating margins meaning even moderate incident costs or demurrage/detention penalties can threaten solvency (KNP Logistics collapse) | Sector-specific safety regulator waivers/interventions (FMCSA ELD enforcement relief after the ORBCOMM outage)"
"Transportation and Warehousing","exposure","Fleet, Freight & Operational Technology Systems","The operational core of transportation/warehousing firms — systems whose downtime directly halts the physical movement of goods, distinguishing this industry's ransomware exposure from purely data-centric sectors.","Electronic Logging Devices (ELD) and telematics/fleet-tracking platforms (e.g., ORBCOMM FleetManager, Samsara, Omnitracs) | Transportation Management Systems (TMS) and Warehouse Management Systems (WMS) | Port/terminal operating systems (TOS), crane and gate-automation control systems, and container-yard management platforms (e.g., Nagoya Port's NUTS) | Dispatch, routing, and load-planning software | Fuel management, weigh-station, and vehicle-maintenance scheduling systems | Warehouse automation, conveyor/sortation controllers, and robotics/IoT sensors on the OT side of distribution centers"
"Transportation and Warehousing","exposure","Customer, Shipment & Financial Data","Sensitive business and transactional data whose exposure drives breach-notification duties and extortion leverage even when operations aren't disrupted.","Bill of lading, manifest, and customs/trade-compliance data (HS codes, import/export declarations) | EDI (Electronic Data Interchange) transaction streams with shippers, carriers, and customs brokers | Freight billing, invoicing, and payment/AP-AR financial data | Customer shipment and pricing/contract data (competitively sensitive) | Employee, driver, and job-applicant PII (names, SSNs, driver's license/CDL numbers) — as seen in the Estes Express Lines breach"
"Transportation and Warehousing","exposure","Third-Party & Supply-Chain Dependencies","Transportation/warehousing firms rely heavily on shared vendor platforms and interconnected partner networks, concentrating risk in a small number of upstream providers.","ELD/telematics hardware and software vendors (single-vendor outages cascade across many downstream carriers, as in the ORBCOMM incident) | Freight-forwarding and customs-broker software platforms shared across multiple shipping lines | Cloud-hosted logistics SaaS (booking portals, customer self-service platforms like MyToll or JAS SmartHub) | Interconnected partner/customer networks (3PLs, drayage carriers, warehouse operators) that can propagate an intrusion or be disrupted by a partner's outage | Payment processors and financial clearinghouses for freight settlement"
"Transportation and Warehousing","exposure","Physical & Critical-Infrastructure Assets","Because transportation is designated critical infrastructure in most jurisdictions, exposure extends beyond data to physical assets and public safety/regulatory systems.","Ports, container terminals, and intermodal rail yards | Vehicle fleets rendered inoperable when dispatch/ELD/telematics systems are locked | Cold-chain and hazmat tracking systems where downtime creates spoilage or safety risk | Cross-border/customs clearance systems whose outage can halt trade flows nationally | Airport ground-handling and cargo-processing systems"