id,host
"https://www.bleepingcomputer.com/news/security/mgm-resorts-ransomware-attack-led-to-100-million-loss-data-theft/","bleepingcomputer.com"
"https://www.infosecurity-magazine.com/news/mgm-resorts-dollar100m-costs/","infosecurity-magazine.com"
"https://www.techtarget.com/searchsecurity/news/366554695/MGM-faces-100M-loss-from-ransomware-attack","techtarget.com"
"https://www.forbes.com/sites/steveweisman/2025/03/12/mgm-ransomware--attack-update/","forbes.com"
"https://www.bleepingcomputer.com/news/security/securing-helpdesks-from-hackers-what-we-can-learn-from-the-mgm-breach/","bleepingcomputer.com"
"https://www.pymnts.com/news/security-and-risk/2023/report-caesars-entertainment-paid-15-million-ransom-after-cyberattack/","pymnts.com"
"https://www.cnbc.com/2023/09/14/caesars-paid-millions-in-ransom-to-cybercrime-group-prior-to-mgm-hack.html","cnbc.com"
"https://cybernews.com/news/caesars-15m-ransom-sec-breach-report-6t-stolen-data/","cybernews.com"
"https://www.chainalysis.com/blog/chainalysis-fbi-caesars-ransomware-recovery/","chainalysis.com"
"https://www.cohenmilstein.com/case-study/caesars-data-breach-litigation/","cohenmilstein.com"
"https://www.bleepingcomputer.com/news/security/carnival-cruise-confirms-data-breach-affecting-nearly-6-million-people/","bleepingcomputer.com"
"https://www.malwarebytes.com/blog/data-breaches/2026/05/carnival-confirms-data-breach-impacting-nearly-6-million","malwarebytes.com"
"https://www.securityweek.com/carnival-data-breach-exposed-6-million-people/","securityweek.com"
"https://www.helpnetsecurity.com/2026/05/28/carnival-corporation-data-breach/","helpnetsecurity.com"
"https://www.cyberdaily.au/security/11128-exclusive-sydney-based-compass-group-confirms-medusa-ransomware-attack","cyberdaily.au"
"https://www.cyberdaily.au/security/11139-exclusive-australian-compass-group-confirms-second-hack","cyberdaily.au"
"https://www.halcyon.ai/attacks/medusa-ransomware-hits-compass-group-australia-in-major-cyberattack","halcyon.ai"
"https://www.bleepingcomputer.com/news/security/panera-bread-week-long-it-outage-caused-by-ransomware-attack/","bleepingcomputer.com"
"https://www.bleepingcomputer.com/news/security/panera-warns-of-employee-data-breach-after-march-ransomware-attack/","bleepingcomputer.com"
"https://www.restaurantbusinessonline.com/technology/panera-breads-digital-outage-reportedly-blamed-ransomware-attack","restaurantbusinessonline.com"
"https://www.bleepingcomputer.com/news/security/nordic-choice-hotels-hit-by-conti-ransomware-no-ransom-demand-yet/","bleepingcomputer.com"
"https://www.bitdefender.com/en-us/blog/hotforsecurity/nordic-choice-hotels-confirm-ransomware-attack","bitdefender.com"
"https://www.intelligentciso.com/2021/12/08/nordic-choice-hotels-hit-by-conti-ransomware/","intelligentciso.com"
"https://chicago.suntimes.com/2023/11/17/23965433/rivers-casino-data-breach-des-plaines-hackers","chicago.suntimes.com"
"https://www.comparitech.com/news/ransomware-gang-claims-data-breach-at-philadelphia-casino-ssns-and-bank-account-info-leaked/","comparitech.com"
"https://www.redpacketsecurity.com/cicada3301-ransomware-victim-rivers-casino-and-rush-street-gaming/","redpacketsecurity.com"
"https://cdcgaming.com/brief/illinois-rivers-casino-des-plaines-hit-with-class-action-over-data-breach/","cdcgaming.com"
"https://hackread.com/anubis-ransomware-lists-disneyland-paris-new-victim/","hackread.com"
"https://www.scworld.com/brief/disneyland-paris-data-allegedly-stolen-by-anubis-ransomware","scworld.com"
"https://cybernews.com/security/anubis-ransomware-gang-claims-disneyland-paris/","cybernews.com"
"https://dailysecurityreview.com/security-spotlight/anubis-ransomware-gang-claims-64gb-disneyland-paris-leak-in-alleged-construction-data-breach/","dailysecurityreview.com"
"https://www.sec.gov/Archives/edgar/data/1615063/000149315223042355/form8-k.htm","sec.gov"
"https://www.sec.gov/Archives/edgar/data/1041061/000110465923004769/tm233852d1_8k.htm","sec.gov"
"https://www.bleepingcomputer.com/news/security/kfc-pizza-hut-owner-discloses-data-breach-after-ransomware-attack/","bleepingcomputer.com"
"https://www.bleepingcomputer.com/news/security/england-hockey-investigating-ransomware-data-breach/","bleepingcomputer.com"
"https://www.bleepingcomputer.com/news/security/washington-hotel-in-japan-discloses-ransomware-infection-incident/","bleepingcomputer.com"
"https://www.bleepingcomputer.com/news/security/toronto-zoo-shares-update-on-last-years-ransomware-attack/","bleepingcomputer.com"
"https://www.bleepingcomputer.com/news/security/krispy-kreme-breach-data-theft-claimed-by-play-ransomware-gang/","bleepingcomputer.com"
"https://www.bleepingcomputer.com/news/security/bologna-fc-confirms-data-breach-after-ransomhub-ransomware-attack/","bleepingcomputer.com"
"https://www.bleepingcomputer.com/news/security/frances-grand-palais-discloses-cyberattack-during-olympic-games/","bleepingcomputer.com"
"https://www.bleepingcomputer.com/news/security/christies-starts-notifying-clients-of-ransomhub-data-breach/","bleepingcomputer.com"
"https://www.bleepingcomputer.com/news/security/daixin-ransomware-gang-claims-attack-on-omni-hotels/","bleepingcomputer.com"
"https://www.bleepingcomputer.com/news/security/omni-hotels-confirms-cyberattack-behind-ongoing-it-outage/","bleepingcomputer.com"
"https://www.bleepingcomputer.com/news/security/online-museum-collections-down-after-cyberattack-on-service-provider/","bleepingcomputer.com"
"https://www.bleepingcomputer.com/news/security/ransomware-attack-on-indie-game-maker-wiped-all-player-accounts/","bleepingcomputer.com"
"https://www.bleepingcomputer.com/news/security/asvel-basketball-team-confirms-data-breach-after-ransomware-attack/","bleepingcomputer.com"
"https://www.bleepingcomputer.com/news/security/motel-one-discloses-data-breach-following-ransomware-attack/","bleepingcomputer.com"
"https://www.bleepingcomputer.com/news/security/wannacry-ransomware-impersonator-targets-russian-enlisted-fps-players/","bleepingcomputer.com"
"https://www.bleepingcomputer.com/news/security/crown-resorts-confirms-ransom-demand-after-goanywhere-breach/","bleepingcomputer.com"
"https://www.bleepingcomputer.com/news/security/the-week-in-ransomware-december-23rd-2022-targeting-microsoft-exchange/","bleepingcomputer.com"
"https://www.bleepingcomputer.com/news/security/hive-ransomware-claims-attack-on-new-york-racing-association/","bleepingcomputer.com"
"https://www.bleepingcomputer.com/news/security/san-francisco-49ers-blackbyte-ransomware-gang-stole-info-of-20k-people/","bleepingcomputer.com"
"https://www.bleepingcomputer.com/news/security/ransomware-gang-creates-site-for-employees-to-search-for-their-stolen-data/","bleepingcomputer.com"
"https://www.bleepingcomputer.com/news/security/roblox-game-pass-store-used-to-sell-ransomware-decryptor/","bleepingcomputer.com"
"https://www.cnbc.com/2021/06/09/jbs-paid-11-million-in-response-to-ransomware-attack-.html","cnbc.com"
"https://www.bleepingcomputer.com/news/security/jbs-paid-11-million-to-revil-ransomware-225m-first-demanded/","bleepingcomputer.com"
"https://en.wikipedia.org/wiki/JBS_S.A._ransomware_attack","en.wikipedia.org"
"https://iowacapitaldispatch.com/2023/06/11/jbss-cybersecurity-was-unusually-poor-prior-to-2021-ransomware-attack-internal-homeland-security-records-show/","iowacapitaldispatch.com"
"https://www.securityweek.com/united-natural-foods-projects-up-to-400m-sales-hit-from-june-cyberattack/","securityweek.com"
"https://www.cybersecuritydive.com/news/unfi-cyberattack-reduce-quarterly-earnings/751849/","cybersecuritydive.com"
"https://cyberscoop.com/united-natural-foods-cyberattack-400-million/","cyberscoop.com"
"https://www.grocerydive.com/news/unfi-cyberattack-losses-insurance-grocery-distribution/753223/","grocerydive.com"
"https://industrialcyber.co/critical-infrastructure/dole-ransomware-incident-affected-half-of-its-legacy-servers-with-direct-costs-reaching-10-5-million/","industrialcyber.co"
"https://www.theregister.com/2023/02/23/dole_ransomware_attack/","theregister.com"
"https://www.cybersecuritydive.com/news/dole-ransomware-breached-data-workers/653650/","cybersecuritydive.com"
"https://www.sec.gov/Archives/edgar/data/1857475/000162828023018832/dole-20230331_d2.htm","sec.gov"
"https://www.securityweek.com/ahold-delhaize-data-breach-impacts-2-2-million-people/","securityweek.com"
"https://www.bleepingcomputer.com/news/security/ahold-delhaize-confirms-data-theft-after-inc-ransomware-claims-attack/","bleepingcomputer.com"
"https://www.cybersecuritydive.com/news/ahold-delhaize-confirms-data-stolen-after-threat-group-claims-credit-for-no/745715/","cybersecuritydive.com"
"https://www.washingtonpost.com/business/2021/09/21/new-cooperative-hack-ransomware/","washingtonpost.com"
"https://industrialcyber.co/news/blackmatter-ransomware-group-strikes-new-cooperative-makes-demand-of-5-9-million/","industrialcyber.co"
"https://www.farmprogress.com/business/blackmatter-hits-grain-cooperative-with-ransomware-attack","farmprogress.com"
"https://www.bleepingcomputer.com/news/security/kp-snacks-giant-hit-by-conti-ransomware-deliveries-disrupted/","bleepingcomputer.com"
"https://www.computerweekly.com/news/252512873/Crisp-supply-shortage-looms-after-KP-Snacks-hit-by-ransomware","computerweekly.com"
"https://www.cpomagazine.com/cyber-security/conti-ransomware-attack-on-uks-kp-snacks-to-cause-major-supply-chain-problems-for-popular-treats/","cpomagazine.com"
"https://api.ransomware.live/v2/sectorvictims/Agriculture%20and%20Food%20Production","api.ransomware.live"
"https://www.bleepingcomputer.com/news/security/dole-discloses-employee-data-breach-after-ransomware-attack/","bleepingcomputer.com"
"https://www.bleepingcomputer.com/news/security/the-week-in-ransomware-may-6th-2022-an-evolving-landscape/","bleepingcomputer.com"
"https://www.ransomware.live/id/RmVycm92aWFsQEFpTG9jaw==","ransomware.live"
"https://sosransomware.com/en/ransomware-groups/ailock-ransomware-the-raas-operator-threatening-to-alert-regulators-and-competitors/","sosransomware.com"
"https://darkwebinformer.com/ransomware-attack-update-july-14th-2026/","darkwebinformer.com"
"https://www.ransomware.live/id/QmFsZm91ciBCZWF0dHlAaW5jcmFuc29t","ransomware.live"
"https://www.ransomware.live/id/QmFsZm91ciBCZWF0dHlAY29pbmJhc2VjYXJ0ZWw","ransomware.live"
"https://www.dexpose.io/coinbasecartel-strikes-balfour-beatty-in-uk-ransomware-attack/","dexpose.io"
"https://www.breachsense.com/breaches/balfour-beatty-data-breach/","breachsense.com"
"https://www.dexpose.io/clop-ransomware-targets-bechtel-corporation/","dexpose.io"
"https://www.cybersecuritydive.com/news/hackers-clop-extortion-campaign-executives/801808/","cybersecuritydive.com"
"https://dailydarkweb.net/clop-ransomware-group-lists-39-global-victims-including-mazda-canon/","dailydarkweb.net"
"https://www.dexpose.io/clop-ransomware-targets-kier-co-uk-in-uk-cyberattack/","dexpose.io"
"https://ransomware.live/id/S0lFUi5DTy5VS0BjbG9w","ransomware.live"
"https://www.breachsense.com/breaches/kier-group-data-breach/","breachsense.com"
"https://www.dexpose.io/qilin-ransomware-strikes-kajima-europe/","dexpose.io"
"https://botcrawl.com/kajima-europe-data-breach/","botcrawl.com"
"https://cyble.com/blog/europe-ransomware-attacks-q3-2025/","cyble.com"
"https://www.breachsense.com/breaches/aecom-com/","breachsense.com"
"https://www.malwarebytes.com/blog/news/2021/03/pysa-the-ransomware-attacking-schools","malwarebytes.com"
"https://www.upguard.com/security-report/aecom","upguard.com"
"https://www.ransomware.live/group/everest","ransomware.live"
"https://cti.fyi/groups/everest.html","cti.fyi"
"https://www.ransomware.live/activity/Construction","ransomware.live"
"https://www.bleepingcomputer.com/news/security/donut-extortion-group-also-targets-victims-with-ransomware/","bleepingcomputer.com"
"https://www.bleepingcomputer.com/news/security/building-materials-giant-knauf-hit-by-black-basta-ransomware-gang/","bleepingcomputer.com"
"https://www.bleepingcomputer.com/news/security/powerschool-hacker-now-extorting-individual-school-districts/","bleepingcomputer.com"
"https://techcrunch.com/2025/05/08/powerschool-paid-a-hackers-ransom-but-now-schools-say-they-are-being-extorted/","techcrunch.com"
"https://www.edweek.org/technology/powerschool-paid-a-hackers-ransom-now-cyber-criminals-are-threatening-schools/2025/05","edweek.org"
"https://www.k12dive.com/news/college-student-charged-in-connection-with-powerschool-data-breach/748747/","k12dive.com"
"https://www.cybersecuritydive.com/news/powerschool-data-breach-school-extortion-attempts/747801/","cybersecuritydive.com"
"https://www.the74million.org/article/powerschool-paid-off-hackers-after-huge-breach-now-theyre-extorting-districts/","the74million.org"
"https://www.bleepingcomputer.com/news/security/edu-tech-firm-instructure-discloses-cyber-incident-probes-impact/","bleepingcomputer.com"
"https://thehackernews.com/2026/05/instructure-reaches-ransom-agreement.html","thehackernews.com"
"https://www.insidehighered.com/news/tech-innovation/administrative-tech/2026/05/11/instructure-pays-ransom-canvas-hackers","insidehighered.com"
"https://en.wikipedia.org/wiki/2026_Canvas_security_incident","en.wikipedia.org"
"https://www.halcyon.ai/ransomware-alerts/education-sector-in-the-crosshairs-shinyhunters-extortion-campaign-against-instructure","halcyon.ai"
"https://www.reedsmith.com/articles/canvasinstructure-cyberattack-key-developments-and-action-items-for-higher-education-institutions/","reedsmith.com"
"https://www.hipaajournal.com/university-of-hawaii-cancer-center-ransomware-data-breach/","hipaajournal.com"
"https://therecord.media/university-of-hawaii-ransomware-data-breach","therecord.media"
"https://www.bleepingcomputer.com/news/security/university-of-hawaii-cancer-center-ransomware-attack-affects-nearly-12-million-people/","bleepingcomputer.com"
"https://www.securityweek.com/hackers-accessed-university-of-hawaii-cancer-center-patient-data-they-werent-immediately-notified/","securityweek.com"
"https://www.govinfosecurity.com/cancer-center-research-study-hack-affects-12m-a-30912","govinfosecurity.com"
"https://www.bleepingcomputer.com/news/security/highline-public-schools-confirms-ransomware-attack-was-behind-september-shut-down/","bleepingcomputer.com"
"https://therecord.media/highline-public-schools-washington-state-cyberattack","therecord.media"
"https://www.infosecurity-magazine.com/news/sensitive-data-highline-ransomware/","infosecurity-magazine.com"
"https://www.seattletimes.com/education-lab/hackers-target-seattle-area-school-district-for-ransomware-attack/","seattletimes.com"
"https://www.securitymagazine.com/articles/101037-cyberattack-compromises-and-shuts-down-highline-public-schools","securitymagazine.com"
"https://en.wikipedia.org/wiki/British_Library_cyberattack","en.wikipedia.org"
"https://www.theregister.com/2023/10/31/british_library_it_outage/","theregister.com"
"https://www.securityweek.com/details-and-lessons-learned-from-the-ransomware-attack-on-the-british-library/","securityweek.com"
"https://ital.corejournals.org/index.php/ital/article/view/17112","ital.corejournals.org"
"https://www.imd.org/ibyimd/technology/full-transparency-10-lessons-from-the-cyber-attack-on-the-british-library/","imd.org"
"https://www.itpro.com/security/data-breaches/nhs-data-leak-raises-serious-questions-about-manchester-university-cyber-attack","itpro.com"
"https://www.digitalhealth.net/2023/06/nhs-patient-data-compromised-in-university-cyber-attack-report/","digitalhealth.net"
"https://www.cpomagazine.com/cyber-security/250gb-of-nhs-patient-data-leaked-in-the-university-of-manchester-cyber-attack/","cpomagazine.com"
"https://www.govinfosecurity.com/trauma-terrorist-victim-data-breached-in-university-attack-a-22409","govinfosecurity.com"
"https://www.csoonline.com/article/644235/nhs-data-reportedly-compromised-in-university-of-manchester-cyberattack.html","csoonline.com"
"https://www.the74million.org/article/kept-in-the-dark-inside-the-minneapolis-schools-cyberattack/","the74million.org"
"https://therecord.media/minneapolis-schools-say-data-breach-affected-100000","therecord.media"
"https://www.bleepingcomputer.com/news/security/ransomware-gang-posts-video-of-data-stolen-from-minneapolis-schools/","bleepingcomputer.com"
"https://www.cbsnews.com/minnesota/news/cybersecurity-experts-confirm-security-blueprints-stolen-mps-ransomware-attack/","cbsnews.com"
"https://www.campussafetymagazine.com/news/over-189000-files-leaked-minneapolis-public-schools-data-breach/123369/","campussafetymagazine.com"
"https://www.minnpost.com/other-nonprofit-media/2023/03/hackers-use-stolen-student-data-against-minneapolis-schools-in-brazen-new-threat/","minnpost.com"
"https://techcrunch.com/2022/10/03/los-angeles-school-district-ransomware-data/","techcrunch.com"
"https://www.bleepingcomputer.com/news/security/lausd-says-vice-society-ransomware-gang-stole-contractors-ssns/","bleepingcomputer.com"
"https://www.axios.com/2022/10/03/hackers-stolen-data-la-school-district-ransomware","axios.com"
"https://www.cybersecuritydive.com/news/vice-society-threatens-los-angeles-schools-ransomware/633076/","cybersecuritydive.com"
"https://www.npr.org/2022/09/07/1121422336/a-cyberattack-hits-the-los-angeles-school-district-raising-alarm-across-the-coun","npr.org"
"https://www.upguard.com/blog/how-did-lausd-get-hacked","upguard.com"
"https://www.bleepingcomputer.com/news/security/ai-generated-slopoly-malware-used-in-interlock-ransomware-attack/","bleepingcomputer.com"
"https://www.bleepingcomputer.com/news/security/italian-university-la-sapienza-goes-offline-after-cyberattack/","bleepingcomputer.com"
"https://www.bleepingcomputer.com/news/security/south-korean-giant-kyowon-confirms-data-theft-in-ransomware-attack/","bleepingcomputer.com"
"https://www.bleepingcomputer.com/news/security/baltimore-city-public-schools-data-breach-affects-over-31-000-people/","bleepingcomputer.com"
"https://www.bleepingcomputer.com/news/security/pennsylvania-education-union-data-breach-hit-500-000-people/","bleepingcomputer.com"
"https://www.bleepingcomputer.com/news/security/texas-tech-university-system-data-breach-impacts-14-million-patients/","bleepingcomputer.com"
"https://www.bleepingcomputer.com/news/security/toronto-district-school-board-hit-by-a-ransomware-attack/","bleepingcomputer.com"
"https://www.bleepingcomputer.com/news/security/university-system-of-georgia-800k-exposed-in-2023-moveit-attack/","bleepingcomputer.com"
"https://www.bleepingcomputer.com/news/security/stanford-data-of-27-000-people-stolen-in-september-ransomware-attack/","bleepingcomputer.com"
"https://www.bleepingcomputer.com/news/security/back-to-school-security-against-ransomware-attacks-on-k-12-and-colleges/","bleepingcomputer.com"
"https://www.bleepingcomputer.com/news/security/colorado-department-of-higher-education-warns-of-massive-data-breach/","bleepingcomputer.com"
"https://www.bleepingcomputer.com/news/security/how-to-manage-a-mass-password-reset-due-to-a-ransomware-attack/","bleepingcomputer.com"
"https://www.bleepingcomputer.com/news/security/the-week-in-ransomware-july-28th-2023-new-extortion-tactics/","bleepingcomputer.com"
"https://www.bleepingcomputer.com/news/security/colorado-state-university-says-data-breach-impacts-students-staff/","bleepingcomputer.com"
"https://www.bleepingcomputer.com/news/security/the-week-in-ransomware-june-23rd-2023-the-reddit-files/","bleepingcomputer.com"
"https://www.bleepingcomputer.com/news/security/ransomware-gang-hijacks-university-alert-system-to-issue-threats/","bleepingcomputer.com"
"https://www.bleepingcomputer.com/news/security/medusa-ransomware-claims-attack-on-open-university-of-cyprus/","bleepingcomputer.com"
"https://www.bleepingcomputer.com/news/security/ransomware-hits-technion-university-to-protest-tech-layoffs-and-israel/","bleepingcomputer.com"
"https://www.bleepingcomputer.com/news/security/the-week-in-ransomware-january-20th-2023-targeting-crypto-exchanges/","bleepingcomputer.com"
"https://www.bleepingcomputer.com/news/security/royal-ransomware-claims-attack-on-queensland-university-of-technology/","bleepingcomputer.com"
"https://www.bleepingcomputer.com/news/security/vice-society-ransomware-claims-attack-on-cincinnati-state-college/","bleepingcomputer.com"
"https://www.bleepingcomputer.com/news/security/microsoft-vice-society-targets-schools-with-multiple-ransomware-families/","bleepingcomputer.com"
"https://www.bleepingcomputer.com/news/security/spanish-research-agency-still-recovering-after-ransomware-attack/","bleepingcomputer.com"
"https://www.bleepingcomputer.com/news/security/maastricht-university-wound-up-earning-money-from-its-ransom-payment/","bleepingcomputer.com"
"https://www.bleepingcomputer.com/news/security/vice-society-claims-ransomware-attack-on-med-university-of-innsbruck/","bleepingcomputer.com"
"https://www.bleepingcomputer.com/news/security/ransomware-attack-exposes-data-of-500-000-chicago-students/","bleepingcomputer.com"
"https://www.bleepingcomputer.com/news/security/lincoln-college-to-close-after-157-years-due-ransomware-attack/","bleepingcomputer.com"
"https://www.bleepingcomputer.com/news/security/the-week-in-ransomware-april-29th-2022-new-operations-emerge/","bleepingcomputer.com"
"https://en.wikipedia.org/wiki/Colonial_Pipeline_ransomware_attack","en.wikipedia.org"
"https://www.energy.gov/ceser/colonial-pipeline-cyber-incident","energy.gov"
"https://www.chainalysis.com/blog/darkside-colonial-pipeline-ransomware-seizure-case-study/","chainalysis.com"
"https://www.huntress.com/threat-library/ransomware/colonial-pipeline-ransomware","huntress.com"
"https://www.bleepingcomputer.com/news/security/halliburton-reports-35-million-loss-after-ransomware-attack/","bleepingcomputer.com"
"https://www.bleepingcomputer.com/news/security/halliburton-cyberattack-linked-to-ransomhub-ransomware-gang/","bleepingcomputer.com"
"https://www.bleepingcomputer.com/news/security/halliburton-confirms-data-stolen-in-recent-cyberattack/","bleepingcomputer.com"
"https://www.cpomagazine.com/cyber-security/oil-giant-halliburton-lost-35-million-due-to-the-august-2024-ransomhub-ransomware-data-breach/","cpomagazine.com"
"https://www.cbc.ca/news/business/petro-canada-suncor-cybersecurity-1.6888723","cbc.ca"
"https://www.bleepingcomputer.com/news/security/suncor-energy-cyberattack-impacts-petro-canada-gas-stations/","bleepingcomputer.com"
"https://www.cybersecuritydive.com/news/suncor-hackers-breached-petro-canada-customer-data/685365/","cybersecuritydive.com"
"https://www.cbc.ca/news/canada/calgary/suncor-cybersecurity-incident-energy-sector-1.6898118","cbc.ca"
"https://www.utilitydive.com/news/encevo-creos-envovos-ransomware/628644/","utilitydive.com"
"https://www.cybersecuritydive.com/news/encevo-creos-envovos-ransomware/628604/","cybersecuritydive.com"
"https://therecord.media/luxembourg-energy-companies-struggling-with-alleged-ransomware-attack-data-breach","therecord.media"
"https://securityaffairs.co/wordpress/133899/cyber-crime/alphv-blackcat-ransomware-creos-luxembourg.html","securityaffairs.co"
"https://www.bleepingcomputer.com/news/security/romanias-oil-pipeline-operator-conpet-confirms-data-stolen-in-attack/","bleepingcomputer.com"
"https://industrialcyber.co/mining-oil-gas/romanias-oil-pipeline-operator-conpet-targeted-in-cyberattack-as-qilin-alleges-1tb-data-breach/","industrialcyber.co"
"https://therecord.media/romania-conpet-oil-pipeline-ransomware-attack","therecord.media"
"https://shieldworkz.com/blogs/how-a-side-hustle-paralyzed-romania%E2%80%99s-national-oil-pipeline","shieldworkz.com"
"https://www.ransomware.live/activity/Energy","ransomware.live"
"https://www.sec.gov/Archives/edgar/data/71829/000007182924000111/nr-20241029.htm","sec.gov"
"https://www.bleepingcomputer.com/news/security/gentlemen-ransomware-uses-multiple-edr-killers-to-disable-defenses/","bleepingcomputer.com"
"https://www.bleepingcomputer.com/news/security/uk-fines-water-supplier-13m-for-exposing-data-of-664k-customers/","bleepingcomputer.com"
"https://www.bleepingcomputer.com/news/security/hackers-attack-uk-water-supplier-but-extort-wrong-company/","bleepingcomputer.com"
"https://www.bleepingcomputer.com/news/security/the-gentlemen-ransomware-now-uses-systembc-for-bot-powered-attacks/","bleepingcomputer.com"
"https://www.bleepingcomputer.com/news/security/southern-water-says-black-basta-ransomware-attack-cost-45m-in-expenses/","bleepingcomputer.com"
"https://www.bleepingcomputer.com/news/security/lynx-ransomware-behind-electrica-energy-supplier-cyberattack/","bleepingcomputer.com"
"https://www.bleepingcomputer.com/news/security/australian-gold-producer-evolution-mining-hit-by-ransomware/","bleepingcomputer.com"
"https://www.bleepingcomputer.com/news/security/sexi-ransomware-rebrands-to-apt-inc-continues-vmware-esxi-attacks/","bleepingcomputer.com"
"https://www.bleepingcomputer.com/news/security/critical-infrastructure-software-maker-confirms-ransomware-attack/","bleepingcomputer.com"
"https://www.bleepingcomputer.com/news/security/cactus-ransomware-claim-to-steal-15tb-of-schneider-electric-data/","bleepingcomputer.com"
"https://www.bleepingcomputer.com/news/security/trans-northern-pipelines-investigating-alphv-ransomware-attack-claims/","bleepingcomputer.com"
"https://www.bleepingcomputer.com/news/security/us-offers-up-to-15-million-for-tips-on-alphv-ransomware-gang/","bleepingcomputer.com"
"https://www.bleepingcomputer.com/news/security/water-services-giant-veolia-north-america-hit-by-ransomware-attack/","bleepingcomputer.com"
"https://www.bleepingcomputer.com/news/security/slovenias-largest-power-provider-hse-hit-by-ransomware-attack/","bleepingcomputer.com"
"https://www.bleepingcomputer.com/news/security/us-energy-firm-shares-how-akira-ransomware-hacked-its-systems/","bleepingcomputer.com"
"https://www.bleepingcomputer.com/news/security/siemens-energy-confirms-data-breach-after-moveit-data-theft-attack/","bleepingcomputer.com"
"https://www.bleepingcomputer.com/news/security/the-week-in-ransomware-march-17th-2023-shifting-to-data-extortion/","bleepingcomputer.com"
"https://www.bleepingcomputer.com/news/security/the-week-in-ransomware-december-16th-2022-losing-trust/","bleepingcomputer.com"
"https://www.bleepingcomputer.com/news/security/hackers-breach-energy-orgs-via-bugs-in-discontinued-web-server/","bleepingcomputer.com"
"https://www.bleepingcomputer.com/news/security/blackcat-ransomware-claims-attack-on-italian-energy-agency/","bleepingcomputer.com"
"https://www.bleepingcomputer.com/news/security/the-week-in-ransomware-august-26th-2022-fighting-back/","bleepingcomputer.com"
"https://www.bleepingcomputer.com/news/security/the-week-in-ransomware-august-5th-2022-a-look-at-cyber-insurance/","bleepingcomputer.com"
"https://thehackernews.com/2021/05/insurance-firm-cna-financial-reportedly.html","thehackernews.com"
"https://www.bloomberg.com/news/articles/2021-05-20/cna-financial-paid-40-million-in-ransom-after-march-cyberattack","bloomberg.com"
"https://www.msspalert.com/cybersecurity-breaches-and-attacks/ransomware/cna-payment-40-million-dollars/","msspalert.com"
"https://cisomag.com/suffered-attack-paid-ransom-restored-systems-the-cnas-ransomware-timeline/","cisomag.com"
"https://www.bitdefender.com/en-us/blog/hotforsecurity/worlds-biggest-bank-hit-by-ransomware-forced-to-trade-via-usb-stick","bitdefender.com"
"https://www.resecurity.com/blog/article/icbc-ransomware-attack-strikes-at-the-heart-of-the-global-financial-order-lockbit-on-a-roll","resecurity.com"
"https://home.treasury.gov/news/press-releases/jy2114","home.treasury.gov"
"https://securityaffairs.com/155178/cyber-crime/lockbit-icbc-ransomware-attack.html","securityaffairs.com"
"https://therecord.media/fidelity-national-financial-ransomware-alphv-black-cat","therecord.media"
"https://www.bleepingcomputer.com/news/security/fidelity-national-financial-hackers-stole-data-of-13-million-people/","bleepingcomputer.com"
"https://www.theregister.com/2023/11/23/blackcat_ransomware_fnf/","theregister.com"
"https://www.malwarebytes.com/blog/news/2024/01/fidelity-national-financial-acknowledges-data-breach-affecting-1-3-million-customers","malwarebytes.com"
"https://www.bleepingcomputer.com/news/security/ransomware-attack-on-ion-group-impacts-derivatives-trading-market/","bleepingcomputer.com"
"https://techcrunch.com/2023/02/02/ion-group-lockbit-derivatives-ransomware/","techcrunch.com"
"https://iongroup.com/press-release/markets/cleared-derivatives-cyber-event/","iongroup.com"
"https://www.darkreading.com/cyberattacks-data-breaches/cyberattack-fintech-firm-disrupts-derivatives-trading","darkreading.com"
"https://techcrunch.com/2024/07/09/evolve-bank-says-ransomware-gang-stole-personal-data-on-millions-of-customers/","techcrunch.com"
"https://www.theregister.com/2024/07/09/evolve_lockbit_attack/","theregister.com"
"https://www.infosecurity-magazine.com/news/cyber-attack-evolve-bank-exposed/","infosecurity-magazine.com"
"https://www.getevolved.com/cybersecurity-incident/","getevolved.com"
"https://www.bleepingcomputer.com/news/security/evolve-bank-says-data-breach-impacts-76-million-americans/","bleepingcomputer.com"
"https://libyaherald.com/2026/06/cyber-incident-announced-on-9-june-has-been-fully-contained-cbl","libyaherald.com"
"https://www.dexpose.io/qilin-strikes-central-bank-of-libya-in-ransomware-assault/","dexpose.io"
"https://www.centralbanking.com/central-banks/financial-stability/7976224/libya-says-cyber-security-incident-under-control","centralbanking.com"
"https://issa-eg.org/qilin-ransomware-group-claims-breach-of-central-bank-of-libya-following-confirmed-cyberattack/","issa-eg.org"
"https://cybernews.com/security/everest-ransomware-frost-citizens-bank-breach/","cybernews.com"
"https://www.dexpose.io/everest-ransomware-attack-targets-frost-bank/","dexpose.io"
"https://www.americanbanker.com/news/customers-sue-citizens-frost-over-third-party-data-breach","americanbanker.com"
"https://slingscore.com/everest-ransomware-gang-hits-frost-bank-and-citizens-bank-via-third-party-vendor-exposing-up-to-3-65-million-records/","slingscore.com"
"https://schneiderdowns.com/our-thoughts-on/third-party-cyber-risk-in-banking-everest-ransomware-claims/","schneiderdowns.com"
"https://cybernews.com/security/deutsche-bank-ransomware-data-breach/","cybernews.com"
"https://www.computing.co.uk/news/2026/security/deutsche-bank-probes-supplier-cyber-incident-after-ransomware-gang-claims-breach","computing.co.uk"
"https://compliancehub.wiki/deutsche-bank-unsafe-ransomware-third-party-breach-dora-2026/","compliancehub.wiki"
"https://techchannel.news/unsafe-ransomware-group-claims-deutsche-bank-breach/","techchannel.news"
"https://www.sec.gov/Archives/edgar/data/350894/000035089423000088/seic-20231026.htm","sec.gov"
"https://www.sec.gov/Archives/edgar/data/1641601/000119312526282946/ck0001641601-20260619.htm","sec.gov"
"https://www.sec.gov/Archives/edgar/data/1593538/000114036126027441/ef20077249_8k.htm","sec.gov"
"https://www.sec.gov/Archives/edgar/data/1137774/000119312524040749/d766318d8ka.htm","sec.gov"
"https://www.bleepingcomputer.com/news/security/prudential-financial-now-says-25-million-impacted-by-data-breach/","bleepingcomputer.com"
"https://www.sec.gov/Archives/edgar/data/320335/000032033524000056/gl-20241017.htm","sec.gov"
"https://www.bleepingcomputer.com/news/security/new-prinz-eugen-ransomware-prioritizes-recent-files-for-encryption/","bleepingcomputer.com"
"https://www.bleepingcomputer.com/news/security/marquis-ransomware-gang-stole-data-of-672-000-people-in-2025-cyberattack/","bleepingcomputer.com"
"https://www.bleepingcomputer.com/news/security/payments-platform-bridgepay-confirms-ransomware-attack-behind-outage/","bleepingcomputer.com"
"https://www.bleepingcomputer.com/news/security/insurance-admin-landmark-says-data-breach-impacts-800-000-people/","bleepingcomputer.com"
"https://www.bleepingcomputer.com/news/security/fbi-ransomhub-ransomware-breached-210-victims-since-february/","bleepingcomputer.com"
"https://www.bleepingcomputer.com/news/security/affirm-says-cardholders-impacted-by-evolve-bank-data-breach/","bleepingcomputer.com"
"https://www.bleepingcomputer.com/news/security/infosys-mccamish-says-lockbit-stole-data-of-6-million-people/","bleepingcomputer.com"
"https://www.bleepingcomputer.com/news/security/equilend-warns-employees-their-data-was-stolen-by-ransomware-gang/","bleepingcomputer.com"
"https://www.bleepingcomputer.com/news/security/alphv-ransomware-claims-loandepot-prudential-financial-breaches/","bleepingcomputer.com"
"https://www.bleepingcomputer.com/news/security/the-week-in-ransomware-december-15th-2023-ransomware-drama/","bleepingcomputer.com"
"https://www.bleepingcomputer.com/news/security/toyota-warns-customers-of-data-breach-exposing-personal-financial-info/","bleepingcomputer.com"
"https://www.bleepingcomputer.com/news/security/lockbit-ransomware-exploits-citrix-bleed-in-attacks-10k-servers-exposed/","bleepingcomputer.com"
"https://www.bleepingcomputer.com/news/security/worlds-largest-commercial-bank-icbc-confirms-ransomware-attack/","bleepingcomputer.com"
"https://www.bleepingcomputer.com/news/security/the-week-in-ransomware-october-27th-2023-breaking-records/","bleepingcomputer.com"
"https://www.bleepingcomputer.com/news/security/moveit-breach-impacts-genworth-calpers-as-data-for-32-million-exposed/","bleepingcomputer.com"
"https://www.bleepingcomputer.com/news/security/hatch-bank-discloses-data-breach-after-goanywhere-mft-hack/","bleepingcomputer.com"
"https://www.bleepingcomputer.com/news/security/national-bank-hit-by-ransomware-trolls-hackers-with-dick-pics/","bleepingcomputer.com"
"https://www.sec.gov/Archives/edgar/data/731766/000073176624000146/a2024q1exhibit991.htm","sec.gov"
"https://www.sec.gov/Archives/edgar/data/731766/000073176624000242/a2024q2exhibit991.htm","sec.gov"
"https://www.bankinfosecurity.com/change-healthcare-attack-cost-estimate-reaches-nearly-29b-a-26541","bankinfosecurity.com"
"https://prowritersins.com/cyber-insurance-blog/united-healthcare-ransomware-payment/","prowritersins.com"
"https://hyperproof.io/resource/understanding-the-change-healthcare-breach/","hyperproof.io"
"https://www.bleepingcomputer.com/news/security/universal-health-services-lost-67-million-due-to-ryuk-ransomware-attack/","bleepingcomputer.com"
"https://www.cybersecuritydive.com/news/uhs-ryuk-ransomware-damage-cost/595946/","cybersecuritydive.com"
"https://www.techtarget.com/healthtechsecurity/news/366595382/UHS-Ransomware-Attack-Cost-67M-in-Lost-Revenue-Recovery-Efforts","techtarget.com"
"https://www.hipaajournal.com/universal-health-services-ransomware-attack-cost/","hipaajournal.com"
"https://krebsonsecurity.com/2021/12/inside-irelands-public-healthcare-ransomware-scare/","krebsonsecurity.com"
"https://www.bankinfosecurity.com/irish-ransomware-attack-recovery-cost-estimate-600-million-a-16931","bankinfosecurity.com"
"https://www.cpomagazine.com/cyber-security/irish-healthcare-system-requires-more-than-100-million-to-recover-from-the-conti-ransomware-attack/","cpomagazine.com"
"https://www.controleng.com/throwback-attack/ireland-ransomware-attack-costs-hse-83-million/","controleng.com"
"https://www.bitdefender.com/en-us/blog/hotforsecurity/four-years-later-irish-health-service-offers-eu750-to-victims-of-ransomware-attack","bitdefender.com"
"https://www.hhs.gov/sites/default/files/lessons-learned-hse-attack.pdf","hhs.gov"
"https://www.cshub.com/attacks/news/commonspirit-health-reports-that-ransomware-attack-cost-160-million","cshub.com"
"https://www.hipaajournal.com/commonspirit-health-increases-ransomware-attack-cost-estimate-to-160-million/","hipaajournal.com"
"https://www.healthcare-brew.com/stories/2023/05/25/commonspirit-reports-usd160-million-loss-from-last-year-s-ransomware-attack","healthcare-brew.com"
"https://www.beckershospitalreview.com/healthcare-information-technology/cybersecurity/the-commonspirit-ransomware-attack-1-year-later/","beckershospitalreview.com"
"https://www.hipaajournal.com/lehigh-valley-health-network-blackcat-settlement/","hipaajournal.com"
"https://therecord.media/lehigh-valley-health-network-data-breach-settlement","therecord.media"
"https://www.fiercehealthcare.com/providers/lehigh-valley-health-network-agrees-65m-settlement-over-ransomware-attack-leaked-nude","fiercehealthcare.com"
"https://whyy.org/articles/lehigh-valley-health-data-breach-settlement/","whyy.org"
"https://techcrunch.com/2022/11/08/ransomware-medibank-australia-health-data/","techcrunch.com"
"https://www.insurancejournal.com/news/international/2022/11/14/694867.htm","insurancejournal.com"
"https://www.minister.defence.gov.au/media-releases/2025-02-12/further-cyber-sanctions-response-medibank-private-cyberattack","minister.defence.gov.au"
"https://heimdalsecurity.com/blog/australian-insurer-medibank-confirms-ransomware-attack/","heimdalsecurity.com"
"https://www.hipaajournal.com/care-disrupted-at-london-hospitals-due-to-ransomware-attack-on-pathology-vendor/","hipaajournal.com"
"https://therecord.media/ransomware-nhs-cyberattack-disruption","therecord.media"
"https://www.england.nhs.uk/synnovis-cyber-incident/","england.nhs.uk"
"https://insight.scmagazineuk.com/synnovis-2024-attack-contributing-factor-in-patient-death","insight.scmagazineuk.com"
"https://www.infosecurity-magazine.com/news/synnovis-breach-notification-2024/","infosecurity-magazine.com"
"https://www.sec.gov/Archives/edgar/data/316253/000121390023029594/ea176929-8k_enzo.htm","sec.gov"
"https://www.sec.gov/Archives/edgar/data/926326/000092632623000027/exhibit991q2-23.htm","sec.gov"
"https://www.sec.gov/Archives/edgar/data/1776197/000177619723000028/aku-20231102.htm","sec.gov"
"https://akumin.com/service-updates/","akumin.com"
"https://www.sec.gov/Archives/edgar/data/927066/000119312525079593/d948299d8k.htm","sec.gov"
"https://www.sec.gov/Archives/edgar/data/1561921/000110465924088353/tm2421368d1_ex99-1.htm","sec.gov"
"https://www.sec.gov/Archives/edgar/data/310764/000119312526118634/d94012dex992.htm","sec.gov"
"https://www.sec.gov/Archives/edgar/data/874710/000110465923033243/tm239758d1_ex99-2.htm","sec.gov"
"https://www.sec.gov/Archives/edgar/data/1735948/000110465924061255/tm2414236d1_ex99-1.htm","sec.gov"
"https://www.bleepingcomputer.com/news/security/data-breach-at-medical-billing-firm-mcbs-affects-126-million-people/","bleepingcomputer.com"
"https://www.bleepingcomputer.com/news/security/mckesson-discloses-breach-after-shinyhunters-claims-patient-data-theft/","bleepingcomputer.com"
"https://www.bleepingcomputer.com/news/security/healthcare-it-solutions-provider-chipsoft-hit-by-ransomware-attack/","bleepingcomputer.com"
"https://www.bleepingcomputer.com/news/security/evolution-of-ransomware-multi-extortion-ransomware-attacks/","bleepingcomputer.com"
"https://www.bleepingcomputer.com/news/security/covenant-health-says-may-data-breach-impacted-nearly-478-000-patients/","bleepingcomputer.com"
"https://www.bleepingcomputer.com/news/security/us-indicts-black-kingdom-ransomware-admin-for-microsoft-exchange-attacks/","bleepingcomputer.com"
"https://www.bleepingcomputer.com/news/security/frederick-health-data-breach-impacts-nearly-1-million-patients/","bleepingcomputer.com"
"https://www.bleepingcomputer.com/news/security/everest-ransomwares-dark-web-leak-site-defaced-now-offline/","bleepingcomputer.com"
"https://www.bleepingcomputer.com/news/security/hunters-international-rebrands-as-world-leaks-in-shift-to-data-extortion/","bleepingcomputer.com"
"https://www.bleepingcomputer.com/news/security/uk-fines-software-provider-307-million-for-2022-ransomware-breach/","bleepingcomputer.com"
"https://www.bleepingcomputer.com/news/security/ransomhub-ransomware-uses-new-betruger-multi-function-backdoor/","bleepingcomputer.com"
"https://www.bleepingcomputer.com/news/security/cisa-medusa-ransomware-hit-over-300-critical-infrastructure-orgs/","bleepingcomputer.com"
"https://www.bleepingcomputer.com/news/security/australian-ivf-giant-genea-breached-by-termite-ransomware-gang/","bleepingcomputer.com"
"https://www.bleepingcomputer.com/news/security/ransomware-attack-disrupts-new-york-blood-donation-giant/","bleepingcomputer.com"
"https://www.bleepingcomputer.com/news/security/unitedhealth-now-says-190-million-impacted-by-2024-data-breach/","bleepingcomputer.com"
"https://www.bleepingcomputer.com/news/security/oneblood-confirms-personal-data-stolen-in-july-ransomware-attack/","bleepingcomputer.com"
"https://www.bleepingcomputer.com/news/security/ransomware-gang-leaks-data-stolen-in-rhode-islands-ribridges-breach/","bleepingcomputer.com"
"https://www.bleepingcomputer.com/news/security/ascension-health-data-of-56-million-stolen-in-ransomware-attack/","bleepingcomputer.com"
"https://www.bleepingcomputer.com/news/security/ransomware-attack-hits-leading-heart-surgery-device-maker/","bleepingcomputer.com"
"https://www.bleepingcomputer.com/news/security/anna-jaques-hospital-ransomware-breach-exposed-data-of-300k-patients/","bleepingcomputer.com"
"https://www.bleepingcomputer.com/news/security/cisa-says-bianlian-ransomware-now-focuses-only-on-data-theft/","bleepingcomputer.com"
"https://www.bleepingcomputer.com/news/security/us-charges-phobos-ransomware-admin-after-south-korea-extradition/","bleepingcomputer.com"
"https://www.bleepingcomputer.com/news/security/henry-schein-discloses-data-breach-a-year-after-ransomware-attack/","bleepingcomputer.com"
"https://www.bleepingcomputer.com/news/security/new-qilin-ransomware-encryptor-features-stronger-encryption-evasion/","bleepingcomputer.com"
"https://www.bleepingcomputer.com/news/security/ransomware-attack-forces-umc-health-system-to-divert-some-patients/","bleepingcomputer.com"
"https://www.bleepingcomputer.com/news/healthcare/us-govt-agency-cms-says-data-breach-impacted-31-million-people/","bleepingcomputer.com"
"https://www.bleepingcomputer.com/news/security/planned-parenthood-confirms-cyberattack-as-ransomhub-claims-breach/","bleepingcomputer.com"
"https://www.bleepingcomputer.com/news/security/3am-ransomware-stole-data-of-464-000-kootenai-health-patients/","bleepingcomputer.com"
"https://www.bleepingcomputer.com/news/security/mclaren-hospitals-disruption-linked-to-inc-ransomware-attack/","bleepingcomputer.com"
"https://www.bleepingcomputer.com/news/security/dark-angels-ransomware-receives-record-breaking-75-million-ransom/","bleepingcomputer.com"
"https://www.bleepingcomputer.com/news/security/medisecure-ransomware-gang-stole-data-of-129-million-people/","bleepingcomputer.com"
"https://www.bleepingcomputer.com/news/security/microsoft-links-scattered-spider-hackers-to-qilin-ransomware-attacks/","bleepingcomputer.com"
"https://www.bleepingcomputer.com/news/security/chinese-cyberspies-employ-ransomware-in-attacks-for-diversion/","bleepingcomputer.com"
"https://www.bleepingcomputer.com/news/security/change-healthcare-lists-the-medical-data-stolen-in-ransomware-attack/","bleepingcomputer.com"
"https://www.bleepingcomputer.com/news/security/singing-river-health-system-data-of-895-000-stolen-in-ransomware-attack/","bleepingcomputer.com"
"https://www.bleepingcomputer.com/news/security/french-hospital-chc-sv-refuses-to-pay-lockbit-extortion-demand/","bleepingcomputer.com"
"https://www.bleepingcomputer.com/news/security/synlab-italia-suspends-operations-following-ransomware-attack/","bleepingcomputer.com"
"https://www.bleepingcomputer.com/news/security/ghc-scw-ransomware-gang-stole-health-data-of-533-000-people/","bleepingcomputer.com"
"https://www.bleepingcomputer.com/news/security/inc-ransom-threatens-to-leak-3tb-of-nhs-scotland-stolen-data/","bleepingcomputer.com"
"https://www.bleepingcomputer.com/news/security/blackcat-ransomware-turns-off-servers-amid-claim-they-stole-22-million-ransom/","bleepingcomputer.com"
"https://www.bleepingcomputer.com/news/security/rhysida-ransomware-wants-36-million-for-childrens-stolen-data/","bleepingcomputer.com"
"https://www.bleepingcomputer.com/news/security/fbi-cisa-warn-us-hospitals-of-targeted-blackcat-ransomware-attacks/","bleepingcomputer.com"
"https://www.bleepingcomputer.com/news/security/capital-health-attack-claimed-by-lockbit-ransomware-risk-of-data-leak/","bleepingcomputer.com"
"https://www.bleepingcomputer.com/news/security/the-week-in-ransomware-december-29th-2023-lockbit-targets-hospitals/","bleepingcomputer.com"
"https://www.bleepingcomputer.com/news/security/lockbit-ransomware-disrupts-emergency-care-at-german-hospitals/","bleepingcomputer.com"
"https://www.bleepingcomputer.com/news/security/integris-health-patients-get-extortion-emails-after-cyberattack/","bleepingcomputer.com"
"https://www.bleepingcomputer.com/news/security/healthcare-software-provider-data-breach-impacts-27-million/","bleepingcomputer.com"
"https://www.bleepingcomputer.com/news/security/ransomware-gang-behind-threats-to-fred-hutch-cancer-patients/","bleepingcomputer.com"
"https://www.bleepingcomputer.com/news/security/norton-healthcare-discloses-data-breach-after-may-ransomware-attack/","bleepingcomputer.com"
"https://www.bleepingcomputer.com/news/security/ardent-hospital-ers-disrupted-in-6-states-after-ransomware-attack/","bleepingcomputer.com"
"https://www.bleepingcomputer.com/news/security/welltok-data-breach-exposes-data-of-85-million-us-patients/","bleepingcomputer.com"
"https://www.bleepingcomputer.com/news/security/the-rise-of-ransomware-in-healthcare-what-it-leaders-need-to-know/","bleepingcomputer.com"
"https://www.bleepingcomputer.com/news/security/transform-says-ransomware-data-breach-affects-267-000-patients/","bleepingcomputer.com"
"https://www.bleepingcomputer.com/news/security/born-ontario-child-registry-data-breach-affects-34-million-people/","bleepingcomputer.com"
"https://www.bleepingcomputer.com/news/security/the-week-in-ransomware-september-8th-2023-conti-indictments/","bleepingcomputer.com"
"https://www.bleepingcomputer.com/news/security/moms-meals-discloses-data-breach-impacting-12-million-people/","bleepingcomputer.com"
"https://www.bleepingcomputer.com/news/security/rhysida-claims-ransomware-attack-on-prospect-medical-threatens-to-sell-data/","bleepingcomputer.com"
"https://www.bleepingcomputer.com/news/security/the-week-in-ransomware-august-11th-2023-targeting-healthcare/","bleepingcomputer.com"
"https://www.bleepingcomputer.com/news/security/the-week-in-ransomware-august-4th-2023-targeting-vmware-esxi/","bleepingcomputer.com"
"https://www.bleepingcomputer.com/news/security/the-week-in-ransomware-june-9th-2023-its-clop-again/","bleepingcomputer.com"
"https://www.bleepingcomputer.com/news/security/the-week-in-ransomware-june-2nd-2023-whodunit/","bleepingcomputer.com"
"https://www.bleepingcomputer.com/news/security/mcna-dental-data-breach-impacts-89-million-people-after-ransomware-attack/","bleepingcomputer.com"
"https://www.bleepingcomputer.com/news/security/russian-ransomware-affiliate-charged-with-attacks-on-critical-infrastructure/","bleepingcomputer.com"
"https://www.bleepingcomputer.com/news/security/ransomware-gang-steals-data-of-58-million-pharmerica-patients/","bleepingcomputer.com"
"https://www.bleepingcomputer.com/news/security/brightline-data-breach-impacts-783k-pediatric-mental-health-patients/","bleepingcomputer.com"
"https://www.bleepingcomputer.com/news/security/the-week-in-ransomware-march-10th-2023-police-take-action/","bleepingcomputer.com"
"https://www.bleepingcomputer.com/news/security/california-medical-group-data-breach-impacts-33-million-patients/","bleepingcomputer.com"
"https://www.bleepingcomputer.com/news/security/drug-distributor-amerisourcebergen-confirms-security-breach/","bleepingcomputer.com"
"https://www.bleepingcomputer.com/news/security/the-week-in-ransomware-february-3rd-2023-ending-with-a-mess/","bleepingcomputer.com"
"https://www.bleepingcomputer.com/news/security/the-week-in-ransomware-january-6th-2023-targeting-healthcare/","bleepingcomputer.com"
"https://www.bleepingcomputer.com/news/security/ransomware-gang-apologizes-gives-sickkids-hospital-free-decryptor/","bleepingcomputer.com"
"https://www.bleepingcomputer.com/news/security/ransomware-attack-at-louisiana-hospital-impacts-270-000-patients/","bleepingcomputer.com"
"https://www.bleepingcomputer.com/news/security/the-week-in-ransomware-december-9th-2022-wide-impact/","bleepingcomputer.com"
"https://www.bleepingcomputer.com/news/security/commonspirit-health-ransomware-attack-exposed-data-of-623-000-patients/","bleepingcomputer.com"
"https://www.bleepingcomputer.com/news/security/the-week-in-ransomware-december-2nd-2022-disrupting-health-care/","bleepingcomputer.com"
"https://www.bleepingcomputer.com/news/security/medibank-warns-customers-their-data-was-leaked-by-ransomware-gang/","bleepingcomputer.com"
"https://www.medibank.com.au","medibank.com.au"
"https://www.afp.gov.au","afp.gov.au"
"https://www.bleepingcomputer.com/news/security/ransomware-gang-threatens-to-release-stolen-medibank-data/","bleepingcomputer.com"
"https://www.bleepingcomputer.com/news/security/australian-clinical-labs-says-patient-data-stolen-in-ransomware-attack/","bleepingcomputer.com"
"https://www.bleepingcomputer.com/news/security/the-week-in-ransomware-october-14th-2022-bitcoin-trickery/","bleepingcomputer.com"
"https://www.bleepingcomputer.com/news/security/the-week-in-ransomware-october-7th-2022-a-20-year-sentence/","bleepingcomputer.com"
"https://www.bleepingcomputer.com/news/security/the-week-in-ransomware-september-23rd-2022-lockbit-leak/","bleepingcomputer.com"
"https://www.bleepingcomputer.com/news/security/french-hospital-hit-by-10m-ransomware-attack-sends-patients-elsewhere/","bleepingcomputer.com"
"https://www.bleepingcomputer.com/news/security/uk-nhs-service-recovery-may-take-a-month-after-msp-ransomware-attack/","bleepingcomputer.com"
"https://www.bleepingcomputer.com/news/security/fbi-recovers-500-000-healthcare-orgs-paid-to-maui-ransomware/","bleepingcomputer.com"
"https://www.bleepingcomputer.com/news/security/the-week-in-ransomware-july-8th-2022-one-down-many-to-go/","bleepingcomputer.com"
"https://www.bleepingcomputer.com/news/security/us-links-thanos-and-jigsaw-ransomware-to-55-year-old-doctor/","bleepingcomputer.com"
"https://www.bleepingcomputer.com/news/security/us-offers-15-million-reward-for-info-on-conti-ransomware-gang/","bleepingcomputer.com"
"https://en.wikipedia.org/wiki/Kaseya_VSA_ransomware_attack","en.wikipedia.org"
"https://www.cisa.gov/news-events/alerts/2021/07/04/cisa-fbi-guidance-msps-and-their-customers-affected-kaseya-vsa-supply-chain-ransomware-attack","cisa.gov"
"https://www.csoonline.com/article/571081/the-kaseya-ransomware-attack-a-timeline.html","csoonline.com"
"https://en.wikipedia.org/wiki/2023_MOVEit_data_breach","en.wikipedia.org"
"https://www.emsisoft.com/en/blog/44123/unpacking-the-moveit-breach-statistics-and-analysis/","emsisoft.com"
"https://techcrunch.com/2023/08/25/moveit-mass-hack-by-the-numbers/","techcrunch.com"
"https://www.cybersecuritydive.com/news/progress-software-moveit-meltdown/703659/","cybersecuritydive.com"
"https://cyberscoop.com/cdk-ransom-blacksuit-25-million/","cyberscoop.com"
"https://www.techtarget.com/whatis/feature/The-CDK-Global-outage-Explaining-how-it-happened","techtarget.com"
"https://www.blackfog.com/cdk-global-ransomware-attack/","blackfog.com"
"https://www.bleepingcomputer.com/news/security/ingram-micro-outage-caused-by-safepay-ransomware-attack/","bleepingcomputer.com"
"https://www.darkreading.com/cyberattacks-data-breaches/ransomware-attack-outage-ingram-micro","darkreading.com"
"https://www.webpronews.com/ingram-micro-ransomware-attack-by-safepay-exposes-42000-employee-records/","webpronews.com"
"https://www.techrepublic.com/article/apple-supplier-quanta-hit-with-50-million-ransomware-attack-from-revil/","techrepublic.com"
"https://www.forbes.com/sites/daveywinder/2021/04/23/ransomware-gang-demands-50-million-for-apple-watch-and-macbook-pro-blueprints/","forbes.com"
"https://www.cnbc.com/2021/04/23/axis-of-revil-inside-the-hacker-collective-taunting-apple.html","cnbc.com"
"https://www.bleepingcomputer.com/news/security/software-ag-it-giant-hit-with-23-million-ransom-by-clop-ransomware/","bleepingcomputer.com"
"https://threatpost.com/software-ag-data-clop-ransomware/160042/","threatpost.com"
"https://www.infosecurity-magazine.com/news/software-ag-datastealing/","infosecurity-magazine.com"
"https://www.bleepingcomputer.com/news/security/hunters-international-ransomware-claims-attack-on-tata-technologies/","bleepingcomputer.com"
"https://techcrunch.com/2025/03/11/tata-technologies-data-leaked-by-ransomware-gang/","techcrunch.com"
"https://securityaffairs.com/174953/data-breach/ransomware-group-hunters-international-claims-to-have-hacked-tata-technologies.html","securityaffairs.com"
"https://www.bleepingcomputer.com/news/security/indian-tech-giant-tata-technologies-hit-by-ransomware-attack/","bleepingcomputer.com"
"https://www.sec.gov/Archives/edgar/data/882508/000143774923006511/ex_488676.htm","sec.gov"
"https://www.sec.gov/Archives/edgar/data/70866/000119312523103016/d472247d8k.htm","sec.gov"
"https://www.sec.gov","sec.gov"
"https://www.bleepingcomputer.com/news/security/dish-network-likely-paid-ransom-after-recent-ransomware-attack/","bleepingcomputer.com"
"https://www.sec.gov/Archives/edgar/data/1001082/000155837023002254/dish-20230223x8k.htm","sec.gov"
"https://www.sec.gov/Archives/edgar/data/70866/000007086624000023/exhibit992-q12024callsli.htm","sec.gov"
"https://www.sec.gov/Archives/edgar/data/1838163/000149315225002670/ex99-1.htm","sec.gov"
"https://www.sec.gov/Archives/edgar/data/1810019/000181001924000029/rxtlenderpresentationcle.htm","sec.gov"
"https://www.bleepingcomputer.com/news/security/new-play-ransomware-linux-version-targets-vmware-esxi-vms/","bleepingcomputer.com"
"https://www.sec.gov/Archives/edgar/data/1897762/000162828025034372/pressrelease-cybersecurity.htm","sec.gov"
"https://www.sec.gov/Archives/edgar/data/351998/000165495425010613/daio_ex990.htm","sec.gov"
"https://www.sec.gov/Archives/edgar/data/732026/000143774926009193/trt20260320_8k.htm","sec.gov"
"https://www.sec.gov/Archives/edgar/data/1838163/000149315225002670/form8-k.htm","sec.gov"
"https://www.bleepingcomputer.com/news/security/cisa-sonicwall-sma1000-flaws-now-exploited-by-ransomware-gangs/","bleepingcomputer.com"
"https://www.bleepingcomputer.com/news/security/critical-globalprotect-vpn-bug-now-exploited-in-ransomware-attacks/","bleepingcomputer.com"
"https://www.bleepingcomputer.com/news/security/jadepuffer-agentic-attacks-now-target-ai-model-data-with-ransomware/","bleepingcomputer.com"
"https://www.bleepingcomputer.com/news/security/trellix-source-code-breach-claimed-by-ransomhouse-hackers/","bleepingcomputer.com"
"https://www.bleepingcomputer.com/news/security/critrical-cpanel-flaw-mass-exploited-in-sorry-ransomware-attacks/","bleepingcomputer.com"
"https://www.bleepingcomputer.com/news/security/interlock-ransomware-exploited-secure-fmc-flaw-in-zero-day-attacks-since-january/","bleepingcomputer.com"
"https://www.bleepingcomputer.com/news/security/us-charges-another-ransomware-negotiator-linked-to-blackcat-attacks/","bleepingcomputer.com"
"https://www.bleepingcomputer.com/news/security/marquis-sues-sonicwall-over-backup-breach-that-led-to-ransomware-attack/","bleepingcomputer.com"
"https://www.bleepingcomputer.com/news/security/japanese-tech-giant-advantest-hit-by-ransomware-attack/","bleepingcomputer.com"
"https://www.bleepingcomputer.com/news/security/hackers-breach-smartertools-network-using-flaw-in-its-own-software/","bleepingcomputer.com"
"https://www.bleepingcomputer.com/news/security/hitachi-vantara-takes-servers-offline-after-akira-ransomware-attack/","bleepingcomputer.com"
"https://www.bleepingcomputer.com/news/security/vscode-extensions-found-downloading-early-stage-ransomware/","bleepingcomputer.com"
"https://www.bleepingcomputer.com/news/security/new-superblack-ransomware-exploits-fortinet-auth-bypass-flaws/","bleepingcomputer.com"
"https://www.bleepingcomputer.com/news/security/qilin-ransomware-claims-attack-at-lee-enterprises-leaks-stolen-data/","bleepingcomputer.com"
"https://www.bleepingcomputer.com/news/security/french-govt-contractor-atos-denies-space-bears-ransomware-attack-claims/","bleepingcomputer.com"
"https://www.bleepingcomputer.com/news/security/the-biggest-cybersecurity-and-cyberattack-stories-of-2024/","bleepingcomputer.com"
"https://www.bleepingcomputer.com/news/security/clop-ransomware-claims-responsibility-for-cleo-data-theft-attacks/","bleepingcomputer.com"
"https://www.bleepingcomputer.com/news/security/blue-yonder-saas-giant-breached-by-termite-ransomware-gang/","bleepingcomputer.com"
"https://www.bleepingcomputer.com/news/security/helldown-ransomware-exploits-zyxel-vpn-flaw-to-breach-networks/","bleepingcomputer.com"
"https://www.bleepingcomputer.com/news/security/critical-veeam-rce-bug-now-used-in-frag-ransomware-attacks/","bleepingcomputer.com"
"https://www.bleepingcomputer.com/news/security/blacksuit-ransomware-stole-data-of-950-000-from-software-vendor/","bleepingcomputer.com"
"https://www.bleepingcomputer.com/news/security/new-mad-liberator-gang-uses-fake-windows-update-screen-to-hide-data-theft/","bleepingcomputer.com"
"https://www.bleepingcomputer.com/news/security/sec-ends-probe-into-moveit-attacks-impacting-95-million-people/","bleepingcomputer.com"
"https://www.bleepingcomputer.com/news/security/hunters-international-ransomware-gang-targets-it-workers-with-new-sharprhino-malware/","bleepingcomputer.com"
"https://www.bleepingcomputer.com/news/security/cisa-warns-of-vmware-esxi-bug-exploited-in-ransomware-attacks/","bleepingcomputer.com"
"https://www.bleepingcomputer.com/news/security/blacksuit-ransomware-gang-claims-attack-on-kadokawa-corporation/","bleepingcomputer.com"
"https://www.bleepingcomputer.com/news/security/p2pinfect-botnet-targets-redis-servers-with-new-ransomware-module/","bleepingcomputer.com"
"https://www.bleepingcomputer.com/news/security/philadelphia-inquirer-data-of-over-25-000-people-stolen-in-2023-breach/","bleepingcomputer.com"
"https://www.bleepingcomputer.com/news/security/hellokitty-ransomware-rebrands-releases-cd-projekt-and-cisco-data/","bleepingcomputer.com"
"https://www.bleepingcomputer.com/news/security/switzerland-play-ransomware-leaked-65-000-government-documents/","bleepingcomputer.com"
"https://www.bleepingcomputer.com/news/security/insomniac-games-alerts-employees-hit-by-ransomware-data-breach/","bleepingcomputer.com"
"https://www.bleepingcomputer.com/news/security/ftc-orders-blackbaud-to-boost-security-after-massive-data-breach/","bleepingcomputer.com"
"https://www.bleepingcomputer.com/news/security/tietoevry-ransomware-attack-causes-outages-for-swedish-firms-cities/","bleepingcomputer.com"
"https://www.bleepingcomputer.com/news/security/the-week-in-ransomware-january-5th-2024-secret-decryptors/","bleepingcomputer.com"
"https://www.bleepingcomputer.com/news/security/htc-global-services-confirms-cyberattack-after-data-leaked-online/","bleepingcomputer.com"
"https://www.bleepingcomputer.com/news/security/cactus-ransomware-exploiting-qlik-sense-flaws-to-breach-networks/","bleepingcomputer.com"
"https://www.bleepingcomputer.com/news/security/black-basta-ransomware-made-over-100-million-from-extortion/","bleepingcomputer.com"
"https://www.bleepingcomputer.com/news/security/ransomware-gang-files-sec-complaint-over-victims-undisclosed-breach/","bleepingcomputer.com"
"https://www.bleepingcomputer.com/news/security/microsoft-sysaid-zero-day-flaw-exploited-in-clop-ransomware-attacks/","bleepingcomputer.com"
"https://www.bleepingcomputer.com/news/security/critical-atlassian-confluence-bug-exploited-in-cerber-ransomware-attacks/","bleepingcomputer.com"
"https://www.bleepingcomputer.com/news/security/sony-confirms-data-breach-impacting-thousands-in-the-us/","bleepingcomputer.com"
"https://www.bleepingcomputer.com/news/security/hackers-actively-exploiting-openfire-flaw-to-encrypt-servers/","bleepingcomputer.com"
"https://www.bleepingcomputer.com/news/security/blackcat-ransomware-hits-azure-storage-with-sphynx-encryptor/","bleepingcomputer.com"
"https://www.bleepingcomputer.com/news/security/logicmonitor-customers-hacked-in-reported-ransomware-attacks/","bleepingcomputer.com"
"https://www.bleepingcomputer.com/news/security/attacks-on-citrix-netscaler-systems-linked-to-ransomware-actor/","bleepingcomputer.com"
"https://www.bleepingcomputer.com/news/security/hosting-firm-says-it-lost-all-customer-data-after-ransomware-attack/","bleepingcomputer.com"
"https://www.bleepingcomputer.com/news/security/lolekhosted-admin-arrested-for-aiding-netwalker-ransomware-gang/","bleepingcomputer.com"
"https://www.bleepingcomputer.com/news/security/tsmc-denies-lockbit-hack-as-ransomware-gang-demands-70-million/","bleepingcomputer.com"
"https://www.bleepingcomputer.com/news/security/clop-ransomware-claims-responsibility-for-moveit-extortion-attacks/","bleepingcomputer.com"
"https://www.bleepingcomputer.com/news/security/the-week-in-ransomware-may-19th-2023-a-shifting-landscape/","bleepingcomputer.com"
"https://www.bleepingcomputer.com/news/security/malaslocker-ransomware-targets-zimbra-servers-demands-charity-donation/","bleepingcomputer.com"
"https://www.bleepingcomputer.com/news/security/scansource-says-ransomware-attack-behind-multi-day-outages/","bleepingcomputer.com"
"https://www.bleepingcomputer.com/news/security/alphv-gang-claims-ransomware-attack-on-constellation-software/","bleepingcomputer.com"
"https://www.bleepingcomputer.com/news/security/the-week-in-ransomware-april-28th-2023-clop-at-it-again/","bleepingcomputer.com"
"https://www.bleepingcomputer.com/news/security/microsoft-clop-and-lockbit-ransomware-behind-papercut-server-hacks/","bleepingcomputer.com"
"https://www.bleepingcomputer.com/news/security/yellow-pages-canada-confirms-cyber-attack-as-black-basta-leaks-data/","bleepingcomputer.com"
"https://www.bleepingcomputer.com/news/security/fortra-shares-findings-on-goanywhere-mft-zero-day-attacks/","bleepingcomputer.com"
"https://www.bleepingcomputer.com/news/security/hackers-start-abusing-action1-rmm-in-ransomware-attacks/","bleepingcomputer.com"
"https://www.bleepingcomputer.com/news/security/msi-confirms-security-breach-following-ransomware-attack-claims/","bleepingcomputer.com"
"https://www.bleepingcomputer.com/news/security/vmware-warns-admins-to-patch-esxi-servers-disable-openslp-service/","bleepingcomputer.com"
"https://www.bleepingcomputer.com/news/security/massive-esxiargs-ransomware-attack-targets-vmware-esxi-servers-worldwide/","bleepingcomputer.com"
"https://www.bleepingcomputer.com/news/security/avast-releases-free-bianlian-ransomware-decryptor/","bleepingcomputer.com"
"https://www.bleepingcomputer.com/news/security/ransomware-attack-halts-circulation-of-some-german-newspapers/","bleepingcomputer.com"
"https://www.bleepingcomputer.com/news/security/police-tricks-deadbolt-ransomware-out-of-155-decryption-keys/","bleepingcomputer.com"
"https://www.bleepingcomputer.com/news/security/microsoft-exchange-servers-hacked-to-deploy-lockbit-ransomware/","bleepingcomputer.com"
"https://www.bleepingcomputer.com/news/security/adata-denies-ransomhouse-cyberattack-says-leaked-data-from-2021-breach/","bleepingcomputer.com"
"https://www.bleepingcomputer.com/news/security/microsoft-sql-servers-hacked-in-targetcompany-ransomware-attacks/","bleepingcomputer.com"
"https://www.bleepingcomputer.com/news/security/qnap-patches-zero-day-used-in-new-deadbolt-ransomware-attacks/","bleepingcomputer.com"
"https://www.bleepingcomputer.com/news/security/leading-library-services-firm-baker-and-taylor-hit-by-ransomware/","bleepingcomputer.com"
"https://www.bleepingcomputer.com/news/security/lockbit-ransomware-gang-gets-aggressive-with-triple-extortion-tactic/","bleepingcomputer.com"
"https://www.bleepingcomputer.com/news/security/bandai-namco-confirms-hack-after-alphv-ransomware-data-leak-threat/","bleepingcomputer.com"
"https://www.bleepingcomputer.com/news/security/qnap-warns-of-new-checkmate-ransomware-targeting-nas-devices/","bleepingcomputer.com"
"https://www.bleepingcomputer.com/news/security/the-week-in-ransomware-july-1st-2022-bug-bounties/","bleepingcomputer.com"
"https://www.bleepingcomputer.com/news/security/confluence-servers-hacked-to-deploy-avoslocker-cerber2021-ransomware/","bleepingcomputer.com"
"https://www.bleepingcomputer.com/news/security/mandiant-no-evidence-we-were-hacked-by-lockbit-ransomware/","bleepingcomputer.com"
"https://www.bleepingcomputer.com/news/security/the-week-in-ransomware-may-20th-2022-another-one-bites-the-dust/","bleepingcomputer.com"
"https://t.co/EPFLIfCsNY","t.co"
"https://www.bleepingcomputer.com/news/security/media-giant-nikkeis-asian-unit-hit-by-ransomware-attack/","bleepingcomputer.com"
"https://www.bleepingcomputer.com/news/security/online-library-app-onleihe-faces-issues-after-cyberattack-on-provider/","bleepingcomputer.com"
"https://www.securityweek.com/ransomware-attack-costs-norsk-hydro-tens-millions-dollars/","securityweek.com"
"https://www.computerweekly.com/news/252467199/Norsk-Hydro-cyber-attack-could-cost-up-to-75m","computerweekly.com"
"https://news.microsoft.com/source/features/digital-transformation/hackers-hit-norsk-hydro-ransomware-company-responded-transparency/","news.microsoft.com"
"https://www.darkreading.com/cyberattacks-data-breaches/6-things-to-know-about-the-ransomware-that-hit-norsk-hydro","darkreading.com"
"https://www.theregister.com/2020/06/09/honda_ransomware_snake_ekans_malware/","theregister.com"
"https://www.computerweekly.com/news/252484389/Honda-investigates-suspected-Snake-ransomware-attack","computerweekly.com"
"https://cyote.inl.gov/content/uploads/24/2025/12/CyOTE-Case-Study_EKANS.pdf","cyote.inl.gov"
"https://www.bleepingcomputer.com/news/security/foxconn-electronics-giant-hit-by-ransomware-34-million-ransom/","bleepingcomputer.com"
"https://www.securityweek.com/foxconn-confirms-ransomware-hit-factory-mexico/","securityweek.com"
"https://securityaffairs.com/112033/cyber-crime/foxconn-doppelpaymer-ransomware.html","securityaffairs.com"
"https://techcrunch.com/2021/12/10/volvo-had-some-rd-data-stolen-in-security-breach/","techcrunch.com"
"https://www.bleepingcomputer.com/news/security/volvo-cars-discloses-security-breach-leading-to-randd-data-theft/","bleepingcomputer.com"
"https://www.cpomagazine.com/cyber-security/volvo-security-breach-led-to-rd-data-theft-by-snatch-threat-actors/","cpomagazine.com"
"https://www.bleepingcomputer.com/news/security/bridgestone-americas-confirms-ransomware-attack-lockbit-leaks-data/","bleepingcomputer.com"
"https://www.msspalert.com/news/bridgestone-cyberattack-timeline-and-ransomware-recovery-details","msspalert.com"
"https://industrialcyber.co/threats-attacks/bridgestone-cyberattack-disrupts-manufacturing-raises-supply-chain-concerns/","industrialcyber.co"
"https://www.darkreading.com/ics-ot-security/bridgestone-ciso-lessons-ransomware-attack-acting-thinking","darkreading.com"
"https://www.bleepingcomputer.com/news/security/lockbit-ransomware-claims-attack-on-continental-automotive-giant/","bleepingcomputer.com"
"https://www.scworld.com/brief/stolen-data-from-continental-ransomware-attack-for-sale-for-50m","scworld.com"
"https://www.securityweek.com/ransomware-gang-offers-sell-files-stolen-continental-50-million/","securityweek.com"
"https://borncity.com/win/2022/12/17/ransomware-at-continental-infection-via-an-employees-browser-download/","borncity.com"
"https://www.bleepingcomputer.com/news/security/yamaha-motor-confirms-ransomware-attack-on-philippines-subsidiary/","bleepingcomputer.com"
"https://www.securityweek.com/yamaha-motor-confirms-data-breach-following-ransomware-attack/","securityweek.com"
"https://gbhackers.com/yamaha-ransomware-attack/","gbhackers.com"
"https://www.bleepingcomputer.com/news/security/nissan-australia-cyberattack-claimed-by-akira-ransomware-gang/","bleepingcomputer.com"
"https://www.securityweek.com/nissan-data-breach-affects-100000-individuals/","securityweek.com"
"https://www.cpomagazine.com/cyber-security/nissan-oceania-data-breach-impacts-100000-individuals-in-australia-and-new-zealand/","cpomagazine.com"
"https://securityaffairs.com/156283/cyber-crime/akira-ransomware-breached-nissan-australia.html","securityaffairs.com"
"https://www.sec.gov/Archives/edgar/data/1049502/000095017023017248/mksi-ex99_1.htm","sec.gov"
"https://www.sec.gov/Archives/edgar/data/1718512/000171851223000016/gtes-20230211.htm","sec.gov"
"https://www.sec.gov/Archives/edgar/data/1537435/000153743523000036/tgen-20230503.htm","sec.gov"
"https://www.sec.gov/Archives/edgar/data/875657/000143774923005169/ulbi20230301_8k.htm","sec.gov"
"https://www.sec.gov/Archives/edgar/data/1822492/000182249224000059/hillmanpr-termnoterepricin.htm","sec.gov"
"https://www.sec.gov/Archives/edgar/data/1354327/000095017023003596/pgti-ex99_1.htm","sec.gov"
"https://www.sec.gov/Archives/edgar/data/1359841/000119312523031373/d438262dex991.htm","sec.gov"
"https://www.sec.gov/Archives/edgar/data/1477294/000147729425000047/st-20250406.htm","sec.gov"
"https://www.sec.gov/Archives/edgar/data/21344/000162828026048466/ko-20260716.htm","sec.gov"
"https://www.sec.gov/Archives/edgar/data/1350593/000135059323000054/mwa-20231129.htm","sec.gov"
"https://www.bleepingcomputer.com/news/security/johnson-controls-says-ransomware-attack-cost-27-million-data-stolen/","bleepingcomputer.com"
"https://www.sec.gov/Archives/edgar/data/833444/000083344423000038/jci-20231113.htm","sec.gov"
"https://www.sec.gov/Archives/edgar/data/1822492/000182249224000085/hillmanq12024earningscal.htm","sec.gov"
"https://www.bleepingcomputer.com/news/security/coca-cola-confirms-data-theft-in-fairlife-ransomware-attack/","bleepingcomputer.com"
"https://www.bleepingcomputer.com/news/security/anubis-ransomware-claims-coca-cola-fairlife-attack-threatens-data-leak/","bleepingcomputer.com"
"https://www.bleepingcomputer.com/news/security/coca-cola-says-fairlife-ransomware-attack-halts-us-dairy-production/","bleepingcomputer.com"
"https://www.bleepingcomputer.com/news/security/blackfield-ransomware-asks-nidec-corporation-for-2-million-ransom/","bleepingcomputer.com"
"https://www.bleepingcomputer.com/news/security/west-pharmaceutical-says-hackers-stole-data-encrypted-systems/","bleepingcomputer.com"
"https://www.bleepingcomputer.com/news/security/electronics-giant-foxconn-confirms-cyberattack-on-north-american-factories/","bleepingcomputer.com"
"https://www.bleepingcomputer.com/news/security/paint-maker-giant-akzonobel-confirms-cyberattack-on-us-site/","bleepingcomputer.com"
"https://www.bleepingcomputer.com/news/security/sensata-technologies-hit-by-ransomware-attack-impacting-operations/","bleepingcomputer.com"
"https://www.bleepingcomputer.com/news/security/food-giant-wk-kellogg-discloses-data-breach-linked-to-clop-ransomware/","bleepingcomputer.com"
"https://www.bleepingcomputer.com/news/security/sarcoma-ransomware-claims-breach-at-giant-pcb-maker-unimicron/","bleepingcomputer.com"
"https://www.bleepingcomputer.com/news/security/mizuno-usa-says-hackers-stayed-in-its-network-for-two-months/","bleepingcomputer.com"
"https://www.bleepingcomputer.com/news/security/casio-says-data-of-8-500-people-exposed-in-october-ransomware-attack/","bleepingcomputer.com"
"https://www.bleepingcomputer.com/news/security/vodka-maker-stoli-files-for-bankruptcy-in-us-after-ransomware-attack/","bleepingcomputer.com"
"https://www.bleepingcomputer.com/news/security/ransomhub-claims-kawasaki-cyberattack-threatens-to-leak-stolen-data/","bleepingcomputer.com"
"https://www.bleepingcomputer.com/news/security/microchip-technology-confirms-data-was-stolen-in-cyberattack/","bleepingcomputer.com"
"https://www.bleepingcomputer.com/news/security/keytronic-reports-losses-of-over-17-million-after-ransomware-attack/","bleepingcomputer.com"
"https://www.bleepingcomputer.com/news/microsoft/microsoft-ransomware-gangs-exploit-vmware-esxi-auth-bypass-in-attacks/","bleepingcomputer.com"
"https://www.bleepingcomputer.com/news/security/australian-mining-company-discloses-breach-after-bianlian-leaks-data/","bleepingcomputer.com"
"https://www.bleepingcomputer.com/news/security/omnivision-discloses-data-breach-after-2023-ransomware-attack/","bleepingcomputer.com"
"https://www.bleepingcomputer.com/news/security/chipmaker-nexperia-confirms-breach-after-ransomware-gang-leaks-data/","bleepingcomputer.com"
"https://www.bleepingcomputer.com/news/security/optics-giant-hoya-hit-with-10-million-ransomware-demand/","bleepingcomputer.com"
"https://www.bleepingcomputer.com/news/security/nissan-confirms-ransomware-attack-exposed-data-of-100-000-people/","bleepingcomputer.com"
"https://www.bleepingcomputer.com/news/security/duvel-says-it-has-more-than-enough-beer-after-ransomware-attack/","bleepingcomputer.com"
"https://www.bleepingcomputer.com/news/security/hyundai-motor-europe-hit-by-black-basta-ransomware-attack/","bleepingcomputer.com"
"https://www.bleepingcomputer.com/news/security/the-week-in-ransomware-december-22nd-2023-blackcat-hacked/","bleepingcomputer.com"
"https://www.bleepingcomputer.com/news/security/navy-contractor-austal-usa-confirms-cyberattack-after-data-leak/","bleepingcomputer.com"
"https://www.bleepingcomputer.com/news/security/linux-version-of-qilin-ransomware-focuses-on-vmware-esxi/","bleepingcomputer.com"
"https://www.bleepingcomputer.com/news/security/qilin-ransomware-claims-attack-on-automotive-giant-yanfeng/","bleepingcomputer.com"
"https://www.bleepingcomputer.com/news/security/citrix-warns-admins-to-kill-netscaler-user-sessions-to-block-hackers/","bleepingcomputer.com"
"https://www.bleepingcomputer.com/news/security/kyocera-avx-says-ransomware-attack-impacted-39-000-individuals/","bleepingcomputer.com"
"https://www.bleepingcomputer.com/news/security/seiko-says-ransomware-attack-exposed-sensitive-customer-data/","bleepingcomputer.com"
"https://www.bleepingcomputer.com/news/security/fbi-dual-ransomware-attack-victims-now-get-hit-within-48-hours/","bleepingcomputer.com"
"https://www.bleepingcomputer.com/news/security/the-week-in-ransomware-june-30th-2023-mistaken-identity/","bleepingcomputer.com"
"https://www.bleepingcomputer.com/news/security/us-govt-contractor-abb-confirms-ransomware-attack-data-theft/","bleepingcomputer.com"
"https://www.bleepingcomputer.com/news/security/arms-maker-rheinmetall-confirms-blackbasta-ransomware-attack/","bleepingcomputer.com"
"https://www.bleepingcomputer.com/news/security/a10-networks-confirms-data-breach-after-play-ransomware-attack/","bleepingcomputer.com"
"https://www.bleepingcomputer.com/news/security/canadian-mining-firm-shuts-down-mill-after-ransomware-attack/","bleepingcomputer.com"
"https://www.bleepingcomputer.com/news/security/ransomexx-claims-ransomware-attack-on-sea-doo-ski-doo-maker/","bleepingcomputer.com"
"https://www.bleepingcomputer.com/news/security/semiconductor-manufacturer-semikron-hit-by-lv-ransomware-attack/","bleepingcomputer.com"
"https://www.bleepingcomputer.com/news/security/automotive-fabric-supplier-tb-kawashima-announces-cyberattack/","bleepingcomputer.com"
"https://www.bleepingcomputer.com/news/security/automotive-hose-maker-nichirin-hit-by-ransomware-attack/","bleepingcomputer.com"
"https://www.computerweekly.com/news/252482950/Maze-ransomware-attack-will-cost-Cognizant-at-least-50m-to-70m","computerweekly.com"
"https://www.ciodive.com/news/cognizant-maze-ransomware/577677/","ciodive.com"
"https://www.secureworld.io/industry-news/cognizant-ceo-on-ransomware-attack-cost-impact","secureworld.io"
"https://www.bleepingcomputer.com/news/security/accenture-confirms-data-breach-after-august-ransomware-attack/","bleepingcomputer.com"
"https://www.securityweek.com/accenture-confirms-data-stolen-ransomware-attack/","securityweek.com"
"https://www.infosecurity-magazine.com/news/accenture-tied-up-in-50m-ransom/","infosecurity-magazine.com"
"https://siliconangle.com/2020/08/02/travel-management-company-cwt-hands-4-5m-following-ransomware-attack/","siliconangle.com"
"https://www.darkreading.com/cyberattacks-data-breaches/travel-management-firm-cwt-pays-4-5m-to-ransomware-attackers","darkreading.com"
"https://www.theregister.com/2020/07/31/carlson_wagonlit_travel_ragnarlocker_ransom_paid/","theregister.com"
"https://www.bleepingcomputer.com/news/security/sopra-steria-expects-50-million-loss-after-ryuk-ransomware-attack/","bleepingcomputer.com"
"https://www.theregister.com/2020/11/25/sopra_steria_ransomware_damage_50m_euros/","theregister.com"
"https://www.securityweek.com/financial-impact-ransomware-attack-sopra-steria-could-reach-50-million/","securityweek.com"
"https://www.bleepingcomputer.com/news/security/toll-group-hit-by-ransomware-a-second-time-deliveries-affected/","bleepingcomputer.com"
"https://www.itnews.com.au/news/toll-groups-corporate-data-stolen-by-attackers-548033","itnews.com.au"
"https://www.securitymagazine.com/articles/92334-toll-group-suffers-ransomware-attack-again","securitymagazine.com"
"https://www.securityweek.com/estes-express-lines-says-personal-data-stolen-in-ransomware-attack/","securityweek.com"
"https://www.truckingdive.com/news/estes-express-lines-cyberattack-social-security-numbers-update/703427/","truckingdive.com"
"https://www.theregister.com/2024/01/03/estes_ransomware/","theregister.com"
"https://securityboulevard.com/2025/11/conduent-faces-financial-hit-lawsuits-from-breach-affecting-10-5-million/","securityboulevard.com"
"https://www.hipaajournal.com/conduent-business-solutions-data-breach/","hipaajournal.com"
"https://cyberpress.org/conduent-data-breach-steals-8-tb/","cyberpress.org"
"https://www.cpomagazine.com/cyber-security/data-breach-at-government-contractor-conduent-sparks-nearly-a-dozen-class-action-lawsuits/","cpomagazine.com"
"https://www.theregister.com/security/2026/05/05/cushman-wakefield-confirms-vishing-cyberattack/5228718","theregister.com"
"https://cybernews.com/news/cushman-wakefield-shinyhunters-salesforce-breach-claim/","cybernews.com"
"https://www.cyberdaily.au/security/13553-real-estate-giant-cushman-wakefield-confirms-cyber-incident-qilin-and-shinyhunters-claim-attack","cyberdaily.au"
"https://www.credaily.com/briefs/cushman-wakefield-faces-lawsuit-after-data-breach/","credaily.com"
"https://www.bleepingcomputer.com/news/security/kyber-ransomware-gang-toys-with-post-quantum-encryption-on-windows/","bleepingcomputer.com"
"https://www.bleepingcomputer.com/news/security/texas-state-bar-warns-of-data-breach-after-inc-ransomware-claims-attack/","bleepingcomputer.com"
"https://www.bleepingcomputer.com/news/security/cannondesign-confirms-avos-locker-ransomware-data-breach/","bleepingcomputer.com"
"https://www.bleepingcomputer.com/news/security/clop-now-leaks-data-stolen-in-moveit-attacks-on-clearweb-sites/","bleepingcomputer.com"
"https://www.bleepingcomputer.com/news/security/blackcat-ransomware-fails-to-extort-australian-commercial-law-giant/","bleepingcomputer.com"
"https://www.bleepingcomputer.com/news/security/capita-warns-customers-they-should-assume-data-was-stolen/","bleepingcomputer.com"
"https://www.bleepingcomputer.com/news/security/the-week-in-ransomware-april-21st-2023-macs-in-the-crosshairs/","bleepingcomputer.com"
"https://www.bleepingcomputer.com/news/security/trigona-ransomware-spotted-in-increasing-attacks-worldwide/","bleepingcomputer.com"
"https://en.wikipedia.org/wiki/2022_Costa_Rican_ransomware_attack","en.wikipedia.org"
"https://www.msspalert.com/news/costa-rica-conti-attack","msspalert.com"
"https://www.sangfor.com/blog/cybersecurity/conti-ransomware-attack-throws-costa-rica-national-state-emergency","sangfor.com"
"https://cyberlaw.ccdcoe.org/wiki/Costa_Rica_ransomware_attack_(2022)","cyberlaw.ccdcoe.org"
"https://en.wikipedia.org/wiki/Atlanta_government_ransomware_attack","en.wikipedia.org"
"https://www.hipaajournal.com/the-high-cost-of-samsam-ransomware-attacks-17-million-for-the-city-of-atlanta/","hipaajournal.com"
"https://www.bitdefender.com/en-us/blog/hotforsecurity/at-17-million-atlanta-network-recovery-six-times-more-expensive-than-estimated","bitdefender.com"
"https://www.securityweek.com/city-atlanta-ransomware-attack-proves-disastrously-expensive/","securityweek.com"
"https://en.wikipedia.org/wiki/2019_Baltimore_ransomware_attack","en.wikipedia.org"
"https://www.upi.com/Top_News/US/2019/06/10/Hack-that-cost-Baltimore-18M-a-mystery-after-experts-eye-NSA-link/7961559775882/","upi.com"
"https://www.verizon.com/business/resources/articles/s/lessons-from-the-robbinhood-ransomware-attack-on-baltimore/","verizon.com"
"https://www.comparitech.com/blog/information-security/government-ransomware-attacks/","comparitech.com"
"https://www.sophos.com/en-us/blog/the-state-of-ransomware-in-state-and-local-government-2024","sophos.com"
"https://blog.knowbe4.com/ransomware-recovery-costs-have-doubled-for-state-and-local-governments","blog.knowbe4.com"
"https://www.computerweekly.com/news/366565574/British-Library-ransomware-attack-could-cost-up-to-7m","computerweekly.com"
"https://www.itpro.com/security/cyber-attacks/british-library-eyes-pound400000-rebuild-after-devastating-2023-cyber-attack","itpro.com"
"https://en.wikipedia.org/wiki/2025_St._Paul_cyberattack","en.wikipedia.org"
"https://www.govtech.com/security/st-paul-minn-systems-come-back-online-after-cyber-attack","govtech.com"
"https://socradar.io/blog/us-state-local-government-ransomware-2025-2026/","socradar.io"
"https://www.cybersecuritydive.com/news/federal-state-investigating-ransomware-nevada/758863/","cybersecuritydive.com"
"https://www.bleepingcomputer.com/news/security/berlin-confirms-data-theft-after-rhysida-ransomware-attack-claims/","bleepingcomputer.com"
"https://www.bleepingcomputer.com/news/security/atf-confirms-major-incident-after-recent-qilin-breach-claims/","bleepingcomputer.com"
"https://www.bleepingcomputer.com/news/security/die-linke-german-political-party-confirms-data-stolen-by-qilin-ransomware/","bleepingcomputer.com"
"https://www.bleepingcomputer.com/news/security/sedgwick-confirms-breach-at-government-contractor-subsidiary/","bleepingcomputer.com"
"https://www.bleepingcomputer.com/news/security/romanian-water-authority-hit-by-ransomware-attack-over-weekend/","bleepingcomputer.com"
"https://www.bleepingcomputer.com/news/security/rhode-island-confirms-data-breach-after-brain-cipher-ransomware-attack/","bleepingcomputer.com"
"https://www.bleepingcomputer.com/news/security/russia-arrests-cybercriminal-wazawaka-for-ties-with-ransomware-gangs/","bleepingcomputer.com"
"https://www.bleepingcomputer.com/news/security/city-of-columbus-data-of-500-000-stolen-in-july-ransomware-attack/","bleepingcomputer.com"
"https://www.bleepingcomputer.com/news/security/meet-interlock-the-new-ransomware-targeting-freebsd-servers/","bleepingcomputer.com"
"https://www.bleepingcomputer.com/news/security/la-housing-authority-confirms-breach-claimed-by-cactus-ransomware/","bleepingcomputer.com"
"https://www.bleepingcomputer.com/news/security/us-marshals-service-disputes-ransomware-gangs-breach-claims/","bleepingcomputer.com"
"https://www.bleepingcomputer.com/news/security/los-angeles-superior-court-shuts-down-after-ransomware-attack/","bleepingcomputer.com"
"https://www.bleepingcomputer.com/news/security/dallas-county-data-of-200-000-exposed-in-2023-ransomware-attack/","bleepingcomputer.com"
"https://www.bleepingcomputer.com/news/security/meet-brain-cipher-the-new-ransomware-behind-indonesia-data-center-attack/","bleepingcomputer.com"
"https://www.bleepingcomputer.com/news/security/ohio-lottery-ransomware-attack-impacts-over-538-000-individuals/","bleepingcomputer.com"
"https://www.bleepingcomputer.com/news/security/city-of-wichita-breach-claimed-by-lockbit-ransomware-gang/","bleepingcomputer.com"
"https://www.bleepingcomputer.com/news/security/jackson-county-in-state-of-emergency-after-ransomware-attack/","bleepingcomputer.com"
"https://www.bleepingcomputer.com/news/security/hessen-consumer-center-says-systems-encrypted-by-ransomware/","bleepingcomputer.com"
"https://www.bleepingcomputer.com/news/security/lockbit-claims-ransomware-attack-on-fulton-county-georgia/","bleepingcomputer.com"
"https://www.bleepingcomputer.com/news/security/kansas-city-public-transportation-authority-hit-by-ransomware/","bleepingcomputer.com"
"https://www.bleepingcomputer.com/news/security/majorca-city-calvi-extorted-for-11m-in-ransomware-attack/","bleepingcomputer.com"
"https://www.bleepingcomputer.com/news/security/victoria-court-recordings-exposed-in-reported-ransomware-attack/","bleepingcomputer.com"
"https://www.bleepingcomputer.com/news/security/new-black-basta-decryptor-exploits-ransomware-flaw-to-recover-files/","bleepingcomputer.com"
"https://www.bleepingcomputer.com/news/security/kansas-courts-confirm-data-theft-ransom-demand-after-cyberattack/","bleepingcomputer.com"
"https://www.bleepingcomputer.com/news/security/maine-govt-notifies-13-million-people-of-moveit-data-breach/","bleepingcomputer.com"
"https://www.bleepingcomputer.com/news/security/alphv-ransomware-gang-claims-attack-on-florida-circuit-court/","bleepingcomputer.com"
"https://www.bleepingcomputer.com/news/security/manchester-police-officers-data-exposed-in-ransomware-attack/","bleepingcomputer.com"
"https://www.bleepingcomputer.com/news/security/data-breach-at-french-govt-agency-exposes-info-of-10-million-people/","bleepingcomputer.com"
"https://www.bleepingcomputer.com/news/security/colorado-warns-4-million-of-data-stolen-in-ibm-moveit-breach/","bleepingcomputer.com"
"https://www.bleepingcomputer.com/news/security/8-million-people-hit-by-data-breach-at-us-govt-contractor-maximus/","bleepingcomputer.com"
"https://www.bleepingcomputer.com/news/security/the-week-in-ransomware-june-16th-2023-wave-of-extortion/","bleepingcomputer.com"
"https://www.bleepingcomputer.com/news/security/millions-of-oregon-louisiana-state-ids-stolen-in-moveit-breach/","bleepingcomputer.com"
"https://www.bleepingcomputer.com/news/security/rhysida-ransomware-leaks-documents-stolen-from-chilean-army/","bleepingcomputer.com"
"https://www.bleepingcomputer.com/news/security/swiss-government-warns-of-ongoing-ddos-attacks-data-leak/","bleepingcomputer.com"
"https://www.bleepingcomputer.com/news/security/the-week-in-ransomware-may-26th-2023-cities-under-attack/","bleepingcomputer.com"
"https://www.bleepingcomputer.com/news/security/blackbyte-ransomware-claims-city-of-augusta-cyberattack/","bleepingcomputer.com"
"https://www.bleepingcomputer.com/news/security/the-week-in-ransomware-may-5th-2023-targeting-the-public-sector/","bleepingcomputer.com"
"https://www.bleepingcomputer.com/news/security/play-ransomware-gang-uses-custom-shadow-volume-copy-data-theft-tool/","bleepingcomputer.com"
"https://www.bleepingcomputer.com/news/security/city-of-toronto-confirms-data-theft-clop-claims-responsibility/","bleepingcomputer.com"
"https://www.bleepingcomputer.com/news/security/vice-society-ransomware-claims-attack-on-australian-firefighting-service/","bleepingcomputer.com"
"https://www.bleepingcomputer.com/news/security/ransomware-impacts-over-200-govt-edu-healthcare-orgs-in-2022/","bleepingcomputer.com"
"https://www.bleepingcomputer.com/news/security/play-ransomware-claims-attack-on-belgium-city-of-antwerp/","bleepingcomputer.com"
"https://www.bleepingcomputer.com/news/security/ransomware-gang-targets-belgian-municipality-hits-police-instead/","bleepingcomputer.com"
"https://www.bleepingcomputer.com/news/security/montenegro-hit-by-ransomware-attack-hackers-demand-10-million/","bleepingcomputer.com"
"https://www.bleepingcomputer.com/news/security/quantum-ransomware-attack-disrupts-govt-agency-in-dominican-republic/","bleepingcomputer.com"
"https://www.bleepingcomputer.com/news/security/the-week-in-ransomware-august-19th-2022-evolving-extortion-tactics/","bleepingcomputer.com"
"https://www.bleepingcomputer.com/news/security/lockbit-claims-ransomware-attack-on-italian-tax-agency/","bleepingcomputer.com"
"https://www.bleepingcomputer.com/news/security/the-week-in-ransomware-july-22nd-2022-attacks-abound/","bleepingcomputer.com"
"https://www.bleepingcomputer.com/news/security/the-week-in-ransomware-june-10th-2022-targeting-linux/","bleepingcomputer.com"
"https://www.bleepingcomputer.com/news/security/italian-city-of-palermo-shuts-down-all-systems-to-fend-off-cyberattack/","bleepingcomputer.com"
"https://www.bleepingcomputer.com/news/security/costa-rica-s-public-health-agency-hit-by-hive-ransomware/","bleepingcomputer.com"
"https://www.bleepingcomputer.com/news/security/blackcat-alphv-ransomware-asks-5-million-to-unlock-austrian-state/","bleepingcomputer.com"
"https://www.bleepingcomputer.com/news/security/new-ransomhouse-group-sets-up-extortion-market-adds-first-victims/","bleepingcomputer.com"
"https://www.bleepingcomputer.com/news/security/the-week-in-ransomware-may-13th-2022-a-national-emergency/","bleepingcomputer.com"
"https://www.bleepingcomputer.com/news/security/costa-rica-declares-national-emergency-after-conti-ransomware-attacks/","bleepingcomputer.com"
"https://www.securityweek.com/marks-spencer-expects-ransomware-attack-to-cost-400-million/","securityweek.com"
"https://www.computerweekly.com/news/366634121/MS-profits-tumble-after-cyber-attack","computerweekly.com"
"https://www.blackfog.com/marks-and-spencer-ransomware-attack/","blackfog.com"
"https://breached.company/the-300-million-aftermath-marks-spencers-profit-collapse-reveals-the-true-cost-of-cyber-resilience/","breached.company"
"https://cyberinsider.com/co-op-confirms-cyberattack-exposed-data-of-all-6-5-million-members/","cyberinsider.com"
"https://cypro.co.uk/insights/co-op-cyber-attack/","cypro.co.uk"
"https://dailysecurityreview.com/security-spotlight/dragonforce-hackers-disrupt-uk-retail-giant-co-op-in-geopolitically-charged-cyberattack/","dailysecurityreview.com"
"https://edition.cnn.com/2024/07/11/business/cdk-hack-ransom-tweny-five-million-dollars","edition.cnn.com"
"https://www.cloudskope.com/breaches/cdk-global-breach-2024","cloudskope.com"
"https://www.theregister.com/special-features/2024/07/13/cdk-global-said-to-have-paid-25m-ransom-after-cyberattack/1205919","theregister.com"
"https://specopssoft.com/blog/mgm-resorts-service-desk-hack/","specopssoft.com"
"https://netwrix.com/en/resources/blog/mgm-cyber-attack/","netwrix.com"
"https://www.bbrown.com/us/insight/a-look-back-at-the-mgm-and-caesars-incident/","bbrown.com"
"https://www.infosecurity-magazine.com/news/caesars-entertainment-major/","infosecurity-magazine.com"
"https://breachnews.com/breaches/shinyhunters-threatens-council-of-europe-american-tower-jcpenney-and-others-with-imminent-data-leaks/","breachnews.com"
"https://blog.eclecticiq.com/shinyhunters-calling-financially-motivated-data-extortion-group-targeting-enterprise-cloud-applications","blog.eclecticiq.com"
"https://krebsonsecurity.com/2025/10/shinyhunters-wage-broad-corporate-extortion-spree/","krebsonsecurity.com"
"https://www.cpomagazine.com/cyber-security/data-breach-impacts-madison-square-garden-sports-and-the-new-york-knicks/","cpomagazine.com"
"https://undercodenews.com/shinyhunters-claims-massive-madison-square-garden-sports-data-breach-affecting-26-million-records-dark-web-recent-claims-video/","undercodenews.com"
"https://www.inc.com/chloe-aiello/the-massive-madison-square-garden-hack-exposed-celebrities-and-customers-and-started-with-1-old-school-trick/91365306","inc.com"
"https://dysruptionhub.com/karl-auto-group-iowa-cyberattack/","dysruptionhub.com"
"https://cyberq.tw/2026/06/30/nethome-group-is-caught-in-a-double/","cyberq.tw"
"https://www.sec.gov/Archives/edgar/data/1318484/000110465923024793/tm237638d1_8k.htm","sec.gov"
"https://www.sec.gov/Archives/edgar/data/1318484/000131848423000004/ct-20230223.htm","sec.gov"
"https://www.bleepingcomputer.com/news/security/uk-shares-security-tips-after-major-retail-cyberattacks/","bleepingcomputer.com"
"https://www.bleepingcomputer.com/news/security/ransomware-attack-cost-ikea-operator-in-eastern-europe-23-million/","bleepingcomputer.com"
"https://www.bleepingcomputer.com/news/security/retail-giant-sams-club-investigates-clop-ransomware-breach-claims/","bleepingcomputer.com"
"https://www.bleepingcomputer.com/news/security/label-giant-avery-says-website-hacked-to-steal-credit-cards/","bleepingcomputer.com"
"https://www.bleepingcomputer.com/news/security/autocanada-says-ransomware-attack-may-impact-employee-data/","bleepingcomputer.com"
"https://www.bleepingcomputer.com/news/security/yacht-giant-marinemax-data-breach-impacts-over-123-000-people/","bleepingcomputer.com"
"https://www.bleepingcomputer.com/news/security/rite-aid-says-june-data-breach-impacts-22-million-people/","bleepingcomputer.com"
"https://www.bleepingcomputer.com/news/security/fbi-recovers-7-000-lockbit-keys-urges-ransomware-victims-to-reach-out/","bleepingcomputer.com"
"https://www.bleepingcomputer.com/news/security/vans-north-face-owner-says-ransomware-breach-affects-35-million-people/","bleepingcomputer.com"
"https://www.bleepingcomputer.com/news/security/auto-parts-giant-autozone-warns-of-moveit-data-breach/","bleepingcomputer.com"
"https://www.bleepingcomputer.com/news/security/alphv-ransomware-adds-data-leak-api-in-new-extortion-strategy/","bleepingcomputer.com"
"https://www.bleepingcomputer.com/news/security/the-week-in-ransomware-july-21st-2023-avaddon-back-as-noescape/","bleepingcomputer.com"
"https://www.bleepingcomputer.com/news/security/the-week-in-ransomware-march-24th-2023-clop-overload/","bleepingcomputer.com"
"https://www.bleepingcomputer.com/news/security/the-week-in-ransomware-february-10th-2023-clops-back/","bleepingcomputer.com"
"https://www.bleepingcomputer.com/news/security/arnold-clark-customer-data-stolen-in-attack-claimed-by-play-ransomware/","bleepingcomputer.com"
"https://www.bleepingcomputer.com/news/security/the-week-in-ransomware-november-11th-2022-lockbit-feeling-the-heat/","bleepingcomputer.com"
"https://www.bleepingcomputer.com/news/security/pendragon-car-dealer-refuses-60-million-lockbit-ransomware-demand/","bleepingcomputer.com"
"https://www.bleepingcomputer.com/news/security/damart-clothing-store-hit-by-hive-ransomware-2-million-demanded/","bleepingcomputer.com"
"https://www.bleepingcomputer.com/news/security/7-eleven-denmark-confirms-ransomware-attack-behind-store-closures/","bleepingcomputer.com"
"https://www.bleepingcomputer.com/news/security/walmart-denies-being-hit-by-yanluowang-ransomware-attack/","bleepingcomputer.com"
"https://www.bleepingcomputer.com/news/security/the-week-in-ransomware-june-24th-2022-splinter-cells/","bleepingcomputer.com"
"https://www.bleepingcomputer.com/news/security/the-week-in-ransomware-june-17th-2022-have-i-been-ransomed/","bleepingcomputer.com"
"https://www.welivesecurity.com/2020/07/21/telecom-argentina-hit-major-ransomware-attack/","welivesecurity.com"
"https://www.infosecurity-magazine.com/news/telecom-argentina-tuesday-75/","infosecurity-magazine.com"
"https://www.secureworld.io/industry-news/argentinian-isp-hit-with-7.5-million-ransomware-attack","secureworld.io"
"https://www.ransomware.live/id/Q2luY2lubmF0aSBiZWxsIGRpZG7igJl0IHBheSB0aGUgcmFuc29t@yanluowang","ransomware.live"
"https://cti.fyi/groups/yanluowang.html","cti.fyi"
"https://technewstt.com/tstt-ransomexx-exploit/","technewstt.com"
"https://trinidadexpress.com/news/local/over-one-million-tstt-customer-records-on-dark-web/article_a21817e2-79eb-11ee-9c24-c35f8111013c.html","trinidadexpress.com"
"https://advox.globalvoices.org/2023/11/08/trinidad-tobagos-state-telecommunications-provider-is-hacked-raising-questions-about-data-protection-laws/","advox.globalvoices.org"
"https://www.securityweek.com/new-ransomware-group-claims-attack-on-us-telecom-firm-wideopenwest/","securityweek.com"
"https://cybersecuritynews.com/arkana-ransomware-stolen-2-2-million-customer-records/","cybersecuritynews.com"
"https://www.theregister.com/2025/03/28/arkana_wow_ransomware/","theregister.com"
"https://www.sec.gov/Archives/edgar/data/1701051/000110465925029187/tm2428184d1_8k.htm","sec.gov"
"https://techcrunch.com/2025/05/08/a-timeline-of-south-korean-telco-giant-skts-data-breach/","techcrunch.com"
"https://cybermagazine.com/news/sk-telecom-face-mammoth-us-97m-data-breach-fine","cybermagazine.com"
"https://www.koreaherald.com/article/10563945","koreaherald.com"
"https://www.zeebiz.com/companies/news-sk-telecom-told-to-pay-100000-won-each-to-23-million-users-after-massive-data-breach-386203","zeebiz.com"
"https://www.theregister.com/2025/08/15/london_telco_colts_services_disrupted/","theregister.com"
"https://securityaffairs.com/181247/data-breach/colt-technology-faces-multi-day-outage-after-warlock-ransomware-attack.html","securityaffairs.com"
"https://www.sdxcentral.com/news/colt-ransomware-recovery-to-continue-close-to-year-end/","sdxcentral.com"
"https://www.computerweekly.com/news/366629873/Warlock-claims-more-victims-as-cyber-attacks-hit-Colt-and-Orange","computerweekly.com"
"https://www.bloomberg.com/news/articles/2025-08-22/ransomware-hack-hit-orange-telecom-data-published-on-dark-web","bloomberg.com"
"https://slcyber.io/blog/warlock-ransomware-gang-targets-orange-and-colt/","slcyber.io"
"https://www.securityweek.com/orange-belgium-data-breach-impacts-850000-customers/","securityweek.com"
"https://www.insurancejournal.com/news/international/2025/08/25/836826.htm","insurancejournal.com"
"https://www.dexpose.io/shinyhunters-breach-american-tower-corporation/","dexpose.io"
"https://www.technadu.com/american-tower-data-breach-215000-accounts-exposed-in-shinyhunters-attack/629952/","technadu.com"
"https://haveibeenpwned.com/Breach/AmericanTower","haveibeenpwned.com"
"https://www.sec.gov/Archives/edgar/data/18926/000119312523079847/d467138d8k.htm","sec.gov"
"https://www.bleepingcomputer.com/news/security/hellcat-hackers-go-on-a-worldwide-jira-hacking-spree/","bleepingcomputer.com"
"https://www.bleepingcomputer.com/news/security/bt-conferencing-division-took-servers-offline-after-black-basta-ransomware-attack/","bleepingcomputer.com"
"https://www.bleepingcomputer.com/news/security/frontier-warns-750-000-of-a-data-breach-after-extortion-threats/","bleepingcomputer.com"
"https://www.bleepingcomputer.com/news/security/paraguay-warns-of-black-hunt-ransomware-attacks-after-tigo-business-breach/","bleepingcomputer.com"
"https://www.bleepingcomputer.com/news/security/chilean-telecom-giant-gtd-hit-by-the-rorschach-ransomware-gang/","bleepingcomputer.com"
"https://www.bleepingcomputer.com/news/security/royal-ransomware-claims-attack-on-intrado-telecom-provider/","bleepingcomputer.com"
"https://www.bleepingcomputer.com/news/security/the-week-in-ransomware-september-16th-2022-iranian-sanctions/","bleepingcomputer.com"
"https://www.bleepingcomputer.com/news/security/hive-ransomware-claims-cyberattack-on-bell-canada-subsidiary/","bleepingcomputer.com"
"https://www.bleepingcomputer.com/news/security/mitel-zero-day-used-by-hackers-in-suspected-ransomware-attack/","bleepingcomputer.com"
"https://www.cnbc.com/2017/08/16/maersk-says-notpetya-cyberattack-could-cost-300-million.html","cnbc.com"
"https://www.forbes.com/sites/leemathews/2017/08/16/notpetya-ransomware-attack-cost-shipping-giant-maersk-over-200-million/","forbes.com"
"https://www.csoonline.com/article/567845/rebuilding-after-notpetya-how-maersk-moved-forward.html","csoonline.com"
"https://www.techtarget.com/searchsecurity/news/450424681/NotPetya-ransomware-impact-costs-Maersk-hundreds-of-millions","techtarget.com"
"https://threatpost.com/ransomware-attack-toll-group-systems-again/155505/","threatpost.com"
"https://www.itnews.com.au/news/toll-group-suffers-second-ransomware-attack-this-year-547757","itnews.com.au"
"https://www.sec.gov/Archives/edgar/data/746515/000156459022027382/expd-ex991_6.htm","sec.gov"
"https://www.sec.gov/Archives/edgar/data/746515/000095017023005412/expd-20221231.htm","sec.gov"
"https://www.thestack.technology/expeditors-ransomware-costs-freight-forwarding/","thestack.technology"
"https://www.geekwire.com/2022/supply-chain-giant-expeditors-is-still-recovering-from-cyberattack-expects-material-adverse-impact/","geekwire.com"
"https://edition.cnn.com/2023/07/06/tech/japan-port-ransomware-attack","edition.cnn.com"
"https://www.dragos.com/blog/ot-cybersecurity-breach-disrupts-operations-at-the-port-of-nagoya-japan","dragos.com"
"https://www.theregister.com/2023/07/06/lockbit_nagoya_attack/","theregister.com"
"https://maritime-executive.com/article/ransomware-attack-stops-container-operations-japan-s-nagoya-port","maritime-executive.com"
"https://therecord.media/knp-logistics-ransomware-insolvency-uk","therecord.media"
"https://www.weightmans.com/media-centre/news/how-ransomware-crippled-knp-logistics-group/","weightmans.com"
"https://thehackernews.com/2025/09/how-one-bad-password-ended-158-year-old.html","thehackernews.com"
"https://dig.watch/updates/historic-uk-knp-transport-firm-collapses-after-ransomware-attack","dig.watch"
"https://www.classaction.org/news/trucking-company-estes-hit-with-class-action-over-cyberattack-affecting-21k","classaction.org"
"https://www.comparitech.com/news/freight-forwarder-estes-notifies-data-breach-victims-ransomware-gang-takes-credit/","comparitech.com"
"https://www.bleepingcomputer.com/news/security/orbcomm-ransomware-attack-causes-trucking-fleet-management-outage/","bleepingcomputer.com"
"https://therecord.media/orbcomm-trucking-software-ransomware","therecord.media"
"https://www.freightwaves.com/news/ransomware-attack-hits-orbcomms-bt-series-of-elds-paper-logs-are-back","freightwaves.com"
"https://www.freightwaves.com/news/global-freight-forwarder-confirms-malware-attack-for-technical-disruptions","freightwaves.com"
"https://theloadstar.com/jas-worldwide-suffers-cyber-attack/","theloadstar.com"
"https://thecyberexpress.com/cyberattack-on-jas-worldwide/","thecyberexpress.com"
"https://dysruptionhub.com/ransomware-attack-disrupts-global-operations-of-jas-worldwide/","dysruptionhub.com"
"https://www.sec.gov/Archives/edgar/data/101829/000010182925000036/rtx-20250919.htm","sec.gov"
"https://www.bleepingcomputer.com/news/security/manchester-airports-group-says-hackers-stole-travelers-data/","bleepingcomputer.com"
"https://www.bleepingcomputer.com/news/security/port-of-seattle-says-ransomware-breach-impacts-90-000-people/","bleepingcomputer.com"
"https://www.bleepingcomputer.com/news/security/cold-storage-giant-americold-discloses-data-breach-after-april-malware-attack/","bleepingcomputer.com"
"https://www.bleepingcomputer.com/news/security/american-airlines-pilot-union-hit-by-ransomware-attack/","bleepingcomputer.com"
"https://www.bleepingcomputer.com/news/security/the-week-in-ransomware-october-13th-2023-increasing-attacks/","bleepingcomputer.com"
"https://www.bleepingcomputer.com/news/security/auckland-transport-authority-hit-by-suspected-ransomware-attack/","bleepingcomputer.com"
"https://www.bleepingcomputer.com/news/security/japans-largest-port-stops-operations-after-ransomware-attack/","bleepingcomputer.com"
"https://www.bleepingcomputer.com/news/security/lockbit-ransomware-gang-claims-royal-mail-cyberattack/","bleepingcomputer.com"
"https://www.bleepingcomputer.com/news/security/rail-giant-wabtec-discloses-data-breach-after-lockbit-ransomware-attack/","bleepingcomputer.com"
"https://www.bleepingcomputer.com/news/security/lockbit-ransomware-claims-attack-on-port-of-lisbon-in-portugal/","bleepingcomputer.com"
"https://www.bleepingcomputer.com/news/security/russian-military-hackers-linked-to-ransomware-attacks-in-ukraine/","bleepingcomputer.com"
"https://www.bleepingcomputer.com/news/security/ragnar-locker-ransomware-claims-attack-on-portugals-flag-airline/","bleepingcomputer.com"
"https://www.bleepingcomputer.com/news/security/spicejet-airline-passengers-stranded-after-ransomware-attack/","bleepingcomputer.com"