id,victim,date,country,financial_impact,ransom,downtime,data_impact,summary,source_count
"Accommodation, Food Services, Arts and Entertainment::MGM Resorts International","MGM Resorts International","September 2023 (breach began Sept 9, disclosed Sept 11, 2023)","United States","MGM disclosed an estimated ~$100 million negative impact to Adjusted Property EBITDAR for Las Vegas Strip and Regional Operations, plus under $10 million in one-time remediation/legal/incident-response costs; company said it expected to be largely covered by cyber insurance. A related shareholder/consumer class-action settlement was reached in 2025.","MGM has stated it did not pay a ransom (unlike sister-incident Caesars); no confirmed dollar figure for a demand specific to MGM has been publicly disclosed.","Core systems (slot machines, digital key cards, reservations, payment processing) were down for approximately 10 days before full restoration.","Personal information (names, contact details, driver's license/SSN/passport numbers for some) of roughly 37 million MGM Rewards members was compromised.","Scattered Spider used a vishing/social-engineering attack against MGM's IT help desk to obtain credentials, then deployed ALPHV/BlackCat ransomware, forcing MGM to shut down casino floor systems, digital hotel room keys, slot machines, ATMs, restaurant/payment systems and websites across 30+ properties for roughly 10 days.","5"
"Accommodation, Food Services, Arts and Entertainment::Caesars Entertainment","Caesars Entertainment","August 2023 (breach began Aug 18, disclosed mid-September 2023)","United States","Caesars disclosed the incident in an SEC 8-K; ongoing consumer class-action litigation (Caesars Entertainment Data Breach Litigation). Specific total incident cost beyond the ransom payment not publicly broken out.","Attackers initially demanded $30 million; Caesars paid approximately $15 million in cryptocurrency. The FBI later tracked and froze a portion of the payment as it moved through crypto exchanges.","Caesars stated its hotel, casino and online operations were not significantly disrupted (unlike MGM); recovery was largely on the data-breach/notification track rather than an operational-outage track.","Loyalty program database of more than 65 million Caesars Rewards members exposed, including driver's license and Social Security numbers for a subset of members.","Attackers compromised a third-party IT support vendor via social engineering to breach Caesars' network and exfiltrate the ~6TB Caesars Rewards loyalty database before Caesars negotiated and paid a ransom; the attack occurred just before, and is closely associated with, the MGM incident by the same threat-actor ecosystem.","5"
"Accommodation, Food Services, Arts and Entertainment::Carnival Corporation & plc","Carnival Corporation & plc","April 2026 (initial access April 14; discovered/blocked April 22; disclosed publicly ~mid-May 2026)","United States","Not publicly disclosed as a specific dollar figure by Carnival; the company began offering two years of complimentary TransUnion credit monitoring to affected US residents, an ongoing cost. Litigation/regulatory exposure likely given the scale of records.","Not publicly disclosed; ShinyHunters is an extortion-focused (data-theft, not necessarily encryption) group and threatened to publish/sell the data if terms were not met.","No major operational/cruise-booking outage reported; this was primarily a data-theft/social-engineering incident rather than an encryption/downtime event.","Data breach notice filed in Maine listed 5,995,277 affected individuals; ShinyHunters claimed 8.7 million records stolen. Exposed data included names, addresses, emails, phone numbers, dates of birth, and government ID numbers (driver's license, passport).","ShinyHunters used social engineering to trick a Carnival employee into granting IT system access, then used the compromised account to copy personal data from a limited portion of Carnival's systems before being blocked; the gang later claimed 8.7 million stolen records and published data on its leak site.","4"
"Accommodation, Food Services, Arts and Entertainment::Compass Group Australia (Sydney-based catering/support services group)","Compass Group Australia (Sydney-based catering/support services group)","September 2024 (first attack disclosed Sept 4; second Medusa-affiliate attack later in September, data posted Sept 18, 2024)","Australia","Not publicly disclosed by Compass Group; company activated its incident response plan and notified employees, clients, suppliers and regulators.","First attack: Medusa demanded US$2 million to delete/not publish the ~785.5GB of stolen data (with a US$100,000/day deadline-extension fee). Second (separate) attack: ransom demanded was US$100,000. Not publicly confirmed whether any payment was made.","Specific downtime duration not publicly detailed in press coverage; company stated it secured systems and launched an investigation with external cybersecurity specialists.","Near 1TB combined across both incidents; data included employee wage declarations and scanned passports/driver's licenses of contractors and staff, with the threat actor threatening publication on its dark-web leak site.","Medusa ransomware affiliates breached Compass Group's Australian IT network twice within the same month, exfiltrating close to 1TB of data combined, including employee wage records and scanned passports/driver's licenses of contractors, then threatened publication on Medusa's leak site.","3"
"Accommodation, Food Services, Arts and Entertainment::Panera Bread","Panera Bread","March 2024 (outage began March 22, resolved around March 26, 2024)","United States","Not publicly disclosed by Panera; the company did not release financial figures. Independent security analysts estimated such multi-day enterprise ransomware disruptions typically cost tens of millions of dollars in lost sales and recovery, but no Panera-specific figure has been confirmed.","Not publicly disclosed; no group claimed responsibility and Panera did not comment on any ransom demand or payment.","Approximately one week (March 22-26, 2024) of major IT outage across point-of-sale, online ordering, loyalty and phone systems before restoration.","A subsequent notice confirmed an employee data breach tied to the March incident (SSNs and other employee personal data); customer payment-data exposure was not confirmed.","A ransomware attack encrypted numerous Panera Bread virtual machines, taking down point-of-sale systems, online/mobile ordering, the loyalty (MyPanera) program, and internal phone systems across the chain's roughly 2,160 cafés; stores stayed open but had to fall back to cash-only transactions during the outage.","3"
"Accommodation, Food Services, Arts and Entertainment::Nordic Choice Hotels","Nordic Choice Hotels","December 2021 (attack began Dec 2, disclosed Dec 6-8, 2021)","Norway/Scandinavia (200 properties across Scandinavia, Finland, and the Baltics)","Not publicly disclosed as a specific dollar figure.","Nordic Choice stated it deliberately did not contact Conti and had not received (or did not intend to pay) a ransom demand; no payment reported.","Replacement/workaround solutions were in place at most hotels within days of the attack (over the following weekend), with normal operations restored within about a week.","Guest booking data and Nordic Choice Club (loyalty) member data were confirmed potentially exposed; no indication passwords or payment card data were affected.","Conti ransomware hit Nordic Choice Hotels' central IT systems, disabling reservation, check-in/check-out, room key-card and payment systems across its ~200-property, 16,000-employee hotel network; staff fell back to manual processes while replacement systems were rolled out property-by-property.","3"
"Accommodation, Food Services, Arts and Entertainment::Rivers Casino Des Plaines / Rush Street Gaming","Rivers Casino Des Plaines / Rush Street Gaming","August 2023 (breach occurred ~Aug 12, 2023; discovered/disclosed November 2023)","United States","Not publicly disclosed; the casino faced a class-action lawsuit over the data breach.","For the 2025 Rivers Casino Philadelphia/Rush Street Gaming Cicada3301 claim, an undisclosed ransom was demanded with a stated deadline (Feb 15, 2025); no payment publicly confirmed. No ransom figure disclosed for the 2023 Illinois breach.","No major operational outage publicly reported; this was primarily a data-theft/notification incident rather than an encryption/downtime event.","Names, birth dates, contact info, driver's license/government ID numbers, Social Security numbers, bank account and tax ID information, and passport numbers for a subset of customers and employees (at least 8,151 individuals per Comparitech); the 2025 Cicada3301 claim alleged 2.56TB of data stolen from Rush Street Gaming.","Hackers accessed files containing personal data of customers and employees at Rivers Casino (Illinois); the breach was discovered months after the intrusion, leading to consumer notification, class-action litigation, and a separate 2025 Cicada3301 extortion claim against the related Rivers Casino Philadelphia/Rush Street Gaming entity.","4"
"Accommodation, Food Services, Arts and Entertainment::Disneyland Paris","Disneyland Paris","June 2025 (claimed on leak site June 20, 2025; group teased on social media June 12)","France","Not publicly disclosed; Disneyland Paris had not acknowledged the breach in public statements found.","Not publicly disclosed/unclear whether a ransom was demanded of Disneyland Paris directly versus its partner firm.","No park operational disruption reported; this was a third-party/supply-chain data-exposure incident rather than an IT outage at the park itself.","Approximately 64GB / ~39,000 files of construction and renovation-related documents and media allegedly exposed via a Disneyland partner company, not confirmed to include guest personal data.","Anubis ransomware claimed the largest data leak in Disneyland Paris's history, alleging the data (obtained via breach of a construction/renovation partner company rather than Disneyland directly) included ~39,000 files of park construction and renovation plans, exposing images/videos of attraction designs (Crush's Coaster, Frozen, Ratatouille, Buzz Lightyear, Phantom Manor, etc.). Disneyland Paris had not publicly confirmed the claims as of the reporting.","4"
"Accommodation, Food Services, Arts and Entertainment::Inspired Entertainment, Inc.","Inspired Entertainment, Inc.","2023-11-08","United States","not publicly disclosed","not publicly disclosed","The affected IT systems have now been substantially restored to full operational capabilities.","Company data, including personal data, was exfiltrated.","On November 8, 2023, Inspired Entertainment, Inc. detected a ransomware attack that disrupted its corporate IT systems. The company initiated response protocols and engaged cybersecurity experts, later discovering that personal data had been exfiltrated on November 15, 2023.","2"
"Accommodation, Food Services, Arts and Entertainment::Yum! Brands, Inc.","Yum! Brands, Inc.","2023-01-18","United States","not publicly disclosed","not publicly disclosed","Less than 300 restaurants in the United Kingdom were closed for one day; all stores are now operational and systems are expected to be largely restored in the coming days.","Data was taken from the Company's network; no evidence that customer databases were stolen.","On January 18, 2023, Yum! Brands, Inc. announced a ransomware attack that impacted certain information technology systems. The company initiated response protocols and engaged cybersecurity professionals, while confirming that less than 300 restaurants in the UK were temporarily closed but are now operational.","3"
"Accommodation, Food Services, Arts and Entertainment::England Hockey","England Hockey","","United Kingdom","not publicly disclosed","not publicly disclosed","not publicly disclosed","129GB of data stolen","England Hockey is investigating a potential data breach after the AiLock ransomware gang listed it as a victim on its data leak site. The threat actor allegedly stole 129GB of data and threatened to publish the files unless a ransom is paid. The organization is prioritizing an inquiry with both internal teams and external experts to understand the situation.","2"
"Accommodation, Food Services, Arts and Entertainment::Washington Hotel","Washington Hotel","2026-02-13","Japan","not publicly disclosed","not publicly disclosed","The incident is impacting operations at some Washington Hotel brand properties, including the temporary unavailability of credit card terminals. The firm says it recorded no significant operational disruption.","various business data; customer data is unlikely to be exposed","Washington Hotel in Japan disclosed a ransomware infection incident that compromised its servers, exposing various business data. The hotel brand has engaged cybersecurity experts and is assessing the impact while confirming that customer data is likely safe due to separate storage. The attack occurred on February 13, 2026, and has temporarily affected operations at some properties.","2"
"Accommodation, Food Services, Arts and Entertainment::Toronto Zoo","Toronto Zoo","January 2024","Canada","not publicly disclosed","not publicly disclosed","not publicly disclosed","impacted individuals' names, street address information, phone numbers, e-mail addresses, last four digits of credit card numbers, associated expiration dates","The Toronto Zoo experienced a ransomware attack in January 2024, resulting in a data breach that exposed personal and financial information of employees, volunteers, and donors. The Akira ransomware group claimed responsibility for the attack and published the stolen data on their dark web site, which included sensitive information from transactions dating back to 2000.","2"
"Accommodation, Food Services, Arts and Entertainment::Krispy Kreme","Krispy Kreme","November 29, 2023","United States","not publicly disclosed","not publicly disclosed","Krispy Kreme experienced operational disruptions, particularly with online ordering, and took measures to contain and remediate the breach.","not publicly disclosed","The Play ransomware gang claimed responsibility for a cyberattack on Krispy Kreme, impacting its business operations and online ordering system. The gang alleged that they stole sensitive data from the company's network and threatened to publish it unless a ransom was paid.","2"
"Accommodation, Food Services, Arts and Entertainment::Bologna Football Club 1909","Bologna Football Club 1909","November 19, 2024","Italy","not publicly disclosed","not publicly disclosed","not publicly disclosed","not publicly disclosed","Bologna FC confirmed a ransomware attack by the RansomHub group, which resulted in the theft and online publication of sensitive data. The leaked data includes personal and confidential information of players, financial records, and medical records, among other details.","2"
"Accommodation, Food Services, Arts and Entertainment::Grand Palais Rmn","Grand Palais Rmn","August 3, 2024","France","not publicly disclosed","payment in cryptocurrency","operational disruptions were reported, but a solution allowed stores and boutiques to operate autonomously","not publicly disclosed","The Grand Palais Rmn in France suffered a cyberattack during the Olympic Games, which was identified as a ransomware attack. Although operational disruptions occurred, the museums under its management continued to operate normally, and there were no signs of data exfiltration, despite a ransom note being left by the attackers demanding payment in cryptocurrency.","4"
"Accommodation, Food Services, Arts and Entertainment::Christie's","Christie's","May 9, 2024","not publicly disclosed","not publicly disclosed","not publicly disclosed","not publicly disclosed","at least 500,000 clients' full names, addresses, ID document details, and various other sensitive personal information","Christie's, a British auction house, notified clients of a data breach involving the RansomHub ransomware gang, which accessed and extracted customer files between May 8 and May 9, 2024. The auction house is offering affected individuals a free twelve-month subscription to an identity theft monitoring service and has taken steps to secure its systems following the incident.","2"
"Accommodation, Food Services, Arts and Entertainment::Omni Hotels","Omni Hotels","","United States","not publicly disclosed","not publicly disclosed","Certain systems were brought offline, most of which have been restored. Omni quickly launched an investigation with a leading cybersecurity response team, which is ongoing.","3,539,089 records of Omni Hotels visitors with sensitive information, including names, email addresses, and mailing addresses.","The Daixin ransomware gang claimed a cyberattack on Omni Hotels, threatening to publish sensitive customer information unless a ransom is paid. The attack caused a nationwide IT outage affecting various systems, and the gang has claimed to have stolen over 3.5 million visitor records.","3"
"Accommodation, Food Services, Arts and Entertainment::Omni Hotels Resorts","Omni Hotels Resorts","March 29, 2023","United States","not publicly disclosed","not publicly disclosed","Systems are being manually restored from scratch, with some systems expected to be available again on Thursday.","not publicly disclosed","Omni Hotels Resorts confirmed a cyberattack caused a nationwide IT outage affecting its locations. The hotel chain is currently restoring encrypted servers from backups and has taken down impacted systems to protect its data.","2"
"Accommodation, Food Services, Arts and Entertainment::Gallery Systems","Gallery Systems","December 28, 2023","not publicly disclosed","not publicly disclosed","not publicly disclosed","Systems taken offline to prevent further encryption; working to restore access with last available backup.","not publicly disclosed","Gallery Systems, a software solutions provider for museums, suffered a ransomware attack on December 28, 2023, leading to significant IT outages. The attack encrypted certain computer systems, preventing them from operating, and the company is working to restore access while notifying law enforcement and conducting an internal investigation.","2"
"Accommodation, Food Services, Arts and Entertainment::Gellyberry Studios","Gellyberry Studios","not publicly disclosed","not publicly disclosed","not publicly disclosed","not publicly disclosed","Server availability returned late on Friday; developers are manually restoring affected accounts and data.","17,000 player accounts affected; in-game items and progress lost.","Gellyberry Studios, the indie game developer of 'Ethyrial: Echoes of Yore,' suffered a ransomware attack that encrypted all data on their main server, including local backups, resulting in the loss of 17,000 player accounts. The developers opted not to pay the ransom, fearing that it would not guarantee the return of their data, and are instead working to manually restore the lost accounts and items.","2"
"Accommodation, Food Services, Arts and Entertainment::LDLC ASVEL","LDLC ASVEL","2023-10-09","France","not publicly disclosed","not publicly disclosed","not publicly disclosed","32 GB of data stolen, including personal data of players, passports, ID cards, financial, taxation, and legal documents, NDAs, contracts, and confidential letters","LDLC ASVEL, a French professional basketball team, confirmed a data breach following a ransomware attack by the NoEscape gang. The attackers claimed to have stolen 32 GB of sensitive data and are threatening to publish it unless a ransom is negotiated. The club is currently assessing the impact of the breach and has reported the incident to the national data protection authority.","2"
"Accommodation, Food Services, Arts and Entertainment::Motel One","Motel One","September 30, 2023","Germany","not publicly disclosed","not publicly disclosed","not publicly disclosed","150 credit cards, customer addresses, booking confirmations for the past 3 years","Motel One was targeted by the BlackCat/ALPHV ransomware gang, which claimed to have stolen nearly 24.5 million files, including sensitive customer data. The hotel chain reported that while the attackers infiltrated their network, the impact was minimized due to effective protective measures. However, the threat actors have threatened to leak the stolen data if a ransom is not negotiated within five days.","2"
"Accommodation, Food Services, Arts and Entertainment::Gaijin Entertainment","Gaijin Entertainment","not publicly disclosed","Russia","not publicly disclosed","not publicly disclosed","not publicly disclosed","not publicly disclosed","A ransomware operation has targeted Russian players of the Enlisted multiplayer first-person shooter by distributing trojanized versions of the game through a fake website. The ransomware, which mimics the notorious WannaCry, encrypts files and demands a ransom from victims within three days.","3"
"Accommodation, Food Services, Arts and Entertainment::Crown Resorts","Crown Resorts","","Australia","not publicly disclosed","not publicly disclosed","not publicly disclosed","not publicly disclosed","Crown Resorts confirmed it suffered a data breach after its GoAnywhere secure file-sharing server was compromised by the Clop ransomware gang. The gang is extorting Crown Resorts, claiming to have stolen data from its networks, although the company states there is no evidence of customer data being compromised.","2"
"Accommodation, Food Services, Arts and Entertainment::H-Hotels","H-Hotels","December 19th 2022","not publicly disclosed","not publicly disclosed","not publicly disclosed","communication outages","not publicly disclosed","The Play ransomware gang claimed responsibility for a cyber attack on H-Hotels, resulting in communication outages for the company. The attack involved the use of ransomware to encrypt devices on the network after gaining access through vulnerabilities in Microsoft Exchange.","2"
"Accommodation, Food Services, Arts and Entertainment::New York Racing Association","New York Racing Association","June 30, 2022","USA","not publicly disclosed","not publicly disclosed","NYRA's website remains out of reach, but core operations were not interrupted.","personally identifiable information of NYRA employees and their beneficiaries","The Hive ransomware gang claimed responsibility for a cyber attack on the New York Racing Association (NYRA) on June 30, 2022, which compromised member data. The attack did not affect day-to-day racing operations, but the association's website faced accessibility issues, and the hackers published a link to download stolen files.","2"
"Accommodation, Food Services, Arts and Entertainment::San Francisco 49ers","San Francisco 49ers","February 12, 2022","USA","not publicly disclosed","not publicly disclosed","The 49ers are still restoring systems, indicating that the breached devices were likely encrypted.","20,930 individuals affected; personal information including names and Social Security numbers.","The San Francisco 49ers experienced a data breach due to a ransomware attack by the Blackbyte gang, affecting over 20,000 individuals. The attackers accessed and stole personal information, and the team is working on restoring their systems while enhancing security protocols.","2"
"Accommodation, Food Services, Arts and Entertainment::hotel and spa in Oregon","hotel and spa in Oregon","not publicly disclosed","USA","not publicly disclosed","not publicly disclosed","not publicly disclosed","1,534 employees affected; sensitive information including names, Social Security Numbers, date of birth, phone numbers, and email addresses","The ALPHV ransomware gang has launched a dedicated website allowing employees and customers of a hotel and spa in Oregon to check if their data was stolen during a ransomware attack. They claim to have stolen 112GB of data, including sensitive employee information for 1,534 individuals, and are using this site to pressure the hotel into paying a ransom to prevent public exposure of the data.","2"
"Accommodation, Food Services, Arts and Entertainment::Roblox","Roblox","not publicly disclosed","not publicly disclosed","not publicly disclosed","1,499 Robux","not publicly disclosed","not publicly disclosed","A new ransomware named 'WannaFriendMe' has been discovered, which sells its decryptor on the Roblox platform using in-game currency. This ransomware variant, related to Chaos ransomware, encrypts files and demands payment in Robux for decryption, targeting young gamers. Roblox has since removed the Game Pass and the account responsible for selling the decryptor.","2"
"Agriculture, Forestry, Fishing and Food Production::JBS S.A. / JBS USA","JBS S.A. / JBS USA","2021-05-30","Brazil / United States / Canada / Australia","Direct operational disruption to global meat supply; JBS did not publicly quantify total losses beyond the ransom. Widely cited as one of the most consequential critical-infrastructure attacks of 2021.","REvil initially demanded $22.5 million; JBS negotiated and paid $11 million in Bitcoin.","Multiple North American and Australian plants shut for roughly a day-plus; JBS said the majority of facilities were operational again within days, choosing to pay to avoid prolonged disruption and possible data exfiltration.","JBS said it paid partly to ensure no data was exfiltrated; no large-scale data leak was confirmed at the time.","The world's largest meat processor was hit by REvil, forcing shutdown of beef and pork slaughterhouses across the US, Canada and Australia and disrupting roughly a fifth of US meat capacity. Internal DHS records later characterized JBS's pre-attack cybersecurity as unusually poor. Ransomware.live also tracks a later 2026 'coinbasecartel' posting recycling ~3TB of JBS data, illustrating re-extortion.","4"
"Agriculture, Forestry, Fishing and Food Production::United Natural Foods, Inc. (UNFI)","United Natural Foods, Inc. (UNFI)","2025-06-05","United States","Estimated $350–$400 million reduction in fiscal-2025 net sales; net income impact of $50–$60 million and adjusted EBITDA impact of ~$40–$50 million. Included ~$20 million in manual-workaround costs and ~$5 million in remediation. Company said it expects insurance proceeds to be adequate to substantially offset losses.","Not publicly disclosed.","Systems taken offline in early June 2025; company ran manual workarounds and said the operational impact was mostly contained to the quarter, with phased restoration over subsequent weeks.","Not detailed publicly; impact framed primarily as operational/supply disruption.","North America's largest grocery distributor and primary supplier to Whole Foods was forced to take core systems offline after a June 2025 cyberattack, crippling electronic ordering and invoicing across its 53 distribution centers serving 30,000+ retail locations and emptying shelves nationwide. One of the largest quantified financial hits in the sector.","4"
"Agriculture, Forestry, Fishing and Food Production::Dole plc (Dole Food Company)","Dole plc (Dole Food Company)","2023-02-01","United States / Chile","Total incident impact of $10.5 million for the quarter ended March 31, 2023 (of which $4.8 million related to continuing operations); CEO warned the financial impact would not be fully recoverable through insurance.","Not publicly disclosed.","North American operations briefly shut down; most disruptive to Fresh Vegetables and Chilean businesses. All impacted servers and end-user computers were subsequently restored or rebuilt with third-party IR support.","Dole later disclosed the attack breached data of almost 3,900 US workers.","One of the world's largest fresh-produce suppliers suffered a February 2023 ransomware attack that hit about half of Legacy Dole's servers and a quarter of end-user computers, briefly shutting North American operations and causing widely reported packaged-salad shortages on US store shelves.","4"
"Agriculture, Forestry, Fishing and Food Production::Ahold Delhaize USA (Giant Food, Hannaford, Food Lion, Stop & Shop, The Giant Company)","Ahold Delhaize USA (Giant Food, Hannaford, Food Lion, Stop & Shop, The Giant Company)","2024-11-06","Netherlands / United States","Not separately quantified in dollar terms publicly; costs include breach response and two years of free credit monitoring/identity protection for 2.24M affected individuals.","No ransom reported paid — attackers published ~800GB of data on their leak site, indicating non-payment.","Network issues across US pharmacies and supermarkets in November 2024; systems restored over following weeks.","Breach affected 2,242,521 people; leaked data included names, postal/email addresses, phone numbers, dates of birth and government IDs (SSNs, driver's licenses, passports).","The US division of the multinational grocery/food retailer detected unauthorized access on Nov 6, 2024, disrupting pharmacies and supermarket network systems. INC Ransom claimed the attack in April 2025, asserting up to 6TB of stolen data; the incident became one of the largest food-retail data breaches on record.","3"
"Agriculture, Forestry, Fishing and Food Production::NEW Cooperative Inc.","NEW Cooperative Inc.","2021-09-20","United States","Not publicly disclosed; the co-op proactively took systems offline to contain impact rather than pay.","BlackMatter demanded $5.9 million, escalating to $11.8 million if unpaid within five days. Reporting indicated the co-op did not pay.","Systems taken offline proactively to contain the threat; operations managed via workarounds while remediation proceeded with law enforcement and security experts.","BlackMatter claimed theft of financial information, HR data, R&D information and source code for the 'SoilMap' agricultural technology platform.","An Iowa farm cooperative providing feed, grain and crop-protection services was hit by BlackMatter, which locked systems used to manage food supply chains and animal-feeding schedules. The co-op said ~40% of US grain production runs through its software and warned the attack could 'break the supply chain very shortly,' making it a landmark food-security incident.","3"
"Agriculture, Forestry, Fishing and Food Production::KP Snacks","KP Snacks","2022-01-28","United Kingdom","Not publicly disclosed; disruption to order processing and distribution for roughly two months with supply-chain knock-on to retailers.","Conti operated double-extortion with a leak-site countdown; ransom amount and any payment not publicly confirmed.","Order placement and delivery disrupted from late January with no normal service expected until at least end of March 2022.","Conti published samples including credit-card statements, birth certificates, and spreadsheets with employee addresses and phone numbers on its leak site.","The UK snack maker (Hula Hoops, McCoy's, KP Nuts, Tyrrells, Butterkist) discovered a Conti ransomware attack on Jan 28, 2022 that disrupted IT systems so severely it could not safely process orders or dispatch goods, prompting warnings of crisp and snack shortages through at least March.","3"
"Agriculture, Forestry, Fishing and Food Production::Maple Leaf Foods","Maple Leaf Foods","2022-11-06","Canada","Company acknowledged the outage would cause operational and financial impact and expected full resolution to take time; specific loss figure not itemized publicly.","Not publicly disclosed; Maple Leaf publicly indicated it would not accede to criminal demands.","System outage began early November 2022 with recovery efforts extending over subsequent weeks while the company used workarounds to maintain supply.","Not detailed publicly at scale; primarily an operational-disruption event.","One of Canada's largest packaged-meats and food producers suffered a November 2022 outage attributed to Black Basta ransomware, causing a system disruption that affected operations and order fulfillment across its network; recorded in the ransomware.live sector dataset as a Black Basta victim.","2"
"Agriculture, Forestry, Fishing and Food Production::Dole Food Company","Dole Food Company","February 22, 2023","not publicly disclosed","not publicly disclosed","not publicly disclosed","Production plants across North America were shut down, and all shipments were on hold.","Employee information of an undisclosed number of employees was accessed.","Dole Food Company confirmed a ransomware attack in February 2023 that accessed employee information. The attack led to the shutdown of production plants across North America and caused delays and shortages of products in stores.","3"
"Agriculture, Forestry, Fishing and Food Production::AGCO","AGCO","May 6th 2022","US","not publicly disclosed","not publicly disclosed","not publicly disclosed","not publicly disclosed","AGCO, a leading US-based agricultural machinery producer, was hit by a ransomware attack that impacted some of its production facilities. The attack was attributed to the LockBit ransomware group, which has been involved in various cyberattacks recently.","2"
"Construction::Ferrovial","Ferrovial","Claimed July 15, 2026","Spain (global infrastructure operator, Nasdaq/Euronext-listed)","Not publicly disclosed; no company financial statement or disclosed cost found.","Not publicly disclosed.","Not publicly disclosed.","Per HudsonRock infostealer telemetry referenced on the incident's ransomware.live page: 147 compromised employee accounts, 16 compromised user accounts, 106 third-party employee credentials, and 27 external attack-surface exposures identified. Underlying stolen data types/volume from the ransomware group's own leak were not detailed in available sources as of this writing (incident is very recent/","AiLock, a double-extortion RaaS group active since March 2025, claimed Ferrovial - a global infrastructure and mobility operator involved in construction and design plus toll-road concessions - on its leak site. AiLock's model gives victims a 72-hour response window and up to five days to pay, threatening regulator notification and competitor disclosure if unpaid.","3"
"Construction::Balfour Beatty","Balfour Beatty","October 12, 2025 and April 8, 2026 (two separate claimed incidents)","United Kingdom (international infrastructure group, LSE-listed)","Not publicly disclosed for either incident.","Not publicly disclosed for either incident.","Not publicly disclosed for either incident.","Leak size described as 'unknown' in available secondary reporting for both incidents; no confirmed data-type breakdown found in public sources.","Balfour Beatty, a leading UK-headquartered international infrastructure group delivering construction, engineering and support services across transportation, power, buildings and civil works in the UK, US and other markets, was claimed by two different ransomware groups within a six-month span: INC Ransom in October 2025 (targeting US operations) and CoinbaseCartel in April 2026 (UK).","4"
"Construction::Bechtel Corporation","Bechtel Corporation","Claimed November 20-21, 2025","United States (privately held, one of the world's largest engineering/construction/project-management firms, major US government contractor)","Not publicly disclosed by Bechtel; no company statement located.","Not publicly disclosed.","Not publicly disclosed.","Specific data types/volume exfiltrated from Bechtel were not detailed in available sources; the broader Oracle EBS campaign is understood to have exposed enterprise financial, HR and procurement data (the standard EBS module set) at affected organizations generally.","Bechtel was named by the Clop ransomware group as part of a large-scale extortion wave exploiting a zero-day vulnerability (CVE-2025-61882) in Oracle E-Business Suite. Clop posted roughly 39 victim organizations across many industries within a 24-hour window in this campaign; Clop had earlier exfiltrated data via the Oracle EBS flaw in August 2025 and followed up with mass extortion emails in late September 2025 before publishing leak-site listings in November.","3"
"Construction::Kier Group plc (KIER.CO.UK)","Kier Group plc (KIER.CO.UK)","Discovered/claimed November 6-7, 2025","United Kingdom (major listed construction, property and infrastructure services company, LSE:KIE)","Not publicly disclosed.","Not publicly disclosed; Clop threatened to release data absent negotiation.","Not publicly disclosed.","Per secondary reporting citing infostealer-derived telemetry on the incident record: 4 employees, 120 users, and 23 third-party employee credentials referenced as compromised/exposed; specific stolen-file categories from the Clop leak itself were not detailed in available sources.","Kier Group, a leading UK construction, civil-engineering, property and infrastructure services company operating across defence, transportation, health, education and utilities, was claimed by Clop as part of the same Oracle E-Business Suite CVE-2025-61882 mass-exploitation campaign that hit Bechtel days later.","3"
"Construction::Kajima Europe","Kajima Europe","Claimed November 22, 2025","United Kingdom / continental Europe operations of Kajima Corporation (Japan, one of the world's largest construction firms)","Not publicly disclosed.","Not publicly disclosed.","Not publicly disclosed/documented in available sources.","Approximately 400 GB of data reported exfiltrated, including engineering documents, CAD designs and blueprints, financial and investment records, construction contracts and procurement documentation, internal communications, subcontractor lists and payment schedules, employee HR files/credentials, and project-management files.","Qilin, one of the most prolific ransomware groups globally in 2025 (claiming roughly 800 victims across 50+ countries since January 2025, and dominant in Europe with 65 Q3-2025 victims per Cyble), claimed Kajima Europe, the European arm of major Japanese construction group Kajima Corporation, exfiltrating a large volume of corporate and project data.","3"
"Construction::AECOM","AECOM","Discovered November 8-9, 2021","United States (Fortune 500 global engineering, design and infrastructure-consulting firm)","Specific incident-response, remediation or credit-monitoring costs were not publicly disclosed; no stock-impact or insurance-payout figures found in public sources.","Not publicly disclosed.","Not publicly disclosed.","Personal information of present and former AECOM employees was exposed, including names, addresses, Social Security numbers, and personal bank account and routing numbers, via compromise of the US payroll system; exact number of employees affected was not confirmed in available public sources.","AECOM was compromised in a payroll-system hack attributed to the Pysa (Mespinoza) ransomware group's double-extortion operators; AECOM subsequently notified current and former employees that their personal data had been exposed and reported the incident to the California Attorney General's office. This is one of the better-documented incidents in the sector because it produced a formal breach notification rather than only a leak-site claim.","3"
"Construction::Turner Construction Company","Turner Construction Company","Discovered March 7, 2022","United States (one of the largest construction management firms in the US)","Not publicly disclosed.","Not publicly disclosed.","Not publicly disclosed.","Specific data types/volume were not detailed in available public sources beyond the leak-site listing itself.","Turner Construction Company was listed as a victim by the Everest ransomware group, a double-extortion (and increasingly pure data-extortion) operator active since December 2020 that has targeted government, healthcare, manufacturing and IT-services organizations across North America, Europe and Asia. Turner's inclusion illustrates the group's willingness to target top-tier construction management firms.","3"
"Construction::Sando","Sando","not publicly disclosed","not publicly disclosed","not publicly disclosed","not publicly disclosed","not publicly disclosed","not publicly disclosed","The Donut extortion group has been confirmed to deploy ransomware in double-extortion attacks, targeting various enterprises including the multinational construction company Sando. The group uses customized ransomware that encrypts files and appends a specific extension, while also engaging in theatrics with their ransom notes and marketing strategies.","2"
"Construction::Knauf Group","Knauf Group","June 29, 2022","Germany","not publicly disclosed","not publicly disclosed","Knauf's global IT team shut down all IT systems to isolate the incident and is in the process of forensic investigation, incident response, and remediation.","20% of the files allegedly exfiltrated included email communication, user credentials, employee contact information, production documents, and ID scans.","Knauf Group, a multinational building materials producer, was targeted by the Black Basta ransomware gang on June 29, 2022. The attack disrupted business operations, leading to a complete shutdown of IT systems while the company investigates and responds to the incident. Black Basta claimed responsibility and leaked 20% of the stolen files, indicating ongoing negotiations for a ransom payment.","2"
"Educational Services::PowerSchool (SIS vendor serving K-12 districts in the US, Canada and elsewhere)","PowerSchool (SIS vendor serving K-12 districts in the US, Canada and elsewhere)","December 2024 (disclosed January 2025; district-level re-extortion May 2025)","US","Total programme cost not publicly disclosed. PowerSchool offered two years of identity protection and credit monitoring to affected students and educators; class-action litigation followed. Individual district remediation and notification costs were not publicly itemised.","Approximately $2.85 million in bitcoin demanded and PAID by PowerSchool, per US Department of Justice court documents made public 20 May 2025. Amounts sought in the subsequent district-level extortion attempts were not publicly disclosed.","No mass encryption event - this was exfiltration-only extortion, so districts did not suffer the closure pattern typical of encryption attacks. Recovery centred on notification, credit monitoring, credential resets and multi-jurisdiction regulatory response, extending well beyond a year and reopening when re-extortion began in May 2025.","The attacker claimed data on 62.4 million students and 9.5 million teachers across approximately 6,505 school districts in the US, Canada and other countries. Exposed fields included names, addresses, dates of birth, contact details, and for some individuals Social Security numbers and medical/grade information. Affected populations are overwhelmingly minors, whose identity exposure persists for d","The defining edtech aggregation event. An attacker used compromised credentials to access PowerSchool's PowerSource support portal and exfiltrate student and teacher data from the hosted SIS environment. PowerSchool paid an extortion demand in exchange for a video purporting to show deletion of the only copy of the data. The deletion proved worthless: in May 2025 the same data was used to extort individual school districts directly in Canada and North Carolina, with attackers sending samples to schools. PowerSchool stated it did not believe this was a new intrusion because the samples matched the December theft. This is the clearest available demonstration that paying for a deletion promise transfers no risk downstream, and that a single vendor compromise generates thousands of correlated district-level losses.","6"
"Educational Services::Instructure Holdings, Inc. (Canvas LMS)","Instructure Holdings, Inc. (Canvas LMS)","2026-05-01 (intrusion 29-30 April 2026; second breach within roughly two weeks)","US","Not publicly disclosed. Institutional costs spanned incident response, forensic review, portal remediation after defacement, and notification across thousands of schools.","Ransom PAID by Instructure under an agreement reached 11 May 2026; the amount was not publicly disclosed. Attackers reportedly returned the data and supplied 'shred logs' as claimed proof of destruction - the same unverifiable deletion assurance seen in the PowerSchool case.","Instructure took Canvas, Canvas Beta and Canvas Test offline on 7 May 2026 for investigation and restored service the following day; Canvas Data 2 and Canvas Beta had been in maintenance since 1 May. The Free-For-Teacher account programme was permanently shut down as a remediation measure. Roughly 330 institutions additionally had to remediate defaced login portals.","ShinyHunters claimed 3.6TB covering 275 million users across approximately 9,000 institutions (reporting also cites 8,809 universities, education ministries and other bodies) - figures Instructure has not confirmed. Instructure confirmed exposure of names, email addresses, student ID numbers and some private messages between Canvas users, and stated there was no evidence that passwords, financial ","Described in reporting as the largest education-sector breach on record. ShinyHunters exploited Instructure's Free-For-Teacher (FFT) programme - which allowed educators to create Canvas accounts without institutional verification - to reach production data, then breached the platform a second time within about two weeks. After Instructure missed the initial 7 May negotiation deadline, the group escalated by defacing Canvas login portals at roughly 330 institutions and pivoting to direct school-by-school extortion with a final 12 May deadline. Instructure reached a payment agreement on 11 May, one day before the leak deadline. The incident is the purest example of LMS vendor concentration risk: Canvas is used by 41% of US higher education institutions, so a single platform intrusion simultaneously exposed thousands of otherwise unconnected insureds.","6"
"Educational Services::University of Hawai'i Cancer Center","University of Hawai'i Cancer Center","2025-08-31 (discovered on or around 31 August 2025)","US","Not publicly disclosed. Costs included ransom payment, third-party forensic and recovery support, and notification plus remediation for up to 1.15 million individuals.","Ransom PAID - the centre worked with third-party cybersecurity experts to obtain a decryption tool and paid to prevent publication of the stolen data. The amount was not publicly disclosed.","Encrypted data was recovered using a decryption tool obtained through the payment. Specific outage duration was not publicly disclosed. Notification lagged roughly four months behind discovery, with the centre compiling names and addresses for study participants well after the August 2025 intrusion.","Up to 1.15 million individuals affected (some reporting cites approximately 1.2 million). Exposed data included Social Security numbers and driver's licence numbers sourced from the Hawai'i State Department of Transportation, and City and County of Honolulu voter registration records from 1998. Much of the affected population were research study participants rather than students or employees.","A university research-archive breach that illustrates how higher education accumulates liability for populations who were never students or staff. Attackers reached data from the Multiethnic Cohort (MEC) Study, a longitudinal epidemiological study established in 1993, plus files from three other diet-and-cancer studies. Compounding the event, the university did not notify affected study participants for roughly four months - a delay that drew specific public criticism and independent regulatory risk. Notably, the university PAID to prevent publication, making this one of the few education cases with a confirmed payment decision.","5"
"Educational Services::Highline Public Schools","Highline Public Schools","2024-09-07 (discovered Saturday 7 September 2024)","US","Not publicly disclosed. Costs included district-wide re-imaging of all student and staff devices, third-party forensic engagement, and three days of lost instruction across 34 schools.","Not publicly disclosed - the district declined to say how much was demanded, citing the ongoing investigation, and did not publicly confirm any payment.","All schools and activities closed for three days, from Monday 9 September through Wednesday 11 September 2024, reopening Thursday 12 September. Network systems remained disrupted into October 2024, when all student and staff devices had been re-imaged - roughly a month of degraded operation after classes resumed.","The district confirmed that highly sensitive personal, financial and medical data was breached. The precise number of affected students and staff was not publicly disclosed in the reporting reviewed.","The canonical K-12 operational-disruption case. Highline, a Washington state district of 34 schools serving roughly 17,500 students and 2,000 staff, detected the intrusion on a Saturday and immediately isolated critical systems - then closed every school and all activities for three days because core instructional and safety systems could not be trusted. It demonstrates the sector's defining characteristic for insurers: a school district has no degraded operating mode, so business interruption manifests as total closure of an essential public service, with statutory make-up obligations and knock-on effects to transport and meal programmes.","5"
"Educational Services::British Library","British Library","2023-10-28 (attack late October 2023)","GB","Approximately GBP 6-7 million in recovery costs, funded from roughly 40% of the library's financial reserves - about ten times the ransom demanded.","20 bitcoin demanded, approximately GBP 596,000 at the time. NOT PAID - the library refused, and Rhysida published the data.","Services were severely disrupted for months. The main catalogue returned online on 15 January 2024 in read-only format, roughly two and a half months after the attack, with other services expected to remain unavailable for months beyond that. Recovery was complicated by legacy infrastructure and constrained funding, documented in the library's own transparency reporting and subsequent academic analysis.","Approximately 600GB of material leaked publicly after refusal to pay, including internal documents and staff and user data. Full affected-individual counts were not publicly itemised in the reporting reviewed.","The UK's national library, described as one of the worst cyber incidents in British history. Rhysida rendered almost all VMware ESXi servers unavailable, taking down the website, on-site services and Wi-Fi; the library remained physically open but could accept only cash payments. The institution refused to pay and Rhysida published the stolen material. The case is the reference point for catastrophic recovery severity in a public, non-commercial education/research body: the recovery cost dwarfed the ransom demand by an order of magnitude, and the library had to consume roughly 40% of its financial reserves - a funding mechanism with no analogue in the commercial sector and a key consideration for public-institution insureds.","5"
"Educational Services::University of Manchester","University of Manchester","2023-06-05 (intrusion began 5 June 2023; detected 9 June; containment from 14 June)","GB","Not publicly disclosed.","Not publicly disclosed. No public confirmation of payment; the university worked with the ICO, NCSC and National Crime Agency.","Detected 9 June 2023 with containment beginning 14 June. Specific outage duration and full recovery timeline were not publicly disclosed; response ran in parallel with ICO and NCSC engagement.","Around 250GB of data accessed. Included NHS records relating to 1.1 million patients across more than 200 hospitals, gathered for medical research - with NHS numbers and the first three letters of patients' postcodes among the fields, plus major-trauma and terrorist-attack victim treatment data. Separately, student and alumni data was leaked including names, contact details, gender, dates of birth","The clearest illustration of research-data liability in higher education. Attackers reached a research archive holding NHS patient records gathered from more than 200 hospitals for medical research purposes - including major-trauma patient reports and treatment records for victims of terrorist attacks - alongside current student and alumni data. Attackers then emailed students and staff directly threatening to sell their data, a triple-extortion pressure tactic. The incident triggered questions in UK health and education policy about universities holding national-scale clinical datasets under research governance rather than clinical security controls.","5"
"Educational Services::Minneapolis Public Schools (Special School District No. 1)","Minneapolis Public Schools (Special School District No. 1)","2023-02-17 (encryption discovered 17 February 2023)","US","Not publicly disclosed. Costs included forensic investigation, restoration from backups, and notification plus credit monitoring for 105,617 individuals.","$1,000,000 demanded by Medusa with a 17 March 2023 deadline; the leak site also offered a $50,000-per-day deadline extension and listed the data for outright purchase at $1 million. NOT PAID - the district restored from internal backups and Medusa published the stolen files.","Widespread digital disruption following the 17 February 2023 encryption event; the district recovered encrypted data from internal backups rather than paying. Precise system-restoration duration was not publicly disclosed. Notification took seven months, completing in September 2023.","105,617 people notified as affected. Nearly 200,000 individual files containing sensitive student and educator information were released publicly, including student psychological and welfare records. Cybersecurity experts confirmed campus security maps and school security blueprints were among the leaked material - creating ongoing physical-safety risk to students.","The reference case for extortion harm to minors and for notification failure. Medusa demanded $1 million with a 17 March deadline, posted the district on its leak site with a countdown, offered to sell the data to any buyer for $1 million, and offered the district the option to pay $50,000 per additional day of delay. The district refused and restored from internal backups - but Medusa then published the files. Analysts confirmed the leaked corpus included school security blueprints, a physical-safety exposure that cannot be remediated by notification or credit monitoring. The district publicly characterised the event as an 'encryption event' and did not notify the 105,617 affected individuals until September 2023, seven months later.","6"
"Educational Services::Los Angeles Unified School District (LAUSD)","Los Angeles Unified School District (LAUSD)","2022-09-03 (attack 3 September 2022; leak-site posting 30 September 2022; data published 2 October 2022)","US","Not publicly disclosed as a single figure. The district funded incident response, credit monitoring for affected individuals including contractors whose SSNs were exposed, and a subsequent security programme uplift.","Demand amount not publicly disclosed. NOT PAID - LAUSD publicly refused, stating public dollars are better spent on students than on criminals, and Vice Society published the data on its leak blog on 2 October 2022.","The attack disrupted district systems in early September 2022 at the start of the school year, though schools remained open. Threat actors had persistent access from 31 July to 3 September 2022 before detection - a dwell time of over a month. Full remediation timeline was not publicly disclosed.","500GB of data stolen and published. The trove included student psychological assessments, health information including COVID-19 test data, and prior conviction reports. LAUSD separately confirmed that contractors' Social Security numbers were among the stolen data. Passport data and other sensitive identifiers were also reported as potentially included.","The attack that made K-12 ransomware a national policy issue in the US. Vice Society - the group that dominated education targeting in this period, ranking fourth all-time in the Education dataset with 63 victims - dwelled in the network of the second-largest US school district for over a month, from 31 July to 3 September 2022. LAUSD publicly refused to pay on the principle that 'dollars must be used to fund students and education' and that paying never guarantees full recovery, following FBI guidance. Vice Society published the full 500GB trove in retaliation. The leaked data's contents - student psychological assessments, health and COVID-19 test data, and prior conviction reports - established the template for how education extortion inflicts harm on minors specifically.","6"
"Educational Services::Texas Tech University System","Texas Tech University System","2024","not publicly disclosed","not publicly disclosed","not publicly disclosed","not publicly disclosed","not publicly disclosed","The Interlock ransomware attack utilized a new malware strain called Slopoly, which was likely generated using AI tools. The attack involved data theft and extortion, with the threat group Hive0163 being responsible for the incident, which affected the Texas Tech University System.","2"
"Educational Services::La Sapienza University","La Sapienza University","","Italy","not publicly disclosed","not publicly disclosed","The university's website remains offline, and technicians are working to restore systems from backups.","not publicly disclosed","La Sapienza University in Rome experienced a cyberattack that caused significant operational disruptions and led to the shutdown of its IT systems. Reports suggest that the attack is a ransomware incident linked to a pro-Russian group called Femwar02, which may have resulted in data encryption.","3"
"Educational Services::Kyowon Group","Kyowon Group","January","South Korea","not publicly disclosed","not publicly disclosed","The company is working to restore its online services, a process that is reportedly in its final stages.","Over 9.6 million accounts registered, corresponding to about 5.5 million people may have had their information exposed.","Kyowon Group, a South Korean conglomerate, confirmed a ransomware attack that disrupted its operations and potentially exposed customer information. The attack occurred in January, affecting approximately 600 out of 800 servers, and the company is currently investigating the extent of the data breach while working to restore services.","2"
"Educational Services::Baltimore City Public Schools","Baltimore City Public Schools","February 13, 2025","USA","not publicly disclosed","not publicly disclosed","not publicly disclosed","over 31,000 individuals affected, including sensitive data belonging to roughly 1,150 students, current and former employees, volunteers, and contractors","Baltimore City Public Schools experienced a data breach in February 2025, affecting over 31,000 individuals. The breach involved unauthorized access to sensitive documents, including social security numbers and student data, and has been linked to the Cloak ransomware group. The school district is providing credit monitoring services to those impacted.","3"
"Educational Services::Pennsylvania State Education Association (PSEA)","Pennsylvania State Education Association (PSEA)","July 6, 2024","United States","not publicly disclosed","20 BTC","not publicly disclosed","517,487 individuals affected; personal, financial, and health data including driver's license or state IDs, social security numbers, account PINs, security codes, payment card information, passport information, taxpayer ID numbers, credentials, health insurance and medical information","The Pennsylvania State Education Association (PSEA) experienced a data breach on July 6, 2024, affecting over 500,000 individuals. The Rhysida ransomware gang claimed responsibility for the breach, demanding a ransom of 20 BTC and threatening to leak the stolen data if not paid.","2"
"Educational Services::Texas Tech University Health Sciences Center","Texas Tech University Health Sciences Center","September 2024","United States","not publicly disclosed","not publicly disclosed","temporary disruption to some computer systems and applications","1,465,000 people; Full name, Date of birth, Physical address, Social Security number, Driver's license number, Government ID number, Financial account information, Health insurance information, Medical information, Billing/claims data, Diagnosis and treatment information","The Texas Tech University Health Sciences Center suffered a cyberattack in September 2024, impacting the data of 1.4 million patients. The attack was claimed by the Interlock ransomware group, which leaked 2.1 million files totaling 2.6 TB of data on their extortion portal.","2"
"Educational Services::Toronto District School Board","Toronto District School Board","not publicly disclosed","Canada","not publicly disclosed","not publicly disclosed","All systems are operational and none of their operations are disrupted.","Approximately 247,000 students and 40,000 staff members potentially impacted; sensitive information may have been exposed.","The Toronto District School Board (TDSB) experienced a ransomware attack on its software testing environment, prompting an investigation into potential exposure of personal information. TDSB has confirmed that all systems remain operational and that they are working with law enforcement and cybersecurity experts to assess the situation.","2"
"Educational Services::University System of Georgia","University System of Georgia","2023-05-01","United States","not publicly disclosed","not publicly disclosed","not publicly disclosed","800,000 individuals affected; Full or partial Social Security Number, Date of Birth, Bank account number(s), Federal income tax documents with Tax ID number, Driver's license number or identification card number","The University System of Georgia was impacted by the Clop ransomware gang's MOVEit attacks, resulting in the exposure of sensitive data for 800,000 individuals. The organization began notifying affected individuals in April 2024 after determining that Clop had stolen sensitive files from its systems.","2"
"Educational Services::Stanford University","Stanford University","September 27, 2023","not publicly disclosed","not publicly disclosed","not publicly disclosed","not publicly disclosed","27,000 individuals; personally identifiable information (PII) including date of birth, Social Security number, government ID, passport number, driver's license number, biometric data, health/medical information, email address with password, username with password, security questions and answers, digital signature, credit card information with security codes","Stanford University experienced a ransomware attack that resulted in the theft of personal information belonging to 27,000 individuals. The attack was discovered on September 27, 2023, and was attributed to the Akira ransomware gang, which claimed to have stolen 430Gb of files from the university's systems and published the data on their dark web leak site.","2"
"Educational Services::Truman State University","Truman State University","not publicly disclosed","not publicly disclosed","not publicly disclosed","not publicly disclosed","several days of shutdowns","not publicly disclosed","A ransomware attack on Truman State University caused several days of shutdowns and required the engagement of external security teams. The attack highlights the vulnerabilities educational institutions face, particularly regarding the protection of sensitive personal data.","2"
"Educational Services::Colorado Department of Higher Education","Colorado Department of Higher Education","2023-06-19","United States","not publicly disclosed","not publicly disclosed","CDHE took steps to secure the network and have been working with third-party specialists to conduct a thorough investigation into this incident. CDHE also worked to restore systems and return to normal operations.","The data stolen includes full names, social security numbers, dates of birth, addresses, proof of addresses (statements/bills), photocopies of government IDs, and for some, police reports or complaints regarding identity theft. The breach impacts students, past students, and teachers who attended public institutions in Colorado between 2004 and 2020.","The Colorado Department of Higher Education disclosed a massive data breach following a ransomware attack on June 19, 2023. The attack compromised sensitive data affecting students, past students, and teachers, with the threat actors having access to the systems from June 11 to June 19, 2023. The stolen data includes personal information such as social security numbers and addresses, prompting the CDHE to offer identity theft monitoring to those impacted.","3"
"Educational Services::University of Waterloo","University of Waterloo","2023-05-30","Canada","not publicly disclosed","not publicly disclosed","not publicly disclosed","not publicly disclosed","On May 30th, 2023, the University of Waterloo experienced a ransomware attack targeting their Microsoft Exchange email service. As a result, the university mandated a mass password reset for staff, faculty, and students, affecting approximately 42,000 individuals. The reset process was scheduled to be completed by June 22nd, 2023, to mitigate potential security risks.","2"
"Educational Services::Hawai'i Community College","Hawai'i Community College","July 28th 2023","not publicly disclosed","not publicly disclosed","paid a ransom","not publicly disclosed","approximately 28,000 people","Hawai'i Community College admitted to paying a ransom to prevent the leaking of stolen data. The incident involved the data of approximately 28,000 individuals being at risk due to a ransomware attack.","2"
"Educational Services::Colorado State University","Colorado State University","July 12, 2023","United States","not publicly disclosed","not publicly disclosed","not publicly disclosed","not publicly disclosed","Colorado State University confirmed that the Clop ransomware operation stole sensitive personal information of current and former students and employees during the MOVEit Transfer data-theft attacks. The breach impacts data from as far back as 2021, affecting personal identifiable information such as names, dates of birth, and social security numbers.","2"
"Educational Services::Des Moines Public Schools","Des Moines Public Schools","January 9, 2023","USA","not publicly disclosed","not publicly disclosed","forced to take all networked systems offline","data of not publicly disclosed number of people","Des Moines Public Schools confirmed a ransomware attack that occurred on January 9, 2023. The BlackCat ransomware gang claimed responsibility for the attack, which involved data theft. The school district had to take all networked systems offline as a result of the incident.","2"
"Educational Services::Bluefield University","Bluefield University","2023-04-30","United States","not publicly disclosed","not publicly disclosed","All examinations were postponed; remediation and system restoration efforts are still underway.","1.2 TB of files, including admissions data from thousands of students, W-2 Tax Form for the University's President, and a document related to their insurance policy.","The Avos ransomware gang hijacked Bluefield University's emergency alert system to threaten students and staff with the release of stolen personal data unless a ransom was paid. The incident led to the postponement of examinations and the release of some stolen data, including sensitive documents.","2"
"Educational Services::Open University of Cyprus","Open University of Cyprus","March 27, 2023","Cyprus","not publicly disclosed","$100,000","Several central services and critical systems went offline; extensions for assignment submissions were provided by academic staff.","Student lists with personally identifiable information, financial details of research contractors, and more.","The Medusa ransomware gang claimed a cyberattack on the Open University of Cyprus, disrupting operations and leading to the offline status of critical systems. The group demanded a ransom of $100,000 and published data samples to prove their claims, affecting sensitive information of students and contractors.","2"
"Educational Services::Technion - Israel Institute of Technology","Technion - Israel Institute of Technology","February 12, 2023","Israel","$1,745,200","$1.7 million","The university is currently carrying out incident response activities and has blocked all communication networks. Some technical systems are gradually being restored, but the incident response is ongoing.","not publicly disclosed","Technion - Israel Institute of Technology was hit by a ransomware attack from a group called DarkBit, which demanded a ransom of approximately $1.7 million. The attack was reportedly motivated by protests against tech layoffs and anti-Israel sentiments, and the university is actively responding to the incident while maintaining normal campus operations.","3"
"Educational Services::University of Duisburg-Essen","University of Duisburg-Essen","November 2022","Germany","not publicly disclosed","not publicly disclosed","ongoing reconstruction of IT infrastructure","not publicly disclosed","The Vice Society ransomware gang claimed responsibility for a cyberattack on the University of Duisburg-Essen in November 2022. The attack forced the university to reconstruct its IT infrastructure, a process that is still ongoing.","2"
"Educational Services::Queensland University of Technology","Queensland University of Technology","January 1, 2023","Australia","not publicly disclosed","not publicly disclosed","Campuses reopened on January 3, 2023, but system disruptions are expected to continue for some weeks.","10% of the data stolen includes HR files, email and letter communications, ID cards and documents, and financial and administrative documents.","The Royal ransomware gang claimed responsibility for a cyberattack on the Queensland University of Technology, leaking data they allege was stolen during the breach. The university experienced significant service disruptions and shut down all IT systems to contain the attack, while also warning students and staff about potential risks.","2"
"Educational Services::Cincinnati State Technical and Community College","Cincinnati State Technical and Community College","","not publicly disclosed","not publicly disclosed","not publicly disclosed","Restoration of on-campus networks and email, partial internet access, and classroom computers; however, voicemail, network printing, VPN access, and shared drives are unavailable, causing significant disruption.","10,000 students and 1,000 staff members affected; leaked documents contain personally identifiable information (PII).","Vice Society ransomware claimed responsibility for a cyberattack on Cincinnati State Technical and Community College, leaking data allegedly stolen during the attack. The college informed its students and staff about the cybersecurity incident, indicating that online services and restoration to regular operations will take time.","2"
"Educational Services::Los Angeles Unified School District","Los Angeles Unified School District","not publicly disclosed","United States","not publicly disclosed","not publicly disclosed","not publicly disclosed","3,400 students and 2,200 employees affected","Vice Society has been targeting the education sector with multiple ransomware strains, including a recent attack on the Los Angeles Unified School District. The group is known for exfiltrating data before encryption and threatening to leak it if ransom demands are not met. Microsoft has reported that Vice Society has been active in the U.S. education sector since at least July 2022, using various ransomware families and tactics.","3"
"Educational Services::Spanish National Research Council (CSIC)","Spanish National Research Council (CSIC)","July 18, 2023","Spain","not publicly disclosed","not publicly disclosed","Most centers still disconnected; just over 25% online as of the latest update.","not publicly disclosed","The Spanish National Research Council (CSIC) was hit by a ransomware attack attributed to Russian hackers over the weekend of July 16-17, 2023. Following the attack, the agency activated its cybersecurity protocols and isolated several research centers to control the situation, with most still offline as recovery efforts continue.","2"
"Educational Services::Maastricht University","Maastricht University","December 2019","Netherlands","not publicly disclosed","30 bitcoin (approximately 200,000 at the time)","not publicly disclosed","approximately 4,500 employees' data including research, educational, and staff data, as well as salary payment information","Maastricht University experienced a ransomware attack in December 2019, leading to the payment of a ransom to decrypt files. The attack was linked to the hacker group TA505, and the university later recovered the ransom amount through law enforcement efforts.","2"
"Educational Services::Medical University of Innsbruck","Medical University of Innsbruck","June 20, 2022","Austria","not publicly disclosed","not publicly disclosed","The university experienced an IT outage on June 20, 2022, and gradually restored its online services in the days that followed.","3,400 students and 2,200 employees; extensive list of documents allegedly stolen.","The Vice Society ransomware gang claimed responsibility for a cyberattack on the Medical University of Innsbruck, causing significant IT service disruption and the alleged theft of data. Following the attack, the university reset all account passwords and began restoring services, while the gang leaked documents on their site, indicating a potential dead end in ransom negotiations.","2"
"Educational Services::Chicago Public Schools","Chicago Public Schools","December 1, 2021","USA","not publicly disclosed","not publicly disclosed","not publicly disclosed","495,448 students and 56,138 employees; personal information and assessment scores","A ransomware attack on Battelle for Kids exposed the data of nearly 500,000 students and over 56,000 employees of the Chicago Public Schools. The breach involved personal information and assessment scores from the school years 2015-2019, with CPS learning about the breach four months after it occurred.","2"
"Educational Services::Lincoln College","Lincoln College","December 2021","United States","not publicly disclosed","not publicly disclosed","All systems required for recruitment, retention, and fundraising efforts were inoperable until fully restored in March 2022.","no personal identifying information was exposed","Lincoln College, a liberal-arts school in Illinois, announced its closure after 157 years due to the financial impact of a ransomware attack in December 2021. The attack disrupted admissions activities and hindered access to institutional data, leading to significant enrollment shortfalls and ultimately the decision to cease all academic activity by May 13, 2022.","4"
"Educational Services::Austin Peay State University","Austin Peay State University","April 2022","not publicly disclosed","not publicly disclosed","not publicly disclosed","shut down portions of their network while investigating the attack","not publicly disclosed","Austin Peay State University suffered a ransomware attack, prompting the institution to shut down parts of its network for investigation. The attack was confirmed in late April 2022, and the university took measures to mitigate the impact on its operations.","2"
"Energy and Utilities::Colonial Pipeline","Colonial Pipeline","2021-05-07","USA","No single official total disclosed by the company; national gasoline price spiked to a 6+ year high (~$3.04/gal). Ransom of $4.4M paid (see below). Widespread regional economic disruption from fuel shortages.","$4.4M paid (75 bitcoin) within hours, overseen by the FBI. On June 7, 2021 the DOJ announced seizure/recovery of 63.7 BTC, then worth ~$2.3M (lower than paid amount due to BTC price drop).","All pipeline operations halted May 7; systems and operations returned to normal by May 15 (~6-day shutdown). Decryptor tool from DarkSide was slow, so recovery largely relied on Colonial's own restoration.","Attackers exfiltrated roughly 100GB of data prior to encryption (double-extortion); primary impact was operational/physical rather than a large PII breach.","The largest refined-fuels pipeline in the US (Houston to the Southeast) was hit by DarkSide ransomware on its IT systems. Colonial proactively halted ALL pipeline operations to contain the attack. The 6-day shutdown interrupted fuel distribution to 17 states, triggering panic-buying, fuel shortages, and the highest average US gasoline price in over six years (~$3.04/gal by May 18). It is the defining cyber-physical energy ransomware case and prompted new TSA pipeline security directives.","4"
"Energy and Utilities::Halliburton","Halliburton","2024-08-21","USA","~$35M direct pretax cost reported in Q3 2024 results (filed late Oct 2024); ~$0.02 adjusted-EPS impact for the quarter from lost/delayed revenue during system unavailability.","Not publicly disclosed — Halliburton did not confirm whether a ransom was demanded, negotiated, or paid.","Precautionary shutdown of parts of IT infrastructure caused client-system disconnections and temporary inability to generate critical business documents; company described operational impact as limited and restored systems over subsequent weeks. Exact downtime not itemized.","Data exfiltration confirmed; company stated information was taken from its systems. Specific record counts/data types not fully disclosed publicly.","One of the world's largest oilfield-services companies detected unauthorized access to corporate IT on Aug 21, 2024 and precautionarily shut down certain applications, including production-planning and shipment-tracking systems used in customer delivery. RansomHub claimed the attack and listed the company on its leak site; Halliburton confirmed data was stolen. Disclosed via SEC Form 8-K (Aug 23) and 8-K/A.","4"
"Energy and Utilities::Suncor Energy / Petro-Canada","Suncor Energy / Petro-Canada","2023-06-21","Canada","Not publicly quantified as a single figure; disruption spanned 1,500+ retail sites over a weekend plus remediation costs (Suncor replaced employee laptops/computers as part of response).","Not publicly disclosed; Suncor characterized it as a 'cybersecurity incident' and did not confirm a ransom.","Payment-system disruptions began ~June 21 and were largely resolved over the following days; Suncor swapped out employee computers as a remediation measure, extending internal recovery activity.","Unauthorized party accessed basic information of Petro-Points loyalty members; affected members and privacy regulators were notified. No large-scale financial-data theft publicly confirmed.","A cybersecurity incident at Canadian integrated-energy giant Suncor disrupted its Petro-Canada retail subsidiary (1,500+ stations). Many stations went cash-only, unable to accept credit/debit or rewards; the Petro-Canada app, Petro-Points login, and car washes were unavailable at various sites. Illustrates downstream retail/payment-system exposure in vertically integrated energy firms.","4"
"Energy and Utilities::Encevo Group (Creos & Enovos, Luxembourg)","Encevo Group (Creos & Enovos, Luxembourg)","2022-07-22","Luxembourg","Not publicly disclosed as a dollar figure; operational impact limited to customer-portal outages (no supply interruption).","Ransom amount not publicly disclosed; ALPHV threatened to publish stolen data if unpaid.","Creos and Enovos customer portals were rendered non-operational following the July 22-23 intrusion; portals were restored over subsequent days/weeks while supply services remained running.","ALPHV claimed exfiltration of 150GB+ across 180,000+ files, published on its leak site July 29 — contracts, agreements, ID copies, invoices, and emails; analyses found 2,270+ files containing plaintext credentials/passwords and 100,000+ documents marked confidential.","Luxembourg's main energy supplier/distribution group — network operator Creos and supplier Enovos, under parent Encevo — was hit overnight July 22-23, 2022 by ALPHV/BlackCat (the DarkSide/Colonial lineage rebrand). Customer portals of Creos and Enovos were knocked offline, though electricity and gas supply and breakdown services continued uninterrupted. Demonstrates data-exfil-led extortion against European grid infrastructure.","4"
"Energy and Utilities::Conpet","Conpet","2026-02-03","Romania","Not publicly quantified; company emphasized transport operations were unaffected, limiting operational/financial disruption.","Not publicly disclosed.","Business IT systems were isolated in response; SCADA/telecom and pipeline transport operations remained operational throughout (no OT downtime reported). IT recovery/remediation ongoing after Feb 2026 disclosure.","Qilin alleged exfiltration of ~1TB including financial records, personnel data, and passport scans, and published sample images; Conpet confirmed data was stolen.","Romania's national oil-pipeline transport operator detected a cyberattack on Feb 3, 2026 affecting its business IT infrastructure. Crucially, OT systems — SCADA and telecommunications — stayed fully functional and pipeline transport continued. Qilin claimed the attack and alleged theft of ~1TB of data. Root cause was an infostealer on an IT administrator's personal device; with valid WSUS credentials attackers abused Conpet's own update infrastructure to push a malicious 'fake update' delivering Qilin ransomware.","4"
"Energy and Utilities::Ecopetrol","Ecopetrol","2026-07-17","Colombia","Not publicly disclosed at time of research.","Not publicly disclosed at time of research.","Not publicly disclosed at time of research.","Claimed on ransomware.live leak-tracking; specifics of stolen data not independently confirmed at time of research.","Ecopetrol, Colombia's state-controlled national oil company and one of Latin America's largest energy firms, was listed as a victim by the 'TheGentlemen' ransomware group on ransomware.live (attack date 2026-07-17). Included as a recent, geographically diverse, large-state-oil-company data point from the ransomware.live Energy sector feed. Detailed public reporting was not yet available at research time (July 19, 2026).","1"
"Energy and Utilities::Newpark Resources, Inc.","Newpark Resources, Inc.","2024-10-29","United States","not publicly disclosed","not publicly disclosed","The incident caused disruptions and limitation of access to certain information systems, but manufacturing and field operations continued utilizing established downtime procedures.","not publicly disclosed","On October 29, 2024, Newpark Resources, Inc. detected a ransomware incident where an unauthorized third party accessed its internal information systems. The company activated its cybersecurity response plan and is investigating the incident with external advisors.","2"
"Energy and Utilities::Oltenia","Oltenia","","Romania","not publicly disclosed","not publicly disclosed","not publicly disclosed","not publicly disclosed","The Gentlemen ransomware gang has been linked to the compromise of the Romanian energy provider Oltenia. They utilize a suite of EDR killers, including a tool named GentleKiller, to disable defenses during attacks, allowing for unimpeded data theft or encryption processes.","2"
"Energy and Utilities::South Staffordshire Water Plc","South Staffordshire Water Plc","July 2022","UK","$1.3 million","not publicly disclosed","IT disruption reported, but water supply remains operational","663,887 customers and employees; full names, physical addresses, email addresses, phone numbers, dates of birth, customer account credentials, bank account details, employee HR data such as National Insurance numbers","South Staffordshire Water Plc was fined $1.3 million by the Information Commissioner's Office after a cyberattack exposed the personal data of 663,887 customers and employees. The breach, which began in September 2020 and escalated between May and July 2022, was linked to the Cl0p ransomware gang, although the company initially dismissed these claims. The leaked data included sensitive personal information and was published on the dark web.","4"
"Energy and Utilities::Oltenia Energy Complex","Oltenia Energy Complex","December 2025","Romania","not publicly disclosed","not publicly disclosed","not publicly disclosed","not publicly disclosed","The Gentlemen ransomware group compromised Oltenia Energy Complex, one of Romania's largest energy providers, in December 2025. The attack utilized a botnet of over 1,570 hosts, indicating a focus on corporate victims. The ransomware employs advanced techniques for encryption and lateral movement within networks.","2"
"Energy and Utilities::Southern Water","Southern Water","February 2024","United Kingdom","£4.5M ($5.7M)","Initial demand of $3,500,000; proposed payment of $750,000","not publicly disclosed","Limited part of server estate stolen; personal data may have been at risk","Southern Water, a UK water supplier, suffered a ransomware attack by the Black Basta group in February 2024, incurring costs of £4.5 million. The attack involved the theft of data from a limited part of their server estate, prompting the company to engage cybersecurity experts and legal advisers.","3"
"Energy and Utilities::Electrica Group","Electrica Group","","Romania","not publicly disclosed","not publicly disclosed","not publicly disclosed","not publicly disclosed","The Lynx ransomware gang breached Electrica Group, a major electricity supplier in Romania, prompting an investigation in collaboration with national cybersecurity authorities. While critical power supply systems remained operational, the company is currently assessing the impact of the ongoing ransomware attack.","4"
"Energy and Utilities::Evolution Mining","Evolution Mining","2024-08-08","Australia","not publicly disclosed","not publicly disclosed","The attack is now fully contained, and the company does not anticipate any material impact on operations.","not publicly disclosed","Evolution Mining, one of Australia's largest gold producers, was targeted by a ransomware attack on August 8, 2024, impacting its IT systems. The company has engaged external cybersecurity experts for remediation and reports that mining operations should continue uninterrupted, indicating that critical systems were likely not affected.","2"
"Energy and Utilities::IxMetro Powerhost","IxMetro Powerhost","February 2024","Chile","not publicly disclosed","two bitcoins per encrypted customer","not publicly disclosed","not publicly disclosed","The APT INC ransomware group, previously known as SEXi, has targeted IxMetro Powerhost, a Chilean hosting provider, encrypting their VMware ESXi servers. The group has been using the Babuk and LockBit 3 encryptors, demanding ransom payments in bitcoins for the decryption of affected files.","2"
"Energy and Utilities::PSI Software SE","PSI Software SE","February 15, 2024","Germany","not publicly disclosed","not publicly disclosed","IT systems, including email, were disconnected as a measure to mitigate the risk of data loss.","not publicly disclosed","PSI Software SE, a German software developer for critical infrastructure, confirmed a ransomware attack that impacted its internal systems. The company disconnected several IT systems to prevent data loss and is currently investigating the incident with assistance from authorities.","2"
"Energy and Utilities::Schneider Electric","Schneider Electric","January 17, 2023","France","not publicly disclosed","not publicly disclosed","not publicly disclosed","1.5TB of data, including sensitive information about customers' industrial control and automation systems and information about environmental and energy regulations compliance","Cactus ransomware claims to have stolen 1.5TB of data from Schneider Electric, threatening to leak it unless a ransom is paid. The group leaked 25MB of allegedly stolen data as proof, including sensitive documents. Schneider Electric's Sustainability Business division was breached on January 17, 2023.","2"
"Energy and Utilities::Trans-Northern Pipelines Inc.","Trans-Northern Pipelines Inc.","November 2023","Canada","not publicly disclosed","not publicly disclosed","The incident was quickly contained and TNPI continues to safely operate its pipeline systems.","183GB of documents stolen, including company information and contact details of several TNPI employees.","Trans-Northern Pipelines confirmed a breach of its internal network in November 2023, linked to claims of data theft by the ALPHV/BlackCat ransomware gang. The gang claims to have stolen 183GB of documents, which have been published on their data leak site, prompting TNPI to investigate the situation.","3"
"Energy and Utilities::Veolia North America","Veolia North America","","United States","not publicly disclosed","not publicly disclosed","Some systems were temporarily taken offline for restoration, but are now back online.","Limited number of individuals' personal information may have been impacted.","Veolia North America experienced a ransomware attack that affected its Municipal Water division and disrupted bill payment systems. The company implemented defensive measures and took some systems offline to contain the breach, but confirmed that water treatment operations were not impacted. They are currently assessing the extent of the attack's impact with third-party forensics experts.","2"
"Energy and Utilities::Holding Slovenske Elektrarne (HSE)","Holding Slovenske Elektrarne (HSE)","November 24, 2023","Slovenia","not publicly disclosed","not publicly disclosed","IT systems and files were locked, but power generation operations remained unaffected.","not publicly disclosed","Slovenia's largest power provider, HSE, suffered a ransomware attack that compromised its systems and encrypted files. The attack did not disrupt electric power production, and the organization is currently engaged in system cleanup while remaining on high alert for potential ransom demands.","3"
"Energy and Utilities::BHI Energy","BHI Energy","May 30, 2023","United States","not publicly disclosed","not publicly disclosed","The threat actor's foothold on BHI's network was removed on July 7, 2023. The company was able to recover data from a cloud backup solution that hadn't been affected by the ransomware attack, so they were able to restore their systems without paying a ransom.","767,000 files containing 690 GB of data, including employees' personal information such as full name, date of birth, Social Security Number (SSN), and health information.","BHI Energy, a US energy services firm, was attacked by the Akira ransomware gang, which breached their network and stole sensitive data before deploying ransomware to encrypt files. The company managed to recover its systems without paying a ransom and has since enhanced its security measures.","2"
"Energy and Utilities::Siemens Energy","Siemens Energy","","Germany","not publicly disclosed","not publicly disclosed","business operations were not impacted","not publicly disclosed","Siemens Energy confirmed a data breach resulting from the Clop ransomware data-theft attacks exploiting a zero-day vulnerability in the MOVEit Transfer platform. Although data was stolen, the company stated that no critical data was compromised and their operations remained unaffected.","2"
"Energy and Utilities::Hitachi Energy","Hitachi Energy","not publicly disclosed","not publicly disclosed","not publicly disclosed","not publicly disclosed","not publicly disclosed","not publicly disclosed","Hitachi Energy confirmed it suffered a data breach after the Clop ransomware gang stole data using a zero-day vulnerability in the GoAnywhere platform. The Clop gang has shifted its focus to extorting victims by threatening to publish stolen data rather than encrypting it.","2"
"Energy and Utilities::Empresas Públicas de Medellín (EPM)","Empresas Públicas de Medellín (EPM)","December 12th 2022","Colombia","not publicly disclosed","not publicly disclosed","disrupting the company's operations and taking down online services","not publicly disclosed","Empresas Públicas de Medellín (EPM), a Colombian energy company, suffered a ransomware attack attributed to the BlackCat/ALPHV group. The attack disrupted the company's operations and affected its online services.","2"
"Energy and Utilities::Tata Power","Tata Power","October 2022","India","not publicly disclosed","not publicly disclosed","not publicly disclosed","not publicly disclosed","Tata Power, India's largest integrated power company, was attacked by the Hive ransomware gang, which claimed to have stolen data from the company's networks. The attack exploited vulnerabilities in the Boa web server, which is still used in IoT devices, leading to a breach of Tata Power's IT infrastructure.","3"
"Energy and Utilities::Gestore dei Servizi Energetici SpA (GSE)","Gestore dei Servizi Energetici SpA (GSE)","","Italy","not publicly disclosed","not publicly disclosed","GSE's website and systems were taken down to block the attackers; the website is still down almost a week after the incident.","approximately 700GB of files stolen, including contracts, reports, project information, accounting documents, and other internal documentation.","The BlackCat/ALPHV ransomware gang claimed responsibility for an attack on Italy's energy agency GSE, resulting in the theft of approximately 700GB of confidential data. GSE's systems were taken down to prevent further access, and the website remains down as investigations continue into the compromised data.","2"
"Energy and Utilities::DESFA","DESFA","August 22, 2022","Greece","not publicly disclosed","not publicly disclosed","limited scope data breach and IT system outage","not publicly disclosed","DESFA, Greece's largest natural gas distributor, confirmed a limited scope data breach and IT system outage following a ransomware attack attributed to LockBit. The incident led to disruptions in their operations.","2"
"Energy and Utilities::Creos Luxembourg S.A.","Creos Luxembourg S.A.","not publicly disclosed","Luxembourg","not publicly disclosed","not publicly disclosed","not publicly disclosed","not publicly disclosed","Creos Luxembourg S.A., a natural gas pipeline and electricity network operator, was targeted in a ransomware attack claimed by the ALPHV ransomware gang, also known as BlackCat. The attack resulted in partial encryption of the company's network.","2"
"Finance and Insurance::CNA Financial Corporation","CNA Financial Corporation","March 2021 (attack); ransom paid ~May 2021","United States","Reportedly paid $40 million in ransom - among the largest ransom payments publicly reported at the time. Full cost of remediation/legal/breach-notification beyond the ransom itself is not publicly disclosed in aggregate.","Attackers initially demanded $60 million; CNA paid approximately $40 million roughly two weeks after data theft began.","Multi-week disruption to remote access, corporate email, and phone systems; CNA stated it was able to recover encrypted/stolen data with no indication the exfiltrated data was viewed, retained, or shared further after payment.","Corporate and some employee/customer data was copied/exfiltrated prior to encryption; CNA said no indication the data was subsequently misused, though the scope of records affected was not fully broken out publicly.","One of the largest U.S. commercial insurers was hit by a new variant of Phoenix CryptoLocker (attributed to the Russia-linked Evil Corp syndicate). Attackers accessed systems from March 5-21, 2021, exfiltrating data before deploying ransomware and knocking core systems offline, including remote access, email, and phone systems.","4"
"Finance and Insurance::Industrial and Commercial Bank of China (ICBC) - U.S. broker-dealer/financial services unit","Industrial and Commercial Bank of China (ICBC) - U.S. broker-dealer/financial services unit","November 8-9, 2023","China / United States","Not a disclosed single dollar loss figure for ICBC itself, but market-wide impact was measurable: more than $62 billion of U.S. Treasurys reportedly failed to deliver on one day, and settlement of over $9 billion in Treasury-backed assets was disrupted.","No ransom amount publicly confirmed as demanded or paid by ICBC.","ICBC's unit lost access to corporate email and had to physically courier settlement details via USB stick to counterparties in Manhattan while systems were restored; disruption lasted several days before normal electronic settlement resumed.","Data exfiltration/theft was claimed by LockBit but the specific volume/type of records taken was not comprehensively disclosed publicly.","LockBit compromised ICBC's U.S. financial-services division (believed via Citrix NetScaler vulnerabilities CVE-2023-4966/4967), disrupting settlement of U.S. Treasury trades and repo financing at the world's largest bank by assets - a rare ransomware incident with visible, market-wide operational impact.","4"
"Finance and Insurance::Fidelity National Financial (FNF)","Fidelity National Financial (FNF)","November 2023","United States","Specific dollar cost of the incident (remediation, business interruption, legal) not publicly broken out by FNF; real estate closings nationwide were delayed for the outage period, an indirect economic impact not quantified publicly.","No official ransom figure disclosed by FNF; ALPHV's swift removal of FNF from its leak site is widely read by researchers as an indicator a payment was made, but this is inference, not confirmed disclosure.","Systems were offline for nearly a week, disrupting title/escrow closings for home buyers and real estate agents nationwide during that period.","Data of approximately 1.3 million individuals was confirmed stolen and subject to breach notification.","A Fortune 500 title-insurance and real-estate services provider (handles closings for a large share of U.S. home sales) had systems taken offline for about a week; ALPHV/BlackCat claimed the intrusion, and the gang's removal of FNF from its leak site is widely interpreted as a sign a ransom was paid.","4"
"Finance and Insurance::ION Group / ION Cleared Derivatives","ION Group / ION Cleared Derivatives","January 31, 2023","United Kingdom (global client base incl. U.S., Europe)","No public disclosure of direct financial loss to ION or its clients; the incident's significance was systemic/operational (derivatives clearing workflow disruption) rather than a disclosed dollar figure.","LockBit threatened to publish stolen data by February 4, 2023 if unpaid; no ransom amount or payment/non-payment was publicly confirmed by ION.","Affected servers were isolated and the incident contained to a specific environment; several days of manual/workaround trade processing for affected clients while remediation continued.","LockBit claimed data was exfiltrated during the intrusion; scope/type of data was not comprehensively disclosed publicly by ION.","A UK-based financial software vendor whose platforms underpin derivatives clearing/trading for major banks and brokers was hit by LockBit, forcing at least 42 clients - including major U.S. and European financial institutions - to fall back to manual trade processing for cleared derivatives.","4"
"Finance and Insurance::Evolve Bank & Trust","Evolve Bank & Trust","Intrusion February 2024; disclosed/data published June-July 2024","United States","Specific dollar cost not publicly disclosed by Evolve; the company offered two years of free credit monitoring/identity protection to affected individuals, an ongoing cost not quantified publicly. Reputational/partner-relationship impact on its fintech clients was significant but not dollar-quantified.","Evolve confirmed it did NOT pay the ransom demand (amount not publicly disclosed), leading LockBit to publish the stolen data.","Attackers accessed and downloaded data from Evolve's databases/file shares over a window from February to May 2024 before the bank discovered the intrusion in May 2024; public notification did not begin until July 8, 2024.","At least 7.6 million individuals' personal data affected, including names, Social Security numbers, bank account details, card PANs, wire/settlement files, in clear text; downstream fintech partners (Affirm, Mercury, Wise, and others) were also impacted. Precise figure later reported as 7,640,112.","A U.S. banking-as-a-service (BaaS) bank whose infrastructure underpins numerous fintech apps (e.g., Affirm, Wise, Mercury) was breached after an employee clicked a malicious link; Evolve refused to pay, so LockBit published the stolen data, exposing both direct banking customers and downstream fintech partner customers - a clear third-party/supply-chain risk case for the sector.","5"
"Finance and Insurance::Central Bank of Libya","Central Bank of Libya","Disclosed June 9, 2026; Qilin claimed responsibility June 22, 2026","Libya","Not publicly disclosed. The bank characterized the incident as affecting only a limited set of systems, with no reported disruption to national payment operations.","No ransom amount publicly disclosed or confirmed.","Bank stated the incident was 'fully contained' as of late June 2026, with recovery/system restoration ongoing per an internal plan; no extended public-facing outage reported.","Qilin threatened to release confidential banking data but as of the incident's public reporting, the specific volume/type of data was not independently confirmed or publicly itemized.","Libya's central bank disclosed a cyberattack affecting a limited number of systems/technical services; the Qilin ransomware-as-a-service operation later publicly claimed the breach and threatened to release confidential banking data, illustrating ransomware's expansion into national financial-infrastructure/central-bank targets.","4"
"Finance and Insurance::Frost Bank and Citizens Financial Group (Citizens Bank) - shared third-party vendor breach","Frost Bank and Citizens Financial Group (Citizens Bank) - shared third-party vendor breach","April 16-20, 2026 (Everest claims posted)","United States","Not publicly disclosed by either bank in dollar terms; both institutions face customer class-action lawsuits alleging inadequate safeguarding of data via the vendor relationship, with litigation costs not yet quantified publicly.","No ransom amount publicly disclosed; Everest gave a six-day deadline before threatening to publish the full data dump.","Both banks stated their own core systems were not directly breached (the incident occurred in the third-party vendor's environment); no extended outage of banking services was reported.","Everest claimed roughly 250,000 Frost Bank client records (Social Security numbers, tax IDs, names, mortgage rates, investment/income data, home addresses) and additional Citizens Bank records, with combined exposure reported by researchers at up to approximately 3.65 million records across both institutions.","The Everest ransomware gang claimed breaches of two unrelated major U.S. banks, Frost Bank (San Antonio) and Citizens Financial Group, tracing back to a single shared third-party vendor that handled statement printing (for Citizens) and tax-document fulfillment (for Frost) - a textbook example of concentrated third-party/vendor risk in the financial sector, since one vendor compromise exposed customers of multiple unrelated institutions.","5"
"Finance and Insurance::Deutsche Bank (via third-party marketing/incentive platform vendor)","Deutsche Bank (via third-party marketing/incentive platform vendor)","Claimed on leak site July 4, 2026","Germany","Not publicly disclosed.","Not publicly disclosed.","No disruption to core Deutsche Bank banking services reported; investigation of the third-party provider's environment was ongoing at time of disclosure.","Group claimed employee email addresses, password hashes, and physical mailing addresses among the exposed records; scope limited to data held within the third-party marketing/incentive platform rather than core customer banking data, per Deutsche Bank's statement.","The 'Unsafe' ransomware-as-a-service group added Deutsche Bank to its leak site, posting screenshots purporting to show database exports (employee emails, password hashes, mailing addresses). Deutsche Bank clarified the actual incident occurred at an external German service provider operating a marketing/incentive platform for the bank's sales partners, not within Deutsche Bank's own core banking environment - another illustration of third-party/vendor exposure at a major global bank.","4"
"Finance and Insurance::SEI Investments Company","SEI Investments Company","not publicly disclosed","United States","not publicly disclosed","not publicly disclosed","not publicly disclosed","not publicly disclosed","SEI Investments Company reported a ransomware attack on a third-party vendor. The company has issued a forward-looking statement regarding the potential impacts of this incident.","2"
"Finance and Insurance::River Financial Corporation","River Financial Corporation","2026-06-19","United States","not publicly disclosed","not publicly disclosed","Certain operations have been impacted, but River is working with external cybersecurity professionals to fully restore these operations.","not publicly disclosed","On June 16, 2026, an unauthorized threat actor gained access to River Financial Corporation's network and deployed ransomware. The company identified the incident on June 19, 2026, and is currently investigating the scope and impact of the breach with the help of a third-party forensic firm.","2"
"Finance and Insurance::Navient Corporation","Navient Corporation","2026-06-08","United States","not publicly disclosed","not publicly disclosed","not publicly disclosed","borrower information including customer names, date of birth, addresses, and Social Security numbers","On June 8, 2026, Navient Corporation was informed of a ransomware attack affecting a third-party law firm that provides services to the company. The attack resulted in unauthorized access to sensitive borrower information maintained by the law firm. The company has initiated an investigation and is notifying affected individuals and regulators as required.","2"
"Finance and Insurance::Prudential Financial, Inc.","Prudential Financial, Inc.","2024-02-05","United States","not publicly disclosed","not publicly disclosed","not publicly disclosed","limited data including some client information and personally identifiable information, Company administrative and user data, and a small percentage of Company user accounts associated with employees and contractors","On February 5, 2024, Prudential Financial, Inc. detected unauthorized access to its systems by a threat actor starting February 4, 2024. The investigation revealed that the threat actor accessed and exfiltrated limited client information and Company data, but no evidence of malware or ransomware was found, and the incident has not materially impacted operations.","3"
"Finance and Insurance::Globe Life Inc.","Globe Life Inc.","2024-10-17","United States","not publicly disclosed","not publicly disclosed","not applicable","Approximately 5,000 individuals affected; includes names, email addresses, phone numbers, postal addresses, Social Security numbers, health-related data, and other policy information.","Globe Life Inc. received communications from an unknown threat actor attempting to extort money in exchange for not disclosing certain customer information. The company activated its incident response plan and is cooperating with federal law enforcement while investigating the claims made by the threat actor.","2"
"Finance and Insurance::Standard Bank","Standard Bank","","not publicly disclosed","not publicly disclosed","1 BTC demanded","not publicly disclosed","not publicly disclosed","The Prinz Eugen ransomware targets recently modified files for encryption without leaving a ransom note. In a notable incident involving Standard Bank, the attackers demanded a ransom of 1 BTC, which was refused.","3"
"Finance and Insurance::Marquis","Marquis","August 14, 2025","United States","not publicly disclosed","not publicly disclosed","not publicly disclosed","672,075 individuals affected; personal and financial information including names, dates of birth, addresses, phone numbers, Social Security numbers, Taxpayer Identification Numbers, and financial account information","Marquis, a Texas-based financial services provider, suffered a ransomware attack on August 14, 2025, resulting in the theft of data from over 670,000 individuals. The attack disrupted operations at 74 banks across the United States and was linked to a security breach of a SonicWall firewall.","2"
"Finance and Insurance::BridgePay Network Solutions","BridgePay Network Solutions","","United States","not publicly disclosed","not publicly disclosed","Recovery could take time and is being handled in a secure and responsible manner.","No payment card data has been compromised; any accessed files were encrypted with no evidence of usable data exposure.","BridgePay Network Solutions confirmed a ransomware attack that caused a nationwide outage affecting its payment gateway services. The incident led to disruptions for merchants and organizations relying on BridgePay for card processing, with the company engaging federal law enforcement and external teams for recovery efforts.","2"
"Finance and Insurance::Landmark Admin","Landmark Admin","May 13, 2024","not publicly disclosed","not publicly disclosed","not publicly disclosed","IT systems and remote access were shut down to prevent the spread of the attack.","806,519 people; personal information including names, addresses, Social Security numbers, tax identification numbers, driver's license numbers, passport numbers, financial account numbers, medical information, dates of birth, health insurance policy numbers, and life and annuity policy information.","Landmark Admin reported a data breach affecting over 800,000 individuals due to a cyberattack detected on May 13, 2024. The breach involved unauthorized access to sensitive personal information, and the company is currently investigating the incident and notifying affected individuals.","2"
"Finance and Insurance::Patelco","Patelco","February 2024","United States","not publicly disclosed","not publicly disclosed","not publicly disclosed","over 750,000 customers' personal information exposed","RansomHub ransomware has breached over 210 victims since its emergence in February 2024, focusing on data-theft-based extortion. Notable victims include Patelco, Rite Aid, and Frontier Communications, with the latter warning that personal information of over 750,000 customers was compromised.","5"
"Finance and Insurance::Patelco Credit Union","Patelco Credit Union","February 2024","United States","not publicly disclosed","not publicly disclosed","not publicly disclosed","over 750,000 customers' personal information exposed","RansomHub ransomware has breached over 210 victims since its emergence in February 2024, focusing on data-theft-based extortion. Notable victims include Patelco Credit Union and Frontier Communications, which warned customers about exposed personal information due to the breach.","5"
"Finance and Insurance::Affirm","Affirm","June 25, 2024","not publicly disclosed","not publicly disclosed","not publicly disclosed","Evolve has responded by resetting passwords globally and implementing various network hardening measures.","Names, Social Security Numbers (SSNs), bank account numbers, and contact information of Affirm Card users and Evolve retail banking customers.","Affirm has warned that its cardholders' personal information may have been exposed due to a data breach at its third-party issuer, Evolve Bank Trust. The breach involved unauthorized access to sensitive data, and Evolve is currently investigating the incident while assuring that the situation has been contained.","2"
"Finance and Insurance::Infosys McCamish Systems (IMS)","Infosys McCamish Systems (IMS)","November 2023","United States","not publicly disclosed","not publicly disclosed","not publicly disclosed","6 million individuals affected; includes Social Security Numbers, dates of birth, medical treatment/record information, biometric data, email addresses and passwords, usernames and passwords, driver's license numbers, financial account information, payment card information, passport numbers, tribal ID numbers, U.S. military ID numbers.","Infosys McCamish Systems (IMS) suffered a ransomware attack by LockBit in November 2023, compromising the personal data of over 6 million individuals. The attack specifically affected sensitive information of about 57,000 Bank of America customers and included various types of personal data. IMS has notified impacted organizations and is providing identity protection services to mitigate risks from the exposure.","2"
"Finance and Insurance::Equilend Holdings","Equilend Holdings","January 22, 2023","United States","not publicly disclosed","not publicly disclosed","All client-facing services were back online shortly after the incident.","Personally identifiable information (PII) of employees, including names, dates of birth, and Social Security numbers.","Equilend Holdings confirmed that a ransomware attack in January resulted in the theft of employees' personally identifiable information. The LockBit ransomware group claimed responsibility for the attack, although Equilend did not immediately confirm this. The company is providing affected employees with two years of free identity theft protection services.","3"
"Finance and Insurance::loanDepot","loanDepot","January 8","not publicly disclosed","not publicly disclosed","not publicly disclosed","not publicly disclosed","16.6 million people's personal information stolen","ALPHV ransomware gang claimed responsibility for breaches at loanDepot and Prudential Financial. loanDepot confirmed a ransomware attack on January 8, affecting 16.6 million individuals, while Prudential reported a breach on February 4, with employee and contractor data stolen but no evidence of customer data exfiltration. ALPHV plans to sell loanDepot's stolen data and release Prudential's data for free after failed negotiations.","2"
"Finance and Insurance::Tipalti","Tipalti","not publicly disclosed","not publicly disclosed","not publicly disclosed","not publicly disclosed","not publicly disclosed","256 GB of data, including data for Roblox and Twitch","Tipalti is investigating claims that the BlackCat ransomware gang breached its network and stole 256 GB of data, including sensitive information related to Roblox and Twitch. The investigation is ongoing, and there is currently no confirmation of the breach.","2"
"Finance and Insurance::Toyota Financial Services","Toyota Financial Services","not publicly disclosed","not publicly disclosed","not publicly disclosed","$8,000,000","certain systems taken offline to contain the breach","not publicly disclosed","Toyota Financial Services has reported a data breach that exposed sensitive personal and financial information of its customers. The Medusa ransomware group claimed responsibility for the attack, demanding a ransom of $8 million to delete the stolen data, which has since been leaked on their extortion portal.","3"
"Finance and Insurance::Industrial and Commercial Bank of China (ICBC)","Industrial and Commercial Bank of China (ICBC)","","not publicly disclosed","not publicly disclosed","not publicly disclosed","not publicly disclosed","not publicly disclosed","LockBit ransomware exploits the Citrix Bleed vulnerability to breach systems of large organizations, including the Industrial and Commercial Bank of China. The attacks have exposed over 10,400 Citrix servers, with many remaining unpatched despite public disclosure of the flaw. The attacks are believed to be conducted by a LockBit affiliate utilizing this vulnerability to mass-breach networks.","4"
"Finance and Insurance::Industrial Commercial Bank of China (ICBC)","Industrial Commercial Bank of China (ICBC)","November 8, 2023","China","not publicly disclosed","not publicly disclosed","ICBC is restoring systems and services following the attack and has disconnected and isolated impacted systems to contain the incident.","not publicly disclosed","The Industrial Commercial Bank of China confirmed a ransomware attack that disrupted its financial services systems on November 8, 2023. The attack impacted the U.S. Treasury market, causing issues with equities clearing and preventing the bank from settling trades for other market participants. ICBC is currently conducting a thorough investigation and recovery efforts with the help of information security experts.","4"
"Finance and Insurance::American Family Insurance","American Family Insurance","October 21st 2023","USA","not publicly disclosed","not publicly disclosed","shut down portions of its IT systems after customers reported website outages","not publicly disclosed","American Family Insurance confirmed it suffered a cyberattack that caused outages in its IT systems. The attack led to disruptions as customers reported issues accessing the website throughout the week.","2"
"Finance and Insurance::PBI Research Services","PBI Research Services","2023-05-27","not publicly disclosed","not publicly disclosed","not publicly disclosed","not publicly disclosed","4.75 million individuals; full name, date of birth, social security number, zip code, state of residence, policy number, agent ID","PBI Research Services suffered a data breach due to the MOVEit Transfer attacks initiated by the Clop ransomware gang, exposing data for 4.75 million individuals. The breach affected clients including Genworth Financial, Wilton Reassurance, and CalPERS, with sensitive information such as social security numbers being compromised. The Clop gang has begun extorting companies by listing impacted organizations on their data leak site.","2"
"Finance and Insurance::Hatch Bank","Hatch Bank","not publicly disclosed","not publicly disclosed","not publicly disclosed","$10 million","not publicly disclosed","139,493 customers' names and social security numbers","Hatch Bank reported a data breach after hackers exploited a vulnerability in the Fortra GoAnywhere MFT platform, stealing personal information of nearly 140,000 customers. The Clop ransomware gang claimed responsibility for the attack and attempted to extort victims by demanding a ransom to prevent the stolen data from being published.","3"
"Finance and Insurance::ION Group","ION Group","2023-01-31","UK","not publicly disclosed","not publicly disclosed","remediation of services is ongoing","not publicly disclosed","ION Group, a UK-based software company, was targeted in a ransomware attack by the LockBit gang on January 31, 2023. The attack impacted ION Cleared Derivatives, causing significant delays as large customers were forced to switch to manual processing of trades. LockBit has claimed to have stolen data during the intrusion and threatens to publish it, potentially exposing sensitive information of large investors.","3"
"Finance and Insurance::Bank of Zambia","Bank of Zambia","2022-05-09","Zambia","not publicly disclosed","not publicly disclosed","The bank experienced a partial disruption to some of its IT applications, which have since been fully restored.","not publicly disclosed","The Bank of Zambia suffered a ransomware attack by the Hive operation, which claimed to have encrypted the bank's Network Attached Storage device. Instead of paying the ransom, the bank publicly mocked the hackers and confirmed that they would not engage with the threat actors, stating that their core systems were protected.","3"
"Healthcare and Social Assistance::Change Healthcare (subsidiary of UnitedHealth Group/Optum)","Change Healthcare (subsidiary of UnitedHealth Group/Optum)","Attack began February 21, 2024; disclosed February 2024; extortion/data-listing activity continued into April 2024","United States","UnitedHealth Group's total reported cyberattack impact reached approximately $2.9 billion for fiscal year 2024 (direct response costs plus business disruption); an initial Q1 2024 estimate of $0.74/share grew through the year to a full-year estimate of $1.90-$2.05/share. UnitedHealth also advanced more than $9 billion in interim/interest-free funding to affected providers by Q2 2024 to offset cash-flow disruption across the industry.","UnitedHealth confirmed paying a ransom reported by multiple outlets at roughly $22 million in bitcoin to the ALPHV/BlackCat affiliate; a second group (RansomHub) subsequently claimed to still hold the stolen data and re-extorted the company.","Core clearinghouse and pharmacy/claims systems were down for multiple weeks beginning February 21, 2024, with a phased, multi-month restoration of full transaction volumes through spring 2024.","UnitedHealth later disclosed the breach affected the personal/health information of approximately 190 million individuals (one of the largest healthcare data breaches ever reported to HHS), including medical records, billing/claims data, SSNs, and insurance information.","The largest and most disruptive healthcare ransomware incident on record. Attackers used compromised credentials to access a Citrix portal lacking multi-factor authentication, then deployed ransomware against Change Healthcare, the dominant US claims clearinghouse processing roughly one-third of all patient records and ~15 billion transactions annually. The outage froze prescription processing, insurance eligibility checks, and provider payments nationwide for weeks.","5"
"Healthcare and Social Assistance::Universal Health Services (UHS) — ~400 US hospitals/care sites","Universal Health Services (UHS) — ~400 US hospitals/care sites","September 27, 2020","United States","UHS reported approximately $67 million in total pre-tax losses tied to the attack (lost operating income, reduced patient activity, billing-delay reserves, and recovery costs), and stated it expected to recover most of this through cyber insurance.","UHS did not pay a ransom and recovered from backups; no confirmed ransom amount was publicly reported.","EHR and other core IT applications were down across all ~400 UHS care sites for roughly three weeks before full restoration.","No large-scale confirmed public data leak was widely reported for this incident (Ryuk at the time was primarily an encryption-only/non-exfiltration operation); primary impact was operational/clinical disruption rather than a mass PHI leak.","One of the earliest large-scale hospital-system ransomware attacks; Ryuk encrypted IT systems across UHS's national network, forcing staff onto paper documentation, diverting ambulances, and suspending IT applications company-wide.","4"
"Healthcare and Social Assistance::Health Service Executive (HSE) — Ireland's national public health system","Health Service Executive (HSE) — Ireland's national public health system","May 14, 2021","Ireland","Estimates for recovery costs varied widely across reporting: the HSE's director general cited a June 2021 estimate exceeding $600 million; other analyses put full recovery cost at roughly $100 million, and yet other reporting cited about $83 million; figures differ by scope (pure IT rebuild vs. total health-system impact) and are not fully reconciled in public reporting.","Conti demanded $19,999,000; the HSE refused to pay and instead worked with Ireland's National Cyber Security Centre; a free decryptor was later released by the attackers.","National IT systems were shut down immediately upon detection; full recovery across the health system took approximately four months.","Patient data was exfiltrated and reportedly used to attempt individual extortion of patients; Ireland's HSE has since (as of reporting around 2025) offered approximately EUR750 in compensation to affected individuals whose personal data was compromised.","A nationwide ransomware attack that forced Ireland's entire public health IT infrastructure offline, disrupting hospital appointments, cancer treatment scheduling, radiology, and COVID-19 vaccine registration systems across the country. Conti later provided a free decryptor under international pressure but retained and later leveraged stolen patient data.","6"
"Healthcare and Social Assistance::CommonSpirit Health — ~140+ hospitals across ~13 US states","CommonSpirit Health — ~140+ hospitals across ~13 US states","Initial access September 16, 2022; ransomware detected/disclosed October 2-3, 2022","United States","CommonSpirit initially estimated the cost at approximately $150 million, later revising the total to approximately $160 million (business interruption, remediation, and related expenses) as reported in 2023 disclosures.","Not publicly disclosed.","Multi-week system outages beginning October 2022 affecting more than 100-160+ facilities; precise full-recovery date not specified in public reporting.","Personal data of more than 623,700 patients was reported exposed; the breach affected over 150 facilities and led to two class-action lawsuits.","One of the largest US nonprofit hospital operators was forced to take systems offline across more than 100 facilities in at least 13 states, delaying access to EHRs and disrupting patient care, following network compromise weeks before the ransomware deployment was detected.","4"
"Healthcare and Social Assistance::Lehigh Valley Health Network (LVHN)","Lehigh Valley Health Network (LVHN)","Detected February 6, 2023","United States","LVHN agreed to a $65 million class-action settlement (finalized November 2024), one of the largest healthcare ransomware-related settlements on record; of this, $52 million was earmarked for patients whose nude treatment images were published.","LVHN refused to pay the ransom; the specific dollar amount demanded was not publicly disclosed.","Specific system-downtime duration not publicly detailed in available reporting; the affected system was a specific practice's oncology imaging network rather than network-wide LVHN infrastructure.","More than 134,000 patients were affected/eligible for settlement compensation; leaked data included sensitive treatment photographs and other PHI published on BlackCat's leak site.","Attackers compromised a network supporting a Lackawanna County physician practice, including a radiation-oncology imaging system, and — after LVHN refused to pay — published highly sensitive clinical photos of breast cancer patients (nude from the waist up) to pressure payment, an unusually aggressive harassment-based extortion tactic.","4"
"Healthcare and Social Assistance::Medibank Private (major Australian health insurer)","Medibank Private (major Australian health insurer)","Attack detected October 2022; extortion/data leaks began November 2022","Australia","Not fully quantified in a single public figure in the sources reviewed; the incident drove significant remediation, regulatory, and reputational costs and a multi-year AFP-led international investigation; precise total company cost not publicly disclosed in the sources found.","Initial demand of roughly US$10 million (A$15 million), later reduced to approximately US$9.7 million; Medibank refused to pay, consistent with Australian government guidance against ransom payments.","Primarily a data-theft/extortion event rather than an encryption/operational-outage event; core insurance operations were not reported as extensively down.","Personal and health data of approximately 9.7 million current and former customers was compromised, including about 1.8 million international customers; data included Medicare, passport, and driver's licence numbers plus sensitive medical history.","Attackers stole and threatened to publish highly sensitive personal and health data of Medibank's customers, including records revealing abortions, addiction treatment, and mental-health conditions, after the insurer refused a ransom demand — one of Australia's largest ever data breaches and a landmark case in international ransomware attribution/sanctions.","4"
"Healthcare and Social Assistance::Synnovis (pathology/blood-testing partner for NHS trusts in London)","Synnovis (pathology/blood-testing partner for NHS trusts in London)","June 3-4, 2024","United Kingdom","Specific total financial cost to Synnovis or the NHS trusts was not found publicly quantified in a single disclosed figure in the sources reviewed; disruption was extensive across South-East London NHS services for months.","Not publicly disclosed.","Severe disruption began June 3, 2024, with over 11,000 outpatient/elective procedure appointments delayed; some services were affected for months, with normal service levels reported restored by December 2024 — roughly six months.","Qilin published approximately 400GB of stolen data on June 20, 2024, including patient names, NHS numbers, and descriptions of blood tests.","A ransomware attack on a third-party pathology provider partnered with Guy's and St Thomas' and King's College Hospital NHS Trusts caused a critical shortage of O-negative blood, cancelled thousands of appointments and procedures, and was later formally identified as a contributing factor in a patient death — one of the clearest documented cases of ransomware causing loss of life via a healthcare supply-chain/third-party vector.","5"
"Healthcare and Social Assistance::Enzo Biochem, Inc.","Enzo Biochem, Inc.","2023-04-06","United States","not publicly disclosed","not publicly disclosed","The Company activated its disaster recovery plan, allowing it to continue operations while restoring systems. Back-up procedures caused operational challenges and delays in processing laboratory specimens.","Certain data was extracted from the Company’s information technology systems; specific records or data types not publicly disclosed.","On April 6, 2023, Enzo Biochem, Inc. experienced a ransomware attack that impacted its IT systems. The Company implemented containment measures and launched an investigation, discovering that certain data was extracted from its systems as part of the incident.","2"
"Healthcare and Social Assistance::Omnicell, Inc.","Omnicell, Inc.","not publicly disclosed","United States","not publicly disclosed","not publicly disclosed","not publicly disclosed","not publicly disclosed","Omnicell, Inc. experienced a ransomware incident that led to significant operational challenges. The company has been focused on addressing the impact of this incident while continuing to provide medication management solutions.","2"
"Healthcare and Social Assistance::Akumin Inc.","Akumin Inc.","2023-11-02","United States","not publicly disclosed","not publicly disclosed","The majority of systems have been restored, with most cancer centers treating patients and operations online, though some services remain unavailable and certain locations are temporarily closed.","not publicly disclosed","Akumin Inc. announced on November 2, 2023, that it has made significant progress in restoring its business activities and systems following a ransomware incident disclosed on October 16, 2023. Most of its cancer centers are now operational, allowing patient appointments to be scheduled, although some services and locations are still not fully restored.","2"
"Healthcare and Social Assistance::DaVita Inc.","DaVita Inc.","2025-04-12","United States","not publicly disclosed","not publicly disclosed","not publicly disclosed","not publicly disclosed","On April 12, 2025, DaVita Inc. experienced a ransomware incident that encrypted certain elements of their network. The company activated response protocols, isolated impacted systems, and is working with cybersecurity professionals to assess and remediate the situation while continuing to provide patient care.","2"
"Healthcare and Social Assistance::TELA Bio, Inc.","TELA Bio, Inc.","not publicly disclosed","USA","not publicly disclosed","not publicly disclosed","not publicly disclosed","not publicly disclosed","TELA Bio, Inc. experienced a ransomware attack that impacted procedures at some of their largest accounts, contributing to a shortfall in revenue growth. The company reported a revenue of $16.1 million for the second quarter of 2024, reflecting an 11% increase from the previous year, despite the disruptions caused by the cyberattack.","2"
"Healthcare and Social Assistance::Stryker","Stryker","03/23/2026","not publicly disclosed","not publicly disclosed","not publicly disclosed","not publicly disclosed","not publicly disclosed","Stryker experienced a network disruption but found no evidence of ransomware or malware. The incident was contained, and there was no indication of malicious activity directed towards customers or partners. The company is prioritizing the restoration of systems that support customer operations and manufacturing capabilities.","2"
"Healthcare and Social Assistance::Allied Healthcare Products, Inc.","Allied Healthcare Products, Inc.","not publicly disclosed","USA","not publicly disclosed","not publicly disclosed","not publicly disclosed","not publicly disclosed","Allied Healthcare Products, Inc. experienced a ransomware attack during the COVID-19 pandemic, which contributed to operational inefficiencies and cash strain. The company is now implementing strategic transformation initiatives under new leadership to improve operational effectiveness and drive growth.","2"
"Healthcare and Social Assistance::Change Healthcare Solutions LLC","Change Healthcare Solutions LLC","not publicly disclosed","Canada","not publicly disclosed","not publicly disclosed","not publicly disclosed","not publicly disclosed","Change Healthcare Solutions LLC experienced a ransomware cyberattack that disrupted patient billing and collections, impacting the broader healthcare industry. This incident contributed to a decrease in revenue for Greenbrook TMS Inc. in Q1 2024, despite their efforts to restructure and expand treatment offerings.","2"
"Healthcare and Social Assistance::Medical Computer Business Services (MCBS)","Medical Computer Business Services (MCBS)","2025-09-22","United States","not publicly disclosed","not publicly disclosed","not publicly disclosed","1,261,464 individuals affected; exposed data includes full name, physical address, Social Security number, date of birth, health plan beneficiary number, health insurance policy number, subscriber identification number, medical history, mental and physical condition, medical treatment information, diagnosis information.","Medical Computer Business Services (MCBS) experienced a data breach that affected 1.26 million individuals, exposing sensitive personal and health information. The breach occurred between September 22 and 26, 2025, and was claimed by the PEAR ransomware group, which alleges to have exfiltrated 3.3 terabytes of data from MCBS systems.","2"
"Healthcare and Social Assistance::McKesson","McKesson","August 25, 2026","not publicly disclosed","not publicly disclosed","$55,236,150","not publicly disclosed","approximately 284 million data records including names, addresses, dates of birth, Social Security numbers, patient IDs, phone numbers, email addresses, Medicaid numbers, medical record numbers, medication and allergy information, illnesses, disabilities, appointment information, and physician information","McKesson disclosed a cybersecurity incident involving unauthorized access and data theft, with the ShinyHunters group claiming to have stolen approximately 284 million patient data records. The attackers used social engineering techniques to compromise employee accounts and accessed sensitive data from McKesson's systems, demanding a ransom of over $55 million.","3"
"Healthcare and Social Assistance::ChipSoft","ChipSoft","","Netherlands","not publicly disclosed","not publicly disclosed","ChipSoft took offline its website and digital services; some systems are reportedly unavailable at various hospitals.","not publicly disclosed","ChipSoft, a Dutch healthcare IT solutions provider, was hit by a ransomware attack that forced the company to disable its website and digital services. The incident has affected multiple hospitals in the Netherlands and Belgium, prompting the company to advise healthcare centers to disconnect from its systems during the recovery process.","4"
"Healthcare and Social Assistance::University of Mississippi Medical Center","University of Mississippi Medical Center","February 2026","not publicly disclosed","not publicly disclosed","not publicly disclosed","Epic electronic health record system taken offline across 35 clinics and more than 200 telehealth sites, forcing cancellation of chemotherapy appointments and postponement of non-emergency surgeries.","not publicly disclosed","In February 2026, the University of Mississippi Medical Center suffered a ransomware attack that disrupted its Epic electronic health record system, affecting numerous clinics and telehealth sites. This incident led to the cancellation of critical medical appointments and forced staff to revert to paper-based workflows, impacting patient care significantly.","2"
"Healthcare and Social Assistance::Covenant Health","Covenant Health","May 18, 2025","United States","not publicly disclosed","not publicly disclosed","not publicly disclosed","478,188 individuals affected; names, addresses, dates of birth, medical record numbers, Social Security numbers, health insurance information, treatment details","Covenant Health experienced a data breach on May 18, 2025, impacting nearly 500,000 patients. The Qilin ransomware group claimed responsibility for the attack, stating they stole 852 GB of data, including sensitive patient information. Covenant Health is offering affected individuals 12 months of free identity protection services.","2"
"Healthcare and Social Assistance::medical billing services company, ski resort, school district, health clinic","medical billing services company, ski resort, school district, health clinic","not publicly disclosed","United States","not publicly disclosed","$10,000 in Bitcoin","not publicly disclosed","not publicly disclosed","Rami Khaled Ahmed, a Yemeni national, has been indicted for conducting 1,500 ransomware attacks using Black Kingdom malware on Microsoft Exchange servers. The attacks targeted various U.S.-based victims, including a medical billing services company and a health clinic, demanding ransom payments of $10,000 in Bitcoin. Ahmed faces multiple charges, including conspiracy and intentional damage to a protected computer, with potential sentences totaling up to 15 years if convicted.","2"
"Healthcare and Social Assistance::Frederick Health Medical Group","Frederick Health Medical Group","January 27, 2025","United States","not publicly disclosed","not publicly disclosed","not publicly disclosed","934,326 patients affected; sensitive personal information including names, addresses, dates of birth, Social Security numbers, driver's license numbers, medical record numbers, health insurance information, and clinical information","Frederick Health Medical Group experienced a ransomware attack on January 27, 2025, leading to a data breach affecting nearly one million patients. The attackers gained unauthorized access to the network and copied sensitive files, prompting the health system to notify law enforcement and hire a forensic firm for investigation.","2"
"Healthcare and Social Assistance::STIIIZY","STIIIZY","November 2024","United States","not publicly disclosed","not publicly disclosed","not publicly disclosed","not publicly disclosed","The Everest ransomware gang's dark web leak site was defaced by an unknown attacker, leading to its current offline status. Everest has shifted from data theft to ransomware attacks, targeting various organizations, including healthcare entities, and has claimed numerous victims over the years.","2"
"Healthcare and Social Assistance::Fred Hutch Cancer Center","Fred Hutch Cancer Center","December 2023","not publicly disclosed","not publicly disclosed","not publicly disclosed","not publicly disclosed","over 800,000 cancer patients' data","Hunters International, a ransomware group, has shifted to data extortion, launching a new operation called 'World Leaks'. In December 2023, they breached the Fred Hutch Cancer Center, threatening to leak data of over 800,000 cancer patients if a ransom was not paid.","3"
"Healthcare and Social Assistance::Advanced Computer Software Group Ltd","Advanced Computer Software Group Ltd","2022-08-01","UK","£3.07 million","not publicly disclosed","significant outages, recovery took long with help from experts","79,404 people affected, sensitive personal data including NHS patients' information","Advanced Computer Software Group Ltd was fined £3.07 million by the UK Information Commissioner's Office for a ransomware attack in 2022 that exposed the sensitive personal data of 79,404 individuals, including NHS patients. The LockBit ransomware group was responsible for the breach, which highlighted significant security shortcomings in the company's systems.","3"
"Healthcare and Social Assistance::BayMark Health Services","BayMark Health Services","not publicly disclosed","USA","not publicly disclosed","not publicly disclosed","not publicly disclosed","not publicly disclosed","BayMark Health Services, North America's largest addiction treatment provider, was breached by the RansomHub ransomware gang. This incident is part of a broader trend where RansomHub has targeted multiple high-profile victims and engaged in data-theft-based extortion rather than traditional ransomware encryption.","2"
"Healthcare and Social Assistance::Minneapolis Public Schools","Minneapolis Public Schools","March 2023","United States","$8 million","$8 million","not publicly disclosed","not publicly disclosed","The Medusa ransomware operation has impacted over 300 organizations in critical infrastructure sectors in the United States, including the Minneapolis Public Schools. The group has claimed over 400 victims worldwide and has been active since 2021, with a significant increase in attacks observed in early 2025.","4"
"Healthcare and Social Assistance::Genea","Genea","January 31, 2025","Australia","not publicly disclosed","not publicly disclosed","not publicly disclosed","940.7GB of sensitive healthcare data including full names, emails, addresses, phone numbers, date of birth, emergency contacts, Medicare card numbers, medical record numbers, medical history, diagnoses and treatments, medications and prescriptions, and appointment details.","Genea, a major Australian fertility services provider, was breached by the Termite ransomware gang, which claimed responsibility for stealing sensitive healthcare data. The attackers exfiltrated approximately 940.7GB of data, including personal and health information of patients, and published some of it online.","2"
"Healthcare and Social Assistance::New York Blood Center","New York Blood Center","January 26, 2024","United States","not publicly disclosed","not publicly disclosed","Some appointments had to be rescheduled and certain systems were taken offline to contain the threat.","not publicly disclosed","The New York Blood Center experienced a ransomware attack that disrupted its operations, leading to the rescheduling of blood donation appointments. The organization is working with cybersecurity experts to restore its systems and has not confirmed whether any personal or health information was accessed or stolen during the incident.","2"
"Healthcare and Social Assistance::UnitedHealth Group","UnitedHealth Group","February 2024","United States","$2.45 billion","$22 million","not publicly disclosed","190 million individuals affected; health insurance information, medical records, billing and payment information, personal information including phone numbers, addresses, Social Security Numbers, and government ID numbers","In February 2024, UnitedHealth's subsidiary Change Healthcare suffered a massive ransomware attack by the BlackCat gang, impacting 190 million individuals. The attack led to significant disruptions in the healthcare system, with UnitedHealth confirming a ransom payment of $22 million to receive a decryptor and prevent data leaks, which ultimately did not stop the threat actors from leaking some of the stolen data.","2"
"Healthcare and Social Assistance::OneBlood","OneBlood","July 14, 2024","United States","not publicly disclosed","not publicly disclosed","not publicly disclosed","not publicly disclosed","OneBlood confirmed that personal data was stolen in a ransomware attack that occurred from July 14 to July 29, 2024. The attack led to the encryption of virtual machines, forcing the organization to revert to manual processes and causing critical blood shortages. The investigation revealed that names and Social Security numbers were among the data copied from their network without authorization.","2"
"Healthcare and Social Assistance::Rhode Island's RIBridges social services platform","Rhode Island's RIBridges social services platform","","United States","not publicly disclosed","not publicly disclosed","RIBridges was shut down to remediate the threat after confirmation of the breach.","Approximately 650,000 people were impacted; personal data including names, addresses, dates of birth, Social Security numbers, and certain banking information was exposed.","The Brain Cipher ransomware gang leaked data stolen from Rhode Island's RIBridges social services platform, which manages various assistance programs. The breach, confirmed on December 10, affected around 650,000 individuals, exposing sensitive personal information. State officials are advising residents to monitor their credit and be cautious of phishing scams.","4"
"Healthcare and Social Assistance::Ascension","Ascension","May 8, 2023","United States","not publicly disclosed","not publicly disclosed","Ascension had to take some devices offline and pause non-emergent elective procedures, tests, and appointments, diverting emergency medical services to other healthcare units.","5,599,699 individuals affected; personal and health data including medical information, payment information, insurance information, government identification information, and other personal information.","Ascension, a major U.S. healthcare system, experienced a ransomware attack linked to the Black Basta group, resulting in the theft of personal and health data of approximately 5.6 million patients and employees. The breach was caused by an employee mistakenly downloading a malicious file, leading to significant operational disruptions and the need for identity theft protection services for affected individuals.","3"
"Healthcare and Social Assistance::Artivion","Artivion","November 21, 2023","United States","not publicly disclosed","not publicly disclosed","The company is working to securely restore its systems as quickly as possible.","not publicly disclosed","Artivion, a manufacturer of heart surgery medical devices, experienced a ransomware attack on November 21 that disrupted its operations and forced it to take some systems offline. The attackers encrypted some of its systems and stole data from compromised systems, prompting the company to engage external advisors for incident response.","2"
"Healthcare and Social Assistance::Anna Jaques Hospital","Anna Jaques Hospital","December 25, 2023","United States","not publicly disclosed","not publicly disclosed","not publicly disclosed","316,342 patients affected; exposed data includes demographic information, medical information, health insurance information, Social Security numbers, driver's license numbers, financial information, and other personal or health information.","Anna Jaques Hospital suffered a ransomware attack on December 25, 2023, which exposed sensitive health data for over 316,000 patients. The Money Message ransomware group publicly extorted the hospital, threatening to leak data unless their demands were met, and ultimately released all stolen data on January 26, 2024.","2"
"Healthcare and Social Assistance::Boston Children's Health Physicians","Boston Children's Health Physicians","not publicly disclosed","not publicly disclosed","not publicly disclosed","not publicly disclosed","not publicly disclosed","not publicly disclosed","BianLian ransomware has shifted its focus to exclusively data theft extortion, abandoning file encryption tactics. The group has been active since 2022 and has listed 154 victims on its extortion portal, including notable breaches against organizations like Boston Children's Health Physicians.","5"
"Healthcare and Social Assistance::various public and private entities","various public and private entities","not publicly disclosed","United States","more than $16 million","not publicly disclosed","not publicly disclosed","over 1,000 entities affected","Evgenii Ptitsyn, a Russian national and suspected administrator of the Phobos ransomware operation, was extradited from South Korea to the United States to face cybercrime charges. The Phobos ransomware gang has been linked to breaches of over 1,000 public and private entities, extorting more than $16 million in ransom payments by encrypting victims' data and threatening to leak stolen files if payments were not made.","3"
"Healthcare and Social Assistance::Henry Schein","Henry Schein","2023-10-15","not publicly disclosed","not publicly disclosed","not publicly disclosed","forced to take some systems offline to contain a cyberattack","166,432 people affected; personal information stolen","Henry Schein disclosed a data breach following two cyberattacks in 2023 by the BlackCat Ransomware gang, revealing that over 160,000 people's personal information was stolen. The gang claimed to have stolen 35 TB of sensitive files and threatened to encrypt the network a second time if a ransom was not paid, leading to the release of some stolen data on their leak site.","2"
"Healthcare and Social Assistance::major London hospitals","major London hospitals","not publicly disclosed","United Kingdom","not publicly disclosed","not publicly disclosed","not publicly disclosed","not publicly disclosed","The Qilin ransomware strain, specifically the new Rust-based version Qilin.B, has been observed in attacks targeting major London hospitals. This ransomware employs advanced encryption techniques and disrupts data recovery mechanisms, posing a significant threat to affected organizations.","2"
"Healthcare and Social Assistance::UMC Health System","UMC Health System","","United States","not publicly disclosed","not publicly disclosed","Certain departments remain closed or can only provide services with significant delays; ongoing investigation into the incident.","Sensitive medical information of hundreds of thousands could be impacted.","UMC Health System in Texas experienced a ransomware attack that forced the diversion of some patients to other locations. The attack impacted its operations, leading to an IT outage and significant delays in services, particularly in radiology.","3"
"Healthcare and Social Assistance::Centers for Medicare Medicaid Services (CMS)","Centers for Medicare Medicaid Services (CMS)","","United States","not publicly disclosed","not publicly disclosed","not publicly disclosed","3,112,815 individuals affected; data types include Name, Social Security Number, Date of Birth, Mailing Address, Gender, Hospital Account Number, Dates of Service, Medicare Beneficiary Identifier, Health Insurance Claim Number","The Centers for Medicare Medicaid Services (CMS) reported a data breach affecting over 3 million health plan beneficiaries due to the MOVEit attacks by the Cl0p ransomware group. The breach involved the exposure of sensitive health and personal information after hackers compromised the Wisconsin Physicians Service (WPS) network, which provides Medicare administrative services.","3"
"Healthcare and Social Assistance::Planned Parenthood","Planned Parenthood","August 28, 2024","United States","not publicly disclosed","not publicly disclosed","parts of its infrastructure taken offline to contain the damage","93GB of data allegedly stolen, including confidential documents","Planned Parenthood confirmed a cyberattack affecting its IT systems, with the RansomHub group claiming responsibility and threatening to leak stolen data. The organization is investigating the incident and has reported it to federal law enforcement, while also taking proactive measures to secure its network.","2"
"Healthcare and Social Assistance::Kootenai Health","Kootenai Health","February 22, 2024","United States","not publicly disclosed","not publicly disclosed","IT systems were disrupted; investigation ongoing","464,000 patients; Full names, Dates of birth, Social Security numbers (SSNs), Driver's Licenses, Government ID numbers, Medical record numbers, Medical treatment and condition information, Medical diagnoses, Health insurance information","Kootenai Health experienced a data breach affecting over 464,000 patients due to a cyberattack by the 3AM ransomware group. The attackers gained unauthorized access to the organization's systems on February 22, 2024, and leaked sensitive patient data on their darknet portal, indicating that a ransom was not paid.","2"
"Healthcare and Social Assistance::McLaren Health Care","McLaren Health Care","","USA","not publicly disclosed","not publicly disclosed","not publicly disclosed","2.2 million people; names, Social Security numbers, health insurance and physician information, Medicare/Medicaid, prescription/medication, diagnostic results and treatment information","McLaren Health Care experienced a disruption to its IT and phone systems due to an attack linked to the INC Ransom ransomware operation. The incident resulted in the potential exposure of personal and health information of approximately 2.2 million individuals, prompting the health system to notify affected parties of the breach.","2"
"Healthcare and Social Assistance::Cencora","Cencora","February 2024","not publicly disclosed","$75 million","$75 million","not publicly disclosed","not publicly disclosed","In February 2024, pharmaceutical giant Cencora reportedly paid a record-breaking ransom of $75 million to the Dark Angels ransomware gang. This payment is the highest known ransom to date, surpassing the previous record of $40 million. The attack involved the encryption of corporate data and the potential theft of sensitive information, although specific details about the data impact have not been disclosed.","4"
"Healthcare and Social Assistance::MediSecure","MediSecure","April 13, 2024","Australia","not publicly disclosed","not publicly disclosed","MediSecure shut down its website and phone lines; the data was restored from a server backup on May 17, 2024.","12.9 million people affected; personal and health information including names, dates of birth, addresses, contact information, individual healthcare identifiers, Medicare card numbers, prescription medication details, and concession card numbers.","MediSecure, an Australian prescription delivery service, experienced a ransomware attack in April 2024 that resulted in the theft of personal and health information of approximately 12.9 million individuals. The company shut down its website and phone lines to contain the breach and successfully restored the data from a backup by May 17, 2024.","2"
"Healthcare and Social Assistance::Synnovis","Synnovis","June 2024","UK","not publicly disclosed","not publicly disclosed","forced cancellation of hundreds of operations and appointments","not publicly disclosed","The Qilin ransomware group, linked to the Scattered Spider gang, attacked pathology services provider Synnovis in early June 2024. This incident impacted several major NHS hospitals in London, leading to the cancellation of hundreds of operations and appointments.","3"
"Healthcare and Social Assistance::All India Institute Of Medical Sciences (AIIMS)","All India Institute Of Medical Sciences (AIIMS)","not publicly disclosed","India","not publicly disclosed","not publicly disclosed","causing major disruptions in healthcare services","192 computers compromised","ChamelGang, a suspected Chinese APT, targeted the All India Institute Of Medical Sciences (AIIMS) using CatB ransomware, leading to significant disruptions in healthcare services. The attack is part of a broader trend where ransomware is employed in cyberespionage to obscure attribution and achieve financial gain alongside data theft.","3"
"Healthcare and Social Assistance::Change Healthcare","Change Healthcare","February","not publicly disclosed","$872 million","$22 million","widespread outages in the US healthcare system, preventing doctors and pharmacies from filing claims","6 TB of data stolen, including health insurance information, health information, billing, claims and payment information, and personal information such as Social Security numbers","Change Healthcare suffered a ransomware attack in February, leading to the theft of 6 TB of sensitive medical and personal data. The attack, conducted by the BlackCat ransomware gang, resulted in significant disruptions in the US healthcare system and a reported financial impact of $872 million.","2"
"Healthcare and Social Assistance::Singing River Health System","Singing River Health System","August 19, 2023","United States","not publicly disclosed","not publicly disclosed","operational disruptions at its hospitals","895,204 people affected; exposed data includes full name, date of birth, physical address, Social Security Number (SSN), medical information, health information","Singing River Health System suffered a ransomware attack in August 2023, impacting 895,204 individuals. The Rhysida ransomware gang claimed responsibility for the attack, which resulted in operational disruptions and significant data theft, including sensitive personal and health information.","2"
"Healthcare and Social Assistance::Hôpital de Cannes - Simone Veil (CHC-SV)","Hôpital de Cannes - Simone Veil (CHC-SV)","April 17, 2024","France","not publicly disclosed","received a ransom demand","severe operational disruption, all computers taken offline, non-emergency procedures and appointments rescheduled","not publicly disclosed","The Hôpital de Cannes - Simone Veil (CHC-SV) in France experienced a ransomware attack from the LockBit 3.0 group, leading to significant operational disruptions. The hospital announced it would not pay the ransom and has reported the incident to authorities while working to restore its systems.","2"
"Healthcare and Social Assistance::Synlab Italia","Synlab Italia","April 18","Italy","not publicly disclosed","not publicly disclosed","All laboratory analysis and sample collection services have been suspended until further notice. The company has started gradually reactivating some services, but no specific recovery timeline was provided.","not publicly disclosed","Synlab Italia suspended all medical diagnostic and testing services following a ransomware attack that forced its IT systems offline. The attack occurred in the early hours of April 18, leading to a complete shutdown of the corporate infrastructure to limit damage. There are concerns that some sensitive medical data may have been exposed to the attackers.","2"
"Healthcare and Social Assistance::Group Health Cooperative of South Central Wisconsin (GHC-SCW)","Group Health Cooperative of South Central Wisconsin (GHC-SCW)","January 25, 2024","United States","not publicly disclosed","not publicly disclosed","several systems temporarily unavailable; systems secured and brought back online after isolation","533,809 individuals; personal and medical information including names, addresses, telephone numbers, e-mail addresses, dates of birth and/or deaths, social security numbers, member numbers, and Medicare and/or Medicaid numbers","GHC-SCW experienced a ransomware attack in January 2024, where a gang stole personal and medical data of over 533,000 individuals. Although the attackers did not encrypt the devices, they claimed responsibility for the breach and the stolen data included sensitive health information. GHC-SCW has since implemented security measures to prevent future incidents.","2"
"Healthcare and Social Assistance::NHS Dumfries and Galloway","NHS Dumfries and Galloway","March 15, 2023","Scotland","not publicly disclosed","not publicly disclosed","not publicly disclosed","not publicly disclosed","The INC Ransom extortion gang is threatening to leak 3TB of stolen data from NHS Dumfries and Galloway unless a ransom is paid. The data includes sensitive medical information about patients and staff, and the attack has been confirmed to have compromised the organization's IT systems. The Scottish Government is working with various agencies to assess the impact of the breach.","2"
"Healthcare and Social Assistance::Optum","Optum","March 1st","United States","not publicly disclosed","$22 million","not publicly disclosed","4TB of critical data from Optum, affecting tens of insurance companies and other providers","The ALPHV/BlackCat ransomware gang allegedly scammed an affiliate out of a $22 million ransom paid by Optum for the Change Healthcare platform. The affiliate claims to possess 4TB of critical data and has threatened to leak it if their demands are not met. The gang has since shut down its servers, leading to speculation about an exit scam.","3"
"Healthcare and Social Assistance::Lurie Children's Hospital","Lurie Children's Hospital","","United States","not publicly disclosed","$3.6 million","Ongoing efforts to restore IT systems; service disruptions still impact operational segments.","600 GB of sensitive medical data; records of over 200,000 children affected.","Lurie Children's Hospital in Chicago was attacked by the Rhysida ransomware gang, which claims to have stolen 600 GB of sensitive data. The hospital's IT systems were taken offline, leading to postponed medical care and significant operational disruptions. The gang is demanding $3.6 million for the stolen data, threatening to leak it if not paid within a week.","2"
"Healthcare and Social Assistance::UnitedHealth Group subsidiary Optum","UnitedHealth Group subsidiary Optum","","United States","not publicly disclosed","not publicly disclosed","ongoing outage impacting Change Healthcare","not publicly disclosed","The FBI, CISA, and HHS warned U.S. healthcare organizations of targeted BlackCat ransomware attacks, particularly affecting the healthcare sector. The advisory follows a series of breaches linked to the BlackCat gang, which has been active since late 2021 and has extorted over $300 million from victims. The gang's recent activities have led to significant disruptions in healthcare services, including an ongoing outage at Change Healthcare.","2"
"Healthcare and Social Assistance::Capital Health","Capital Health","November 2023","USA","not publicly disclosed","not publicly disclosed","The organization experienced an IT systems outage following the cyberattack, impacting operations for at least a week. All systems have been restored and operations have returned to normal.","7 terabytes of sensitive medical data, over 10 million files","Capital Health, a healthcare service provider, was attacked by the LockBit ransomware gang, which claimed to have stolen sensitive medical data and threatened to leak it if ransom demands were not met. The organization experienced an IT systems outage due to the attack but has since restored operations and is investigating the extent of the data theft.","2"
"Healthcare and Social Assistance::Carthage Area Hospital and Claxton-Hepburn Medical Center","Carthage Area Hospital and Claxton-Hepburn Medical Center","September 2023","USA","not publicly disclosed","not publicly disclosed","not publicly disclosed","not publicly disclosed","Carthage Area Hospital and Claxton-Hepburn Medical Center were attacked by the LockBit ransomware gang in September 2023, leading to a disruption in services. The hospitals are now seeking a court order to retrieve stolen data stored on a cloud service provider's servers.","2"
"Healthcare and Social Assistance::Katholische Hospitalvereinigung Ostwestfalen (KHO)","Katholische Hospitalvereinigung Ostwestfalen (KHO)","2023-12-24","Germany","not publicly disclosed","not publicly disclosed","Emergency care is unavailable; patient treatment continues with some technical restrictions.","not publicly disclosed","The Lockbit ransomware attack on December 24, 2023, disrupted emergency care at three hospitals operated by KHO in Germany. While patient treatment continues, emergency services are unavailable, leading to potential delays for those needing urgent medical attention.","2"
"Healthcare and Social Assistance::Integris Health","Integris Health","November 28, 2023","USA","not publicly disclosed","not publicly disclosed","not publicly disclosed","over 2 million patients; includes Social Security Numbers, dates of birth, addresses, phone numbers, insurance information, and employer information","Integris Health, Oklahoma's largest not-for-profit health network, suffered a cyberattack that led to the theft of patient data. Patients received extortion emails claiming their data was stolen and would be sold unless a ransom was paid. The investigation revealed unauthorized access to certain files on November 28, 2023.","2"
"Healthcare and Social Assistance::ESO Solutions","ESO Solutions","September 28","not publicly disclosed","not publicly disclosed","not publicly disclosed","not publicly disclosed","2.7 million patients; Full name, Dates of birth, Phone number, Patient account/medical record number, Injury type and date, Diagnosis information, Treatment type and date, Procedure information, Social Security Number (SSN)","ESO Solutions, a healthcare software provider, experienced a ransomware attack that compromised data belonging to 2.7 million patients. The attack involved data exfiltration and encryption of company systems, with sensitive personal data accessed from one machine. The incident was reported to the FBI and state authorities, and impacted customers were notified.","2"
"Healthcare and Social Assistance::Fred Hutchinson Cancer Center","Fred Hutchinson Cancer Center","November 19, 2023","USA","not publicly disclosed","$50 to prevent data from being sold","The health organization quarantined the impacted servers and took its clinical network offline to prevent the spread of the threat.","over 800,000 patients' names, Social Security numbers, phone numbers, medical history, lab results, and insurance history","The Hunters International ransomware gang attacked the Fred Hutchinson Cancer Center, threatening to leak sensitive data of over 800,000 patients. The organization took immediate action by quarantining servers and notifying law enforcement, while the attackers sent personalized extortion emails to patients, demanding payment to prevent data disclosure.","3"
"Healthcare and Social Assistance::Norton Healthcare","Norton Healthcare","2023-05-09","United States","not publicly disclosed","not publicly disclosed","not publicly disclosed","2.5 million individuals; names, contact information, Social Security Numbers, dates of birth, health information, insurance information, medical identification numbers, financial account numbers, driver's licenses, digital signatures","Norton Healthcare confirmed a ransomware attack in May 2023 that exposed personal information of approximately 2.5 million individuals, including patients and employees. The attack was claimed by the BlackCat/ALPHV gang, who alleged to have stolen 4.7TB of data and leaked sensitive files as proof of the breach.","3"
"Healthcare and Social Assistance::Ardent Health Services","Ardent Health Services","November 23, 2023","United States","not publicly disclosed","not publicly disclosed","Ardent took its entire network offline and is working to restore encrypted systems; no definitive timeline for restoration provided.","not publicly disclosed","Ardent Health Services experienced a ransomware attack that disrupted emergency services across six states. The organization took its network offline and is currently investigating the extent of the attack while working to restore access to its systems.","2"
"Healthcare and Social Assistance::Welltok","Welltok","July 26, 2023","United States","not publicly disclosed","not publicly disclosed","not publicly disclosed","8,493,379 individuals; full names, email addresses, physical addresses, telephone numbers, Social Security Numbers, Medicare/Medicaid ID numbers, Health Insurance information","Welltok experienced a data breach that exposed the personal data of nearly 8.5 million patients in the U.S. due to a hack of their MOVEit Transfer server. The breach, attributed to the Clop ransomware gang, involved the theft of sensitive patient information, including Social Security Numbers and health insurance details.","2"
"Healthcare and Social Assistance::MCNA Dental","MCNA Dental","not publicly disclosed","not publicly disclosed","$4.45 million","not publicly disclosed","not publicly disclosed","8.9 million patients; names, addresses, Social Security numbers, and more","MCNA Dental, one of the largest dental insurance companies in the U.S., suffered a massive ransomware attack that exposed the personal data of up to 8.9 million patients. The incident highlights the vulnerability of healthcare organizations to cybercriminals and the serious implications for patient care.","2"
"Healthcare and Social Assistance::TransForm Shared Service Organization","TransForm Shared Service Organization","not publicly disclosed","Canada","not publicly disclosed","not applicable","Operational disruptions caused by the attack forced healthcare providers to reschedule appointments and redirect non-emergency cases to other clinics.","Data on 5.6 million patient visits corresponding to 267,000 unique patients; data on 1,446 individuals from Chatham-Kent Health Alliance; data on 352 employees from Erie Shores HealthCare; limited patient data from Windsor Regional Hospital; some patient data from Hôpital-Dieu Grace Healthcare.","TransForm, a shared service provider for multiple hospitals in Ontario, was hit by a ransomware attack that compromised a database containing information on 5.6 million patient visits. The attackers, identified as the DAIXIN Team, exfiltrated data and threatened to leak it, but TransForm confirmed they would not pay the ransom.","3"
"Healthcare and Social Assistance::Better Outcomes Registry Network (BORN)","Better Outcomes Registry Network (BORN)","not publicly disclosed","Canada","not publicly disclosed","not publicly disclosed","BORN engaged with cybersecurity experts to isolate the impacted servers and contain the threat, which allowed its operations to continue.","3.4 million people affected; exposed data includes full name, home address, postal code, date of birth, health card number, and additional data such as dates of service/care, lab test results, pregnancy risk factors, type of birth, procedures, pregnancy and birth outcomes.","The Better Outcomes Registry Network (BORN) in Ontario experienced a data breach due to the Clop ransomware's MOVEit hacking spree, affecting approximately 3.4 million individuals. The breach involved the theft of sensitive information related to newborns and pregnancy care patients, with BORN taking steps to contain the threat and monitor for any misuse of the data.","2"
"Healthcare and Social Assistance::Mayanei Hayeshua hospital","Mayanei Hayeshua hospital","August 2023","Israel","not publicly disclosed","not publicly disclosed","not publicly disclosed","1 TB of data stolen","The Ragnar Locker ransomware gang claimed responsibility for an attack on Israel's Mayanei Hayeshua hospital, threatening to leak 1 TB of data allegedly stolen during the cyberattack. This incident highlights the ongoing threat of ransomware operations targeting healthcare institutions.","2"
"Healthcare and Social Assistance::Mom's Meals (PurFoods)","Mom's Meals (PurFoods)","February 22, 2023","United States","not publicly disclosed","not publicly disclosed","not publicly disclosed","1,237,681 people; Date of birth, Driver's license, State identification number, Financial account information, Payment card information, Medical record number, Medicare and Medicaid identification, Health information, Treatment information, Diagnosis code, Meal category and cost, Health insurance information, Patient ID number, Social Security Numbers (for 1% of the exposed people)","Mom's Meals, a medical meal delivery service, experienced a ransomware attack that compromised the personal information of 1.2 million customers and employees. The breach was identified on February 22, 2023, after suspicious activity was detected on their networks, revealing that files had been encrypted and sensitive data accessed by hackers.","2"
"Healthcare and Social Assistance::Prospect Medical Holdings","Prospect Medical Holdings","August 3rd","United States","not publicly disclosed","50 Bitcoins (worth $1.3 million)","Hospitals shut down IT networks, forced to use paper charts; systems are now up and running but still restoring patient records.","500,000 social security numbers, passports, driver's licenses, corporate documents, and patient's medical information.","The Rhysida ransomware gang claimed responsibility for a cyberattack on Prospect Medical Holdings, threatening to sell stolen data including 500,000 social security numbers and patient records. The attack, which occurred on August 3rd, forced hospitals to revert to paper records as they shut down their IT networks to contain the breach.","3"
"Healthcare and Social Assistance::Comprehensive Medical Care Program (PAMI)","Comprehensive Medical Care Program (PAMI)","August 2nd 2023","Argentina","not publicly disclosed","not publicly disclosed","the site was taken down but was mitigated","not publicly disclosed","The Comprehensive Medical Care Program (PAMI) in Argentina suffered a ransomware cyberattack that encrypted files and demanded a ransom. Official sources confirmed the attack and stated that they are investigating the source of the intrusion, while assuring that operations such as shifts and medicine purchases continued normally.","2"
"Healthcare and Social Assistance::Eisai","Eisai","not publicly disclosed","not publicly disclosed","not publicly disclosed","not publicly disclosed","not publicly disclosed","not publicly disclosed","Eisai, a pharmaceutical company, disclosed that it suffered a ransomware incident that impacted its operations, admitting that attackers encrypted some of its servers. The attack was attributed to the Clop ransomware gang, which has been exploiting vulnerabilities in the MOVEit Transfer platform.","2"
"Healthcare and Social Assistance::Harvard Pilgrim Health Care","Harvard Pilgrim Health Care","April 2023","not publicly disclosed","not publicly disclosed","not publicly disclosed","not publicly disclosed","2,550,922 people affected; sensitive data stolen","Harvard Pilgrim Health Care disclosed that a ransomware attack in April 2023 impacted over 2.5 million individuals. The threat actors not only encrypted data but also stole sensitive information from compromised systems.","2"
"Healthcare and Social Assistance::Managed Care of North America (MCNA) Dental","Managed Care of North America (MCNA) Dental","March 6, 2023","United States","not publicly disclosed","$10 million","MCNA has taken all appropriate steps to remediate the situation and enhance the security of its systems.","8,923,662 people; personal data including full name, address, date of birth, phone number, email, Social Security number, driver's license number, government-issued ID number, health insurance information, and dental care records.","MCNA Dental experienced a ransomware attack that compromised the personal data of approximately 8.9 million patients. The LockBit ransomware gang claimed responsibility for the attack, threatening to publish sensitive information unless a ransom of $10 million was paid. Following the breach, MCNA has implemented measures to enhance security and has offered identity theft protection to affected individuals.","2"
"Healthcare and Social Assistance::nonprofit behavioral healthcare organization","nonprofit behavioral healthcare organization","May 2022","United States","not publicly disclosed","not publicly disclosed","not publicly disclosed","not publicly disclosed","Mikhail Pavlovich Matveev, a Russian citizen, has been charged for his involvement in multiple ransomware operations targeting U.S. critical infrastructure, including healthcare and law enforcement organizations. Notably, in May 2022, he and the Hive ransomware gang encrypted the systems of a nonprofit behavioral healthcare organization in New Jersey.","4"
"Healthcare and Social Assistance::PharMerica","PharMerica","March 12, 2023","United States","not publicly disclosed","not publicly disclosed","not publicly disclosed","5,815,591 individuals affected; full names, addresses, dates of birth, social security numbers, medications, health insurance information","PharMerica experienced a significant data breach affecting over 5.8 million patients, with hackers stealing sensitive medical data. The Money Message ransomware gang claimed responsibility for the attack, which occurred on March 12, 2023, and published the stolen data on their extortion site on April 9, 2023.","3"
"Healthcare and Social Assistance::Brightline","Brightline","","not publicly disclosed","not publicly disclosed","not publicly disclosed","Fortra deactivated the unauthorized user's credentials, turned off the service, and rebuilt their version to eliminate the vulnerability.","783,606 individuals affected; data types include full names, physical addresses, dates of birth, member identification numbers, date of health plan coverage, and employer names.","Brightline, a pediatric mental health provider, experienced a data breach affecting 783,606 patients due to a ransomware attack by the Clop gang, which exploited a zero-day vulnerability in their secure file-sharing platform. The stolen data included sensitive personal health information, prompting Brightline to implement immediate security measures and offer affected individuals identity theft protection services.","2"
"Healthcare and Social Assistance::Hospital Cl nic de Barcelona","Hospital Cl nic de Barcelona","March 7th 2023","Spain","not publicly disclosed","not publicly disclosed","severely disrupting its healthcare services","not publicly disclosed","The Hospital Cl nic de Barcelona suffered a ransomware attack on March 7th, 2023, which severely disrupted its healthcare services. The attack targeted the institution's virtual machines, leading to significant operational challenges.","2"
"Healthcare and Social Assistance::Regal Medical Group, Lakeside Medical Organization, ADOC Medical Group, Greater Covina Medical","Regal Medical Group, Lakeside Medical Organization, ADOC Medical Group, Greater Covina Medical","December 1, 2022","United States","not publicly disclosed","not publicly disclosed","System restoration process was initiated after the attack was discovered.","3,300,638 patients; Full name, Social Security Number (SSN), Date of birth, Address, Medical diagnosis and treatment, Laboratory test results, Prescription data, Radiology reports, Health plan member number, Phone number","A ransomware attack on multiple medical groups in the Heritage Provider Network in California exposed sensitive information of 3.3 million patients. The attack occurred on December 1, 2022, leading to the compromise of various personal and medical data. The affected organizations have since implemented additional security measures to prevent future incidents.","4"
"Healthcare and Social Assistance::Regal Medical Group","Regal Medical Group","December 1, 2022","USA","not publicly disclosed","not publicly disclosed","System restoration process initiated after malware infection was confirmed.","3,300,638 patients; Full name, Social Security Number (SSN), Date of birth, Address, Medical diagnosis and treatment, Laboratory test results, Prescription data, Radiology reports, Health plan member number, Phone number.","Multiple medical groups in the Heritage Provider Network in California suffered a ransomware attack, exposing sensitive patient information of over 3.3 million patients. The attack occurred on December 1, 2022, leading to a significant data breach that included various personal and medical details.","3"
"Healthcare and Social Assistance::AmerisourceBergen","AmerisourceBergen","not publicly disclosed","United States","not publicly disclosed","not publicly disclosed","not publicly disclosed","not publicly disclosed","AmerisourceBergen confirmed a security breach involving the Lorenz ransomware gang, which leaked allegedly stolen data from one of its subsidiaries. The company is investigating whether sensitive data was compromised and has contained the intrusion.","2"
"Healthcare and Social Assistance::Tallahassee Memorial HealthCare (TMH)","Tallahassee Memorial HealthCare (TMH)","February 2nd 2023","USA","not publicly disclosed","not publicly disclosed","IT systems taken offline and non-emergency procedures suspended","not publicly disclosed","Tallahassee Memorial HealthCare (TMH) suffered a cyberattack that led to the suspension of non-emergency procedures and the taking offline of its IT systems. The attack occurred on February 2nd, 2023, and is part of a larger trend of ransomware attacks targeting healthcare facilities.","2"
"Healthcare and Social Assistance::SickKids children's hospital","SickKids children's hospital","January 1st 2023","not publicly disclosed","not publicly disclosed","not publicly disclosed","delays in receiving lab and imaging results and longer wait times for patients","not publicly disclosed","The LockBit ransomware gang attacked the SickKids children's hospital, leading to operational delays. They later provided a free decryptor after claiming that a rogue affiliate violated their policies by targeting the healthcare organization.","2"
"Healthcare and Social Assistance::Hospital for Sick Children (SickKids)","Hospital for Sick Children (SickKids)","2022-12-18","Canada","not publicly disclosed","not publicly disclosed","SickKids announced that it had restored 50% of its priority systems by December 29th, including those causing diagnostic or treatment delays.","not publicly disclosed","The LockBit ransomware gang attacked SickKids on December 18th, impacting internal systems and causing delays in patient care. Following the incident, the gang apologized and provided a free decryptor, stating that the attack violated their policies against targeting medical institutions.","2"
"Healthcare and Social Assistance::Lake Charles Memorial Health System","Lake Charles Memorial Health System","October 21, 2022","United States","not publicly disclosed","not publicly disclosed","not publicly disclosed","269,752 individuals affected; includes full names, physical addresses, dates of birth, medical records, patient identification numbers, health insurance information, payment information, limited clinical information, and Social Security numbers (in some cases)","The Lake Charles Memorial Health System experienced a ransomware attack that impacted nearly 270,000 patients. Hackers gained unauthorized access to the network, stole sensitive files, and the Hive ransomware group later claimed responsibility for the attack, listing LCMHS on their data leak site after failed ransom negotiations.","2"
"Healthcare and Social Assistance::Andr-Mignot teaching hospital","Andr-Mignot teaching hospital","December 5th 2022","France","not publicly disclosed","not publicly disclosed","significant disruption, causing some patients to be rerouted to other hospitals","not publicly disclosed","The Andr-Mignot teaching hospital in Paris experienced a ransomware attack that led to the shutdown of its phone and computer systems. This incident caused significant disruption, requiring the rerouting of some patients to other hospitals.","2"
"Healthcare and Social Assistance::CommonSpirit Health","CommonSpirit Health","October 2022","United States","not publicly disclosed","not publicly disclosed","not publicly disclosed","623,774 patients; Full name, address, phone number(s), date of birth, unique ID","CommonSpirit Health experienced a ransomware attack in October 2022, which exposed the personal data of 623,774 patients. The organization confirmed that unauthorized access occurred between September 16 and October 3, 2022, and that certain files containing personal information were accessed by the threat actors.","3"
"Healthcare and Social Assistance::Keralty","Keralty","November 30th 2022","Colombia","not publicly disclosed","not publicly disclosed","Patients have had to wait upwards of twelve hours to receive care, with reports of people fainting due to the lack of medical attention.","3TB of data stolen","Keralty, a major healthcare provider in Colombia, suffered a ransomware attack by the RansomHouse group, severely disrupting its operations and websites. The attack resulted in significant delays in patient care, with reports of patients waiting for over twelve hours for medical attention.","2"
"Healthcare and Social Assistance::Medibank","Medibank","October 26, 2022","Australia","not publicly disclosed","no ransom payment will be made","not publicly disclosed","approximately 9.7 million current and former customers' personal data including names, addresses, dates of birth, phone numbers, email addresses, Medicare numbers, and some health claims data","Medibank, a major Australian health insurer, reported a data breach where the REvil ransomware group leaked sensitive customer information. The leaked data includes personal and health information of millions of customers, and Medibank has stated it will not pay any ransom to the attackers.","3"
"Healthcare and Social Assistance::Medibank Private Limited","Medibank Private Limited","not publicly disclosed","Australia","not publicly disclosed","not disclosed","not publicly disclosed","Approximately 9.7 million current and former customers' names, dates of birth, addresses, phone numbers, email addresses, Medicare numbers, passport numbers, visa details, health claims data for roughly 480,000 customers, health provider details.","A ransomware gang, believed to be a relaunch of REvil and tracked as BlogXX, has threatened to leak stolen data from Medibank, one of Australia's largest health insurers. Medibank confirmed that sensitive information belonging to millions of customers was accessed, including personal details and health claims data, but stated it would not pay the ransom demanded by the attackers.","2"
"Healthcare and Social Assistance::Australian Clinical Labs","Australian Clinical Labs","February 2022","Australia","not publicly disclosed","not publicly disclosed","not publicly disclosed","223,000 people affected; 128,608 Medicare numbers, 28,286 credit card numbers, 17,539 individual medical and health records","Australian Clinical Labs disclosed a ransomware attack that exposed sensitive patient data, including Medicare numbers and credit card information, affecting 223,000 individuals. The Quantum ransomware group claimed responsibility and leaked 86GB of data on the dark web, prompting ACL to notify impacted clients and offer credit monitoring services.","2"
"Healthcare and Social Assistance::CommonSpirit","CommonSpirit","October 12th 2022","not publicly disclosed","not publicly disclosed","not publicly disclosed","Our facilities are following existing protocols for system outages, which includes taking certain systems offline, such as electronic health records.","not publicly disclosed","CommonSpirit confirmed that they suffered a ransomware attack, prompting immediate protective measures and an investigation. They engaged cybersecurity specialists and notified law enforcement to assist in the response process.","2"
"Healthcare and Social Assistance::Consorci Sanitari Integral (CSI)","Consorci Sanitari Integral (CSI)","October 7th 2022","Spain","not publicly disclosed","not publicly disclosed","Health activity and patient care are maintained in what does not require computer services, with consultations practically only for emergencies.","not publicly disclosed","The Consorci Sanitari Integral (CSI) suffered a ransomware attack affecting all its healthcare centers in Barcelona and Baix Llobregat. Health workers do not have access to patient information or procedures through computers, limiting consultations to emergencies only.","2"
"Healthcare and Social Assistance::Consorci Sanitari Integral","Consorci Sanitari Integral","October 7th 2022","Spain","not publicly disclosed","not publicly disclosed","Health activity and patient care are maintained in what does not require computer services, with consultations practically only for emergencies.","not publicly disclosed","The Consorci Sanitari Integral (CSI) suffered a ransomware attack affecting all its healthcare centers in Barcelona and Baix Llobregat. This incident is the second ransomware attack on the organization in two years, severely limiting access to patient information and procedures for health workers.","2"
"Healthcare and Social Assistance::Empress EMS","Empress EMS","September 17th 2022","United States","not publicly disclosed","not publicly disclosed","not publicly disclosed","customer information","Empress EMS, a New York-based emergency response and ambulance service provider, disclosed a data breach that exposed customer information following a ransomware attack. The incident was attributed to the LockBit ransomware operation.","2"
"Healthcare and Social Assistance::Center Hospitalier Sud Francilien (CHSF)","Center Hospitalier Sud Francilien (CHSF)","","France","$10,000,000","$10,000,000","The hospital has referred patients to other establishments and postponed surgeries due to the cyberattack, with ongoing IT system outages affecting operations.","not publicly disclosed","The Center Hospitalier Sud Francilien (CHSF) in France was hit by a ransomware attack that demanded a ransom of $10 million. The attack rendered the hospital's business software and patient information systems inaccessible, leading to the referral of patients to other medical centers and postponement of surgeries.","3"
"Healthcare and Social Assistance::Advanced (Managed Service Provider for NHS)","Advanced (Managed Service Provider for NHS)","August 4, 2023","United Kingdom","not publicly disclosed","not publicly disclosed","Full service recovery may take a month; reconnecting to environments expected to take at least three to four weeks for some customers.","not publicly disclosed","A ransomware attack on the managed service provider Advanced disrupted emergency services for the UK's National Health Service (NHS). The attack began on August 4, 2023, and has affected several hundred customers using various software solutions. Full recovery is anticipated to take a month as Advanced works to restore services securely.","2"
"Healthcare and Social Assistance::Kansas hospital and other American health care providers","Kansas hospital and other American health care providers","May 2021","United States","$500,000","$100,000 and $120,000","not publicly disclosed","not publicly disclosed","The FBI recovered approximately $500,000 paid by American healthcare providers to the Maui ransomware gang, which targets healthcare organizations. A Kansas hospital paid about $100,000 in May 2021 to restore its IT network after a ransomware attack, and another medical provider in Colorado paid $120,000 shortly thereafter. The quick reporting of these incidents allowed law enforcement to track and seize the ransom payments.","4"
"Healthcare and Social Assistance::Professional Finance Company Inc. (PFC)","Professional Finance Company Inc. (PFC)","not publicly disclosed","not publicly disclosed","not publicly disclosed","not publicly disclosed","not publicly disclosed","affecting over 600 healthcare organizations","Professional Finance Company Inc. (PFC) experienced a ransomware attack in late February that led to a data breach. The incident affected over 600 healthcare organizations, highlighting the significant impact of ransomware on the healthcare sector.","2"
"Healthcare and Social Assistance::Moises Luis Zagala Gonzalez","Moises Luis Zagala Gonzalez","not publicly disclosed","Venezuela","not publicly disclosed","not publicly disclosed","not publicly disclosed","not publicly disclosed","Moises Luis Zagala Gonzalez, a 55-year-old cardiologist, allegedly created and rented Jigsaw and Thanos ransomware to cybercriminals, profiting from a global ransomware ecosystem. He provided support and training to attackers on how to use the ransomware tools, which included features like a 'Doomsday' counter that deletes files until a ransom is paid.","2"
"Healthcare and Social Assistance::Ireland's Health Service Executive (HSE)","Ireland's Health Service Executive (HSE)","not publicly disclosed","Ireland","not publicly disclosed","$20 million","not publicly disclosed","not publicly disclosed","The US Department of State is offering up to $15 million for information on the Conti ransomware gang, which has targeted over 1,000 victims and caused payouts exceeding $150 million. The Conti group is linked to various cybercrime activities and has been responsible for numerous ransomware incidents, including attacks on healthcare organizations.","4"
"Information Technology::Kaseya (VSA platform)","Kaseya (VSA platform)","2021-07-02","United States","Direct financial loss to Kaseya not publicly disclosed; downstream impact spanned 800-1,500 businesses across ~17 countries (e.g., Sweden's Coop grocery chain closed ~800 stores). Broader economic cost not authoritatively quantified.","REvil demanded a single universal-decryptor payment of $70 million in Bitcoin. Kaseya states it did NOT pay the ransom; it obtained a universal decryptor from a 'trusted third party' (later reported as provided via the FBI).","VSA SaaS and on-prem servers taken offline as a precaution on July 2; patched VSA restored around July 11-12; a universal decryptor was distributed on July 22-23, 2021 to help victims restore data. Recovery for downstream MSP clients ran days to weeks.","Primarily encryption/availability impact rather than mass data theft; up to ~1,500 downstream organizations had systems encrypted.","REvil exploited zero-day vulnerabilities in Kaseya's VSA remote-monitoring-and-management software to push ransomware through ~60 direct MSP customers to their downstream clients — the archetypal IT supply-chain cascade attack.","3"
"Information Technology::Progress Software (MOVEit Transfer)","Progress Software (MOVEit Transfer)","2023-05-27","United States","Aggregate downstream cost estimated by Emsisoft at roughly $10.6B-$15.8B (using IBM's per-record cost); some scaled estimates ran far higher. Progress Software's own direct costs not fully disclosed; it faced an SEC investigation and dozens of class-action lawsuits (40M+ claimants).","Clop did not encrypt systems; it demanded extortion payments from individual victim organizations (amounts varied and were not publicly itemized). Many victims declined to pay.","This was a data-theft (not encryption) event, so impact was breach-remediation and notification rather than operational downtime; remediation and victim-notification stretched over many months into 2024.","Over 2,700 organizations confirmed impacted and approximately 93.3 million individuals' personal data exposed (estimates ranged 64M-95M+ over time).","Clop mass-exploited a zero-day SQL-injection flaw (CVE-2023-34362) in Progress Software's MOVEit managed-file-transfer product to steal data from thousands of organizations worldwide — one of the largest supply-chain data-extortion campaigns on record.","4"
"Information Technology::CDK Global","CDK Global","2024-06-18","United States","Anderson Economic Group estimated total dealer losses exceeding $1 billion (revised up from ~$944M) from roughly two-plus weeks of disruption.","BlackSuit initially demanded ~$10M, reportedly escalating toward $50M+. CDK is widely reported to have paid approximately $25 million in Bitcoin (wallets tied to BlackSuit received ~$25M about two days after the attack, per CyberScoop).","Dealerships reverted to manual/pen-and-paper processes for nearly two weeks; CDK announced services restored for nearly all dealerships by around July 4, 2024.","Primarily operational outage; extent of any data exfiltration less publicly quantified than the operational and financial disruption.","BlackSuit ransomware crippled CDK Global's Dealer Management System SaaS, which powers operations for ~15,000 auto dealerships across the U.S. and Canada; a second intrusion during recovery on June 19 prolonged the outage.","3"
"Information Technology::Ingram Micro","Ingram Micro","2025-07-03","United States","Specific revenue loss not publicly disclosed; multi-day global halt of order processing at a distributor with ~$48B annual revenue implies material lost/delayed transactions, though the company did not quantify it publicly.","Ransom amount not publicly disclosed; on July 29-30, 2025 SafePay threatened to leak ~3.5TB of allegedly stolen data unless paid. No confirmation of payment.","Systems failed around 8:00 AM ET on July 3; website and staged order processing resumed July 7-8; the company reported operations back to normal worldwide by July 9, 2025.","Reported exposure of personal data of over 42,000 employees and applicants; SafePay claimed ~3.5TB of data.","SafePay ransomware caused a global outage at Ingram Micro, one of the world's largest IT distributors; intrusion is attributed to compromised credentials on the Palo Alto GlobalProtect VPN, halting worldwide order processing.","3"
"Information Technology::Quanta Computer (Apple supplier)","Quanta Computer (Apple supplier)","2021-04-20","Taiwan","Not publicly disclosed. Impact was primarily reputational and IP-confidentiality loss (leaked device blueprints) rather than reported revenue loss.","REvil demanded $50 million, reportedly escalating toward $100M; the ransom was not paid by Quanta (and REvil eventually removed the leaked files). No confirmed payment.","Operational downtime not the primary reported impact; this was chiefly a data-exfiltration/IP-leak extortion event.","Theft and partial publication of confidential design schematics/blueprints for unreleased Apple devices (MacBook, Apple Watch drawings).","After Quanta (a major Apple ODM) declined to pay, REvil pivoted to extort Apple directly, publishing stolen schematics for unreleased products, timed to Apple's 'Spring Loaded' launch event — a landmark IP-theft extortion in the tech hardware supply chain.","3"
"Information Technology::Software AG","Software AG","2020-10-03","Germany","Direct financial loss not fully disclosed; the company reported internal-network disruption but said customer-facing cloud services were unaffected.","Clop demanded approximately $23 million. Software AG refused to pay.","Internal network, help desk and some internal communications were disrupted for a period in October 2020; customer cloud services remained operational.","About 1TB of data stolen, including employee passport/ID data, health-related documents and internal emails; screenshots and files leaked publicly after negotiations broke down.","Clop ransomware struck German enterprise-software giant Software AG, encrypting internal systems and stealing about 1TB of data, then publishing files after the company refused to negotiate — an early high-profile double-extortion case in the software industry.","3"
"Information Technology::Tata Technologies","Tata Technologies","2025-01","India","Not publicly disclosed; the company said client-delivery services remained unaffected. No quantified revenue loss reported.","Specific ransom amount not disclosed; Hunters International threatened public release of the data and, when unpaid, leaked it (~730,000 files) on its dark-web site in March 2025.","Temporary disruption to some IT services per the January stock-exchange disclosure; client delivery reported unaffected. Detailed recovery timeline not publicly quantified.","Claimed theft of 1.4TB (~730,000 files) including current/former employee personal details, purchase orders and confidential customer contracts (India and U.S. customers).","Hunters International claimed a January 2025 ransomware attack on Tata Technologies (engineering/IT-services arm of the Tata group), later leaking 1.4TB of stolen data; Tata Motors disclosed a ransomware incident to Indian stock exchanges.","4"
"Information Technology::QuickLogic Corporation","QuickLogic Corporation","January 20, 2023","not publicly disclosed","not publicly disclosed","not publicly disclosed","The Company has continued its business operations during this incident and successfully restored all of its critical operational data.","not publicly disclosed","On January 20, 2023, QuickLogic Corporation detected a ransomware infection affecting a limited number of IT systems. The Company promptly began an assessment, notified law enforcement, and engaged cybersecurity professionals to investigate the incident.","2"
"Information Technology::NCR Corporation","NCR Corporation","2023-04-17","United States","not publicly disclosed","not publicly disclosed","not publicly disclosed","not publicly disclosed","On April 17, 2023, NCR Corporation announced that a single data center outage affecting some functionality for its commerce customers was caused by a cyber ransomware incident. The company is assessing the impact of the incident on its operations and financial results.","2"
"Information Technology::Dish Network","Dish Network","February 23, 2023","United States","not publicly disclosed","not publicly disclosed","massive outage that affected its websites and apps","296,851 individuals affected; exposed information includes names, personal identifiers, driver's license numbers, health insurance information, and COVID-19 vaccination status","Dish Network experienced a ransomware attack on February 23, 2023, which likely resulted in the payment of a ransom based on the company's communications. The attack compromised confidential records and sensitive information of current and former employees, but customer data was not affected. The incident has led to multiple class-action lawsuits against the company for alleged cybersecurity failures.","3"
"Information Technology::NCR Voyix Corporation","NCR Voyix Corporation","April 2023","not publicly disclosed","not publicly disclosed","not publicly disclosed","not publicly disclosed","not publicly disclosed","NCR Voyix Corporation experienced a ransomware incident in April 2023, which impacted its business operations. The company has since been working on efforts to prevent or mitigate such incidents in the future.","2"
"Information Technology::AFG Companies, Inc.","AFG Companies, Inc.","not publicly disclosed","USA","not publicly disclosed","not publicly disclosed","not publicly disclosed","not publicly disclosed","AFG Companies, Inc. is facing a lawsuit from Brand Engagement Network Inc. (BEN) for allegedly concealing a ransomware attack on their network prior to an agreement signed in August 2023. The lawsuit claims that this concealment hindered BEN's ability to deliver AI solutions to automotive dealerships, causing significant delays and damaging trust in the partnership.","2"
"Information Technology::Rackspace Technology","Rackspace Technology","late 2022","not publicly disclosed","~$30M","not publicly disclosed","not publicly disclosed","not publicly disclosed","Rackspace Technology experienced a ransomware attack at the end of 2022, which was highly publicized and resulted in a loss of approximately $30 million in high-margin revenue. The company has since implemented a strategy to transform its business and mitigate the impact of the attack.","3"
"Information Technology::Ingram Micro Holding Corporation","Ingram Micro Holding Corporation","July 5, 2025","United States","not publicly disclosed","not publicly disclosed","The Company is working diligently to restore the affected systems to process and ship orders.","not publicly disclosed","Ingram Micro identified ransomware on certain internal systems and took steps to secure the environment, including taking systems offline. The Company is investigating the incident with cybersecurity experts and has notified law enforcement.","2"
"Information Technology::Data I/O Corporation","Data I/O Corporation","August 16, 2025","USA","$180,000","not publicly disclosed","All systems operational with no impact to customers or orders; incident contained and remediated.","not publicly disclosed","Data I/O Corporation reported a ransomware incident that was identified on August 16, 2025. The attack was not targeted and originated from a vulnerability in a third-party firewall service. The company has restored all systems and believes there was no revenue loss due to the incident.","2"
"Information Technology::Trio-Tech International","Trio-Tech International","2026-03-11","Singapore","not publicly disclosed","not publicly disclosed","The subsidiary took its network offline and is in the process of restoring affected systems.","The scope of the data potentially affected has not yet been fully determined.","On March 11, 2026, Trio-Tech International's subsidiary in Singapore experienced a ransomware incident that resulted in the encryption of certain files. The incident escalated on March 18, leading to the unauthorized disclosure of company data, prompting the company to activate response protocols and notify law enforcement.","2"
"Information Technology::Brand Engagement Network Inc.","Brand Engagement Network Inc.","2025-01-16","United States","not publicly disclosed","not publicly disclosed","not publicly disclosed","not publicly disclosed","Brand Engagement Network Inc. reported a ransomware attack on its network shortly before the termination of an Exclusive Reseller Agreement with AFG Companies, Inc. The company has filed a lawsuit against AFG alleging fraudulent misrepresentation and breach of contract related to the attack.","2"
"Information Technology::SonicWall","SonicWall","","not publicly disclosed","not publicly disclosed","not publicly disclosed","not publicly disclosed","not publicly disclosed","CISA has confirmed that ransomware gangs are exploiting vulnerabilities in SonicWall's SMA1000 appliances. The vulnerabilities, tracked as CVE-2026-15409 and CVE-2026-15410, have been linked to the deployment of custom malware by a threat actor identified as UTA0533.","6"
"Information Technology::Palo Alto Networks","Palo Alto Networks","June 2026","not publicly disclosed","not publicly disclosed","not publicly disclosed","not publicly disclosed","not publicly disclosed","The Qilin ransomware gang exploited a critical vulnerability in Palo Alto Networks' GlobalProtect VPN to breach networks and deploy ransomware. Multiple distinct intrusions were reported in June 2026, leading to domain-wide encryption and suggesting ongoing exploitation of the flaw.","5"
"Information Technology::Langflow","Langflow","not publicly disclosed","not publicly disclosed","$75,000 to $500,000 per model","not publicly disclosed","not publicly disclosed","not publicly disclosed","The JadePuffer threat actor has launched a ransomware attack targeting AI model data using a custom malware called EncForge. This ransomware specifically encrypts AI assets such as training datasets and model checkpoints, potentially costing organizations significant time and financial resources to recover.","2"
"Information Technology::Trellix","Trellix","2025-04-17","not publicly disclosed","not publicly disclosed","not publicly disclosed","not publicly disclosed","not publicly disclosed","Trellix, an international cybersecurity firm, experienced a breach of its source code repository, claimed by the RansomHouse hackers. The threat actor leaked a small set of images as proof and indicated that data encryption occurred during the intrusion. Trellix is currently investigating the incident and has notified law enforcement.","2"
"Information Technology::cPanel users","cPanel users","not publicly disclosed","not publicly disclosed","not publicly disclosed","not publicly disclosed","not publicly disclosed","not publicly disclosed","A critical flaw in cPanel, tracked as CVE-2026-41940, is being exploited in mass ransomware attacks by the Sorry ransomware group. The attacks have compromised at least 44,000 IP addresses running cPanel, encrypting files and demanding ransom payments from victims.","2"
"Information Technology::Cisco","Cisco","March 4, 2026","not publicly disclosed","not publicly disclosed","not publicly disclosed","not publicly disclosed","not publicly disclosed","The Interlock ransomware gang exploited a zero-day vulnerability in Cisco's Secure Firewall Management Center software, allowing remote code execution. Cisco patched the flaw on March 4, 2026, after it was exploited for over a month, impacting multiple organizations.","3"
"Information Technology::DigitalMint","DigitalMint","not publicly disclosed","United States","$26,793,000 and $25,660,000","not publicly disclosed","not publicly disclosed","not publicly disclosed","The U.S. Department of Justice charged Angelo Martino, a former employee of DigitalMint, for conspiracy related to his involvement with the BlackCat ransomware operation. Martino and accomplices were accused of demanding ransom payments while threatening to leak stolen data from victims' networks, with at least five U.S. organizations affected, including a nonprofit and a financial services firm that paid significant ransoms.","2"
"Information Technology::Marquis Software Solutions","Marquis Software Solutions","August 14, 2025","United States","not publicly disclosed","not publicly disclosed","not publicly disclosed","not publicly disclosed","Marquis Software Solutions experienced a ransomware attack on August 14, 2025, after hackers breached its network via a compromised SonicWall firewall. The attackers stole files containing personal information from business partners, affecting operations at 74 U.S. banks and leading Marquis to file a lawsuit against SonicWall for negligence and misrepresentation.","2"
"Information Technology::Advantest Corporation","Advantest Corporation","February 15","Japan","not publicly disclosed","not publicly disclosed","not publicly disclosed","not publicly disclosed","Advantest Corporation, a Japanese tech giant, was targeted in a ransomware attack that may have affected customer or employee data. The company detected unusual activity in its IT environment on February 15 and is currently investigating the incident with the help of third-party cybersecurity specialists.","2"
"Information Technology::SmarterTools","SmarterTools","January 29","not publicly disclosed","not publicly disclosed","not publicly disclosed","impacted systems were isolated, and data was restored from fresh backups","12 Windows servers compromised; customer data not directly impacted","SmarterTools confirmed a breach by the Warlock ransomware gang, which exploited a vulnerability in its SmarterMail software. Although the attackers gained access to the network, encryption of data was prevented by security measures, and the company restored data from backups.","2"
"Information Technology::Hitachi Vantara","Hitachi Vantara","2025-04-26","Japan","not publicly disclosed","not publicly disclosed","Hitachi Vantara took servers offline to contain the incident and is working with third-party experts to remediate the situation and bring systems back online.","not publicly disclosed","Hitachi Vantara experienced a ransomware attack attributed to the Akira group, leading to the company taking servers offline to contain the incident. The attack disrupted some systems, but customers with self-hosted environments could still access their data as usual.","2"
"Information Technology::Microsoft","Microsoft","October 27, 2024","not publicly disclosed","not publicly disclosed","1 ShibaCoin","not publicly disclosed","not publicly disclosed","Two malicious VSCode Marketplace extensions were found deploying in-development ransomware, exposing gaps in Microsoft's review process. The extensions, which were downloaded a few times before removal, contained a PowerShell command that downloaded ransomware from a remote server, encrypting files in a specific folder and demanding payment in ShibaCoin for recovery.","3"
"Information Technology::Forescout","Forescout","January 2025","not publicly disclosed","not publicly disclosed","not publicly disclosed","not publicly disclosed","not publicly disclosed","The Mora_001 ransomware group has been exploiting Fortinet vulnerabilities to deploy a custom ransomware strain called SuperBlack. The attacks involve gaining super admin privileges, stealing data, and encrypting files for double extortion, with evidence suggesting links to the LockBit ransomware operation.","3"
"Information Technology::Lee Enterprises","Lee Enterprises","February 3, 2025","United States","not publicly disclosed","not publicly disclosed","significant operational disruptions, losing access to internal systems and cloud storage, corporate VPNs not working","120,000 files totaling 350GB, including government ID scans, non-disclosure agreements, financial spreadsheets, contracts/agreements, and other confidential documents","Lee Enterprises was attacked by the Qilin ransomware gang on February 3, 2025, leading to significant operational disruptions and the encryption of critical applications. The attackers have threatened to leak 120,000 stolen files unless a ransom is paid by March 5, 2025.","2"
"Information Technology::Atos","Atos","December 28, 2024","France","not publicly disclosed","not publicly disclosed","not publicly disclosed","not publicly disclosed","Atos, a French government contractor, denied claims by the Space Bears ransomware gang that they compromised one of its databases. The group threatened to leak stolen data on their dark web site, but Atos stated there was no evidence of a breach affecting their systems and that they had received no ransom demand.","2"
"Information Technology::Snowflake","Snowflake","April 2024","not publicly disclosed","$2.5 million","$2.5 million","not publicly disclosed","hundreds of millions of individuals affected, including 109 million call logs from AT&T and 560 million customers from TicketMaster","In April 2024, threat actors exploited compromised credentials to access customer accounts on the Snowflake cloud data platform, exporting databases and extorting companies to prevent public release of the data. The attacks affected numerous organizations, including AT&T and TicketMaster, leading to significant data exposure and financial demands.","2"
"Information Technology::Cleo","Cleo","not publicly disclosed","not publicly disclosed","not publicly disclosed","not publicly disclosed","not publicly disclosed","not publicly disclosed","The Clop ransomware gang has claimed responsibility for data theft attacks against Cleo, utilizing zero-day vulnerabilities to breach corporate networks and steal data. The gang confirmed they are behind the exploitation of vulnerabilities CVE-2024-50623 and CVE-2024-55956, which allowed them to gain unauthorized access and install backdoors for further data theft.","2"
"Information Technology::Blue Yonder","Blue Yonder","November 2023","United States","not publicly disclosed","not publicly disclosed","Blue Yonder has since brought back online some of the impacted customers and is now working with external cybersecurity experts to help others return to normal business operations.","680GB of files including database dumps, email lists for future attacks (over 16000), documents (over 200000), reports, insurance documents.","Blue Yonder, a SaaS provider, was breached by the Termite ransomware gang in November 2023. The attackers claimed to have stolen 680GB of data and caused significant operational disruptions for Blue Yonder's customers, including major retailers. The company is currently investigating the claims and working to restore services for affected clients.","2"
"Information Technology::Zyxel Europe","Zyxel Europe","not publicly disclosed","not publicly disclosed","not publicly disclosed","not publicly disclosed","not publicly disclosed","not publicly disclosed","The Helldown ransomware operation exploits vulnerabilities in Zyxel firewalls to breach networks, steal data, and encrypt devices. As of November 7, 2024, Helldown listed 31 victims on its extortion portal, including Zyxel Europe, indicating a potential ransom payment by some victims.","3"
"Information Technology::Veeam","Veeam","","not publicly disclosed","not publicly disclosed","not publicly disclosed","not publicly disclosed","not publicly disclosed","A critical vulnerability in Veeam Backup Replication software was exploited to deploy Frag ransomware, following similar attacks by Akira and Fog ransomware groups. The vulnerability allowed threat actors to gain remote code execution and access backup data, leading to the deployment of the Frag ransomware on compromised networks.","3"
"Information Technology::Young Consulting (now Connexure)","Young Consulting (now Connexure)","April 10, 2024","United States","not publicly disclosed","not publicly disclosed","not publicly disclosed","950,000 records; full names, Social Security numbers (SSNs), dates of birth, insurance claim information","Young Consulting, a software solutions provider, suffered a ransomware attack by BlackSuit on April 10, 2024, leading to the exposure of sensitive data of 950,000 individuals. The company began notifying affected individuals about the breach and offered complimentary credit monitoring services after discovering the attack three days later when the attackers triggered encryption of their systems.","2"
"Information Technology::Young Consulting (Connexure)","Young Consulting (Connexure)","April 10, 2024","United States","not publicly disclosed","not publicly disclosed","not publicly disclosed","950,000 records; full names, Social Security numbers (SSNs), dates of birth, insurance claim information","Young Consulting, a software solutions provider, was attacked by the BlackSuit ransomware on April 10, 2024, leading to the theft of sensitive data from approximately 950,000 individuals. The company began notifying affected individuals about the breach and offered complimentary credit monitoring services after discovering the attack three days later when the attackers triggered encryption of their systems.","2"
"Information Technology::AnyDesk users","AnyDesk users","July 2023","not publicly disclosed","not publicly disclosed","not publicly disclosed","not publicly disclosed","not publicly disclosed","The Mad Liberator gang targets AnyDesk users by using a fake Windows update screen to distract victims while exfiltrating data. They do not encrypt data but drop ransom notes, threatening to publish stolen files if their demands are not met.","3"
"Information Technology::Progress Software","Progress Software","","not publicly disclosed","$75-100 million","not publicly disclosed","not publicly disclosed","95 million people affected, data types not specified","The SEC has concluded its investigation into Progress Software's handling of the MOVEit Transfer zero-day flaw that exposed data of over 95 million people. The Clop ransomware gang exploited this vulnerability to conduct a large-scale data theft campaign affecting numerous organizations worldwide.","3"
"Information Technology::Austal USA, Hoya, Integris Health, Fred Hutch Cancer Center","Austal USA, Hoya, Integris Health, Fred Hutch Cancer Center","January 2024","not publicly disclosed","not publicly disclosed","not publicly disclosed","not publicly disclosed","not publicly disclosed","The Hunters International ransomware group is targeting IT workers with a new malware called SharpRhino, which facilitates initial infection and privilege escalation. The group has been active in 2024, announcing 134 ransomware attacks against various organizations worldwide, including notable victims such as Austal USA and Hoya.","2"
"Information Technology::Federal Civilian Executive Branch agencies","Federal Civilian Executive Branch agencies","not publicly disclosed","United States","not publicly disclosed","not publicly disclosed","causing outages and disrupting business operations","sensitive data from VMs","CISA has warned that a VMware ESXi authentication bypass vulnerability (CVE-2024-37085) is being exploited in ransomware attacks by several gangs. These attackers gain admin privileges on hypervisors, steal sensitive data, and encrypt the file system, leading to significant operational disruptions.","4"
"Information Technology::KADOKAWA corporation","KADOKAWA corporation","June 8, 2023","Japan","not publicly disclosed","not publicly disclosed","Most operations continue to be impacted, with all Niconico services still suspended. Accounting functions expected to be restored in early July.","Contacts, confidential documents, employee data, business plans, and financial data.","The BlackSuit ransomware gang claimed a cyberattack on KADOKAWA corporation, threatening to publish stolen data if a ransom is not paid. The attack, which occurred on June 8, has caused significant service outages across the company's operations, including its subsidiary Niconico.","3"
"Information Technology::Redis servers","Redis servers","May 16, 2024","not publicly disclosed","$10,000","not publicly disclosed","not publicly disclosed","not publicly disclosed","P2PInfect botnet has activated a ransomware module targeting Redis servers, encrypting files with specific extensions and appending '.encrypted' to them. The ransomware operates with limited privileges, primarily affecting configuration files due to Redis's in-memory deployment.","3"
"Information Technology::Philadelphia Inquirer","Philadelphia Inquirer","May 2023","United States","not publicly disclosed","not publicly disclosed","The attack disrupted the publication of the print newspaper, with home-delivery subscribers asked to catch up with the latest news using the newspaper's website, which remained unaffected.","25,549 individuals affected; personal and financial information including names, financial account numbers, credit/debit card numbers, security codes, access codes, passwords, or PINs.","In May 2023, the Philadelphia Inquirer experienced a security breach where attackers stole personal and financial information of over 25,000 individuals. The Cuba ransomware gang claimed responsibility for the attack, stating they had stolen various financial documents and threatened to leak them, although the newspaper disputed the authenticity of the leaked files.","3"
"Information Technology::CD Projekt Red, Cisco","CD Projekt Red, Cisco","October 2023","not publicly disclosed","not publicly disclosed","not publicly disclosed","not publicly disclosed","450 GB of source code and internal information, including source code for Witcher 3, Gwent, Cyberpunk 2077, and Cisco network information","The HelloKitty ransomware operation has rebranded to HelloGookie and released sensitive data from previous attacks on CD Projekt Red and Cisco. This includes source code for popular games and internal Cisco information, alongside decryption keys for older ransomware victims.","3"
"Information Technology::CD Projekt Red and Cisco","CD Projekt Red and Cisco","October 2023","not publicly disclosed","not publicly disclosed","not publicly disclosed","not publicly disclosed","450 GB of source code and internal information, including source code for Witcher 3, Gwent, Cyberpunk 2077, and various console SDKs","The HelloKitty ransomware operation has rebranded to HelloGookie, releasing previously stolen data from CD Projekt Red and Cisco. This includes source code for popular games and internal information, along with decryption keys for older attacks. The threat actor claims to be the original creator of HelloKitty and has launched a new dark web portal for their operations.","3"
"Information Technology::Xplain","Xplain","May 23, 2023","Switzerland","not publicly disclosed","not publicly disclosed","not publicly disclosed","65,000 government documents leaked, including personal data (names, email addresses, telephone numbers, and addresses), technical details, classified information, and account passwords","Xplain, a Swiss technology provider, was attacked by the Play ransomware gang on May 23, 2023, leading to the leak of 65,000 sensitive government documents. The leaked data, which includes personal and classified information, was published on the darknet in early June 2023, prompting an investigation by the Swiss government.","3"
"Information Technology::Insomniac Games","Insomniac Games","November 2023","USA","not publicly disclosed","$2 million","not publicly disclosed","over 1.3 million files, including personal information of employees, former employees, and independent contractors","Insomniac Games, a subsidiary of Sony, experienced a ransomware attack by the Rhysida group, resulting in the theft and online leak of personal information belonging to employees. After refusing to pay a $2 million ransom, the group leaked 1.67 TB of documents, including sensitive employment data and internal documents.","2"
"Information Technology::Blackbaud","Blackbaud","May 2020","United States","$250,000","24 Bitcoin (worth around $250,000 at the time)","not publicly disclosed","over 13,000 Blackbaud business customers and their clients, including banking information, social security numbers, and plaintext credentials","Blackbaud experienced a ransomware attack in May 2020, leading to a data breach that affected millions of individuals. The company paid a ransom of 24 Bitcoin after the attackers threatened to leak the stolen data, which included sensitive personal information from over 13,000 customers.","4"
"Information Technology::Tietoevry","Tietoevry","2024-01-20","Sweden","not publicly disclosed","not publicly disclosed","The company is in the process of restoring infrastructure and services, but customers remain impacted as servers are brought back online.","not publicly disclosed","Tietoevry, a Finnish IT services company, suffered an Akira ransomware attack that impacted one of its data centers in Sweden, causing outages for multiple customers including Filmstaden and various universities and government agencies. The attack encrypted virtualization and management servers, leading to significant disruptions in services.","2"
"Information Technology::Xerox Business Solutions (XBS)","Xerox Business Solutions (XBS)","January 2nd 2024","United States","not publicly disclosed","not publicly disclosed","not publicly disclosed","limited amount of personal information possibly exposed","Xerox Business Solutions (XBS) suffered a ransomware attack claimed by the INC Ransomware group. The attack resulted in a limited amount of personal information being potentially exposed, according to Xerox Corporation's statement.","2"
"Information Technology::HTC Global Services","HTC Global Services","","not publicly disclosed","not publicly disclosed","not publicly disclosed","not publicly disclosed","not publicly disclosed","HTC Global Services confirmed a cyberattack after the ALPHV ransomware gang leaked screenshots of stolen data online. The leaked data includes sensitive information such as passports, contact lists, emails, and confidential documents. The company is investigating the incident and has engaged cybersecurity experts to address the situation.","2"
"Information Technology::Qlik","Qlik","not publicly disclosed","not publicly disclosed","not publicly disclosed","not publicly disclosed","not publicly disclosed","not publicly disclosed","Cactus ransomware has been exploiting critical vulnerabilities in the Qlik Sense data analytics solution to breach networks. The attackers deploy the ransomware after gaining access through these vulnerabilities, utilizing various tools to maintain persistence and exfiltrate data.","3"
"Information Technology::Black Basta","Black Basta","April 2022","not publicly disclosed","at least $107 million","not publicly disclosed","not publicly disclosed","not publicly disclosed","Black Basta ransomware, a Russian-linked group, has extorted at least $107 million from over 90 victims since its emergence in April 2022. The group employs double-extortion tactics, stealing sensitive data before encrypting systems and threatening to publish the data if ransoms are not paid. Notable victims include the American Dental Association and Capita, among others.","4"
"Information Technology::MeridianLink","MeridianLink","November 7, 2023","not publicly disclosed","not publicly disclosed","not publicly disclosed","minimal business interruption","not publicly disclosed","The ALPHV/BlackCat ransomware gang filed a complaint with the U.S. SEC against MeridianLink for not disclosing a cyberattack that allegedly impacted customer data. The gang claims to have stolen data from MeridianLink's network without encrypting it and threatened to leak the data unless a ransom is paid within 24 hours.","3"
"Information Technology::SysAid","SysAid","not publicly disclosed","not publicly disclosed","not publicly disclosed","not publicly disclosed","not publicly disclosed","not publicly disclosed","Threat actors exploited a zero-day vulnerability in SysAid's IT service management software to deploy Clop ransomware and exfiltrate data. The vulnerability, identified as CVE-2023-47246, allowed unauthorized code execution, leading to the installation of additional malware and data theft.","2"
"Information Technology::Atlassian","Atlassian","November 5, 2023","not publicly disclosed","not publicly disclosed","not publicly disclosed","not publicly disclosed","not publicly disclosed","Attackers exploited a critical vulnerability in Atlassian Confluence to deploy Cerber ransomware, encrypting victims' files. The vulnerability, tracked as CVE-2023-22518, was actively targeted following the release of a proof-of-concept exploit, leading to multiple attacks against exposed Confluence servers.","2"
"Information Technology::Sony Interactive Entertainment","Sony Interactive Entertainment","May 28, 2023","United States","not publicly disclosed","not publicly disclosed","The platform was taken offline on June 2, 2023, and the vulnerability was remediated.","6,791 individuals affected; personal information exposed.","Sony Interactive Entertainment experienced a data breach impacting approximately 6,800 individuals due to a zero-day vulnerability in the MOVEit Transfer platform. The Clop ransomware gang exploited this vulnerability, leading to the unauthorized download of sensitive information. Sony has since notified affected individuals and is offering credit monitoring services.","3"
"Information Technology::Openfire server operators","Openfire server operators","June 2023","Korea","$2,300 to $3,500","ransom demands ranging from .09 to .12 bitcoins","not publicly disclosed","not publicly disclosed","Hackers exploited a vulnerability in Openfire messaging servers to encrypt files with ransomware, appending the .locked1 extension. Reports indicate that multiple Openfire servers were affected, with ransom demands typically between .09 to .12 bitcoins.","2"
"Information Technology::Sophos","Sophos","not publicly disclosed","not publicly disclosed","not publicly disclosed","not publicly disclosed","not publicly disclosed","39 Azure Storage accounts encrypted","The BlackCat ransomware gang utilized a new Sphynx encryptor to breach Sophos, encrypting 39 Azure Storage accounts after gaining access through stolen credentials. The attackers employed various tools and techniques to infiltrate the victim's systems, leading to significant data encryption and potential exposure.","2"
"Information Technology::LogicMonitor","LogicMonitor","not publicly disclosed","not publicly disclosed","not publicly disclosed","not publicly disclosed","LogicMonitor is currently working on restoring time-series data for trial/demo customer portals located in the US-WEST region. Trial/demo customer portals in the EU-WEST and US-EAST region that were impacted earlier have now been restored and are fully accessible.","not publicly disclosed","LogicMonitor confirmed that some users of its SaaS platform were victims of ransomware attacks. Anonymous sources indicated that threat actors hacked customer accounts and deployed ransomware using the platform's on-premise Collector sensors. The company is working with affected customers to mitigate the impact of the attacks.","3"
"Information Technology::Citrix","Citrix","not publicly disclosed","not publicly disclosed","not publicly disclosed","not publicly disclosed","not publicly disclosed","not publicly disclosed","Citrix NetScaler systems have been compromised by a threat actor linked to the FIN8 hacking group, exploiting a critical remote code execution flaw (CVE-2023-3519). Sophos reports that the campaign involves payload injections and is assessed to be part of a ransomware attack chain, with evidence of numerous webshells deployed across compromised servers.","3"
"Information Technology::CloudNordic and AzeroCloud","CloudNordic and AzeroCloud","not publicly disclosed","Denmark","not publicly disclosed","not paying ransom","Systems shut down, recovery process ongoing but not smooth; some servers restored without data.","Majority of customer data lost, affecting several hundred Danish companies.","CloudNordic and AzeroCloud, Danish hosting providers, suffered a ransomware attack that resulted in the loss of most customer data and forced a complete shutdown of their systems. The firms have stated they will not pay the ransom and are working with security experts to assess the damage and recover data, but many customers have lost everything stored in the cloud.","2"
"Information Technology::LolekHosted","LolekHosted","2023-08-08","Poland","not publicly disclosed","not publicly disclosed","not publicly disclosed","not publicly disclosed","LolekHosted, a bulletproof hosting provider, was seized by law enforcement on August 8, 2023, for facilitating Netwalker ransomware attacks. Five administrators were arrested, and the service was used by cybercriminals to execute approximately 50 ransomware attacks globally. The operation was part of a coordinated effort by the FBI, IRS, and Europol.","4"
"Information Technology::TSMC (Taiwan Semiconductor Manufacturing Company)","TSMC (Taiwan Semiconductor Manufacturing Company)","","not publicly disclosed","not publicly disclosed","$70 million","not publicly disclosed","not publicly disclosed","The LockBit ransomware gang demanded $70 million from TSMC, claiming to have stolen sensitive data. TSMC denied being hacked, stating that the breach occurred at one of its IT hardware suppliers, Kinmax Technology, which experienced a cybersecurity incident leading to data exfiltration.","2"
"Information Technology::Zellis","Zellis","not publicly disclosed","UK","not publicly disclosed","not publicly disclosed","disconnected the server that utilizes MOVEit software and engaged an expert external security incident response team","not publicly disclosed","The Clop ransomware gang has claimed responsibility for the MOVEit Transfer data-theft attacks, exploiting a zero-day vulnerability to breach servers of hundreds of companies. Zellis, a UK payroll and HR solutions provider, confirmed it suffered a data breach due to these attacks, impacting some of its customers, while Aer Lingus and British Airways also reported being affected.","3"
"Information Technology::L3Harris","L3Harris","not publicly disclosed","not publicly disclosed","not publicly disclosed","not publicly disclosed","not publicly disclosed","not publicly disclosed","L3Harris, a defense company, was targeted by a ransomware operation named Abyss. The attack has drawn attention due to the company's significant size and the nature of the threat posed by the ransomware group.","2"
"Information Technology::Zimbra servers","Zimbra servers","March 2023","not publicly disclosed","not publicly disclosed","donation to a non-profit charity","not publicly disclosed","169 Zimbra configurations and data from three companies","MalasLocker ransomware targets Zimbra servers, encrypting emails and demanding donations to a charity instead of traditional ransom payments. The operation began in March 2023, with victims reporting encrypted files and unusual ransom notes requesting proof of charity donations for decryption.","2"
"Information Technology::ScanSource","ScanSource","2023-05-14","United States","not publicly disclosed","not publicly disclosed","The company is working diligently to bring affected systems back online, while also mitigating the impact on its business.","not publicly disclosed","ScanSource, a U.S.-based technology provider, confirmed it suffered a ransomware attack on May 14, 2023, impacting its systems and customer portals. The attack has caused significant operational disruptions, with delays expected in service provision to customers in North America and Brazil.","2"
"Information Technology::Constellation Software","Constellation Software","","Canada","not publicly disclosed","not publicly disclosed","The company contained the attack and has restored all impacted IT infrastructure systems.","A limited amount of personal information of individuals and business partner data was impacted.","Constellation Software confirmed a ransomware attack by the ALPHV gang, which involved the theft of over 1 TB of confidential data. The company stated that the incident was limited to a small number of systems and that they have restored the affected IT infrastructure. Business partners and individuals whose information was stolen are being contacted with further details.","2"
"Information Technology::Yellow Pages Canada","Yellow Pages Canada","April 24th 2023","Canada","not publicly disclosed","not publicly disclosed","not publicly disclosed","not publicly disclosed","Yellow Pages Canada has confirmed that it suffered a cyber attack attributed to the Black Basta ransomware group. The attack resulted in the leakage of data, although specific details about the data affected have not been disclosed.","2"
"Information Technology::PaperCut","PaperCut","April 13, 2023","not publicly disclosed","not publicly disclosed","not publicly disclosed","not publicly disclosed","not publicly disclosed","Microsoft has attributed recent attacks on PaperCut servers to the Clop and LockBit ransomware operations, which exploited vulnerabilities to steal corporate data. The Clop gang confirmed their involvement, stating they used the vulnerabilities for initial access rather than directly stealing documents from the server.","3"
"Information Technology::Yellow Pages Group","Yellow Pages Group","March 15, 2023","Canada","not publicly disclosed","not publicly disclosed","Substantially all of our services have now been restored.","sensitive documents including ID documents, tax documents, sales and purchase agreements, and financial spreadsheets","Yellow Pages Canada confirmed a cyber attack by the Black Basta ransomware group, which leaked sensitive customer and employee data. The attack is believed to have occurred on or after March 15, 2023, and the company is notifying impacted individuals and reporting to privacy authorities.","2"
"Information Technology::Fortra","Fortra","2023-01-18","not publicly disclosed","not publicly disclosed","not publicly disclosed","not publicly disclosed","data stolen from 130 companies","Fortra reported that the Clop ransomware gang exploited a zero-day vulnerability in the GoAnywhere MFT solution to steal data from over 130 companies. The exploitation occurred between January 18 and January 30, 2023, leading to unauthorized access and data breaches.","2"
"Information Technology::Action1 Corporation","Action1 Corporation","","not publicly disclosed","not publicly disclosed","not publicly disclosed","not publicly disclosed","not publicly disclosed","Action1 RMM software is being abused by threat actors in ransomware attacks, allowing them to gain persistence and execute commands on compromised networks. The software has been linked to multiple ransomware incidents, with tactics resembling those of the Monti group, which exploited the Log4Shell vulnerability.","2"
"Information Technology::MSI (Micro-Star International)","MSI (Micro-Star International)","","Taiwan","not publicly disclosed","$4,000,000","MSI's IT department has initiated information security defense mechanism and recovery procedures.","approximately 1.5TB of documents, including ERP databases, software source code, private keys, and BIOS firmware","MSI confirmed a security breach following claims of a ransomware attack by the Money Message gang, which has threatened to leak stolen files unless a ransom of $4 million is paid. The company reported that some of its information service systems were affected but stated that there has been no significant operational or financial impact.","2"
"Information Technology::VMware","VMware","","not publicly disclosed","not publicly disclosed","not publicly disclosed","not publicly disclosed","over 2,400 servers affected; .vmxf, .vmx, .vmdk, .vmsd, and .nvra files encrypted","VMware has issued a warning regarding a large-scale ransomware campaign targeting unpatched ESXi servers, specifically exploiting the OpenSLP service. The ransomware, known as ESXiArgs, encrypts various file types on compromised servers, affecting thousands of targets worldwide.","2"
"Information Technology::VMware ESXi servers","VMware ESXi servers","not publicly disclosed","not publicly disclosed","$88,000","four ransom payments","not publicly disclosed","not publicly disclosed","A massive ransomware attack targeting VMware ESXi servers has been reported, exploiting a known vulnerability (CVE-2021-21974). Approximately 2,400 devices were compromised, with only four ransom payments totaling $88,000 made, likely due to available recovery resources for affected admins.","4"
"Information Technology::Avast","Avast","","not publicly disclosed","not publicly disclosed","not publicly disclosed","not publicly disclosed","not publicly disclosed","Avast has released a free decryptor for the BianLian ransomware strain, allowing victims to recover locked files without paying the hackers. The decryptor is designed to assist those affected by known variants of the ransomware, which encrypts files and threatens to publish private data if demands are not met.","3"
"Information Technology::Heilbronn Stimme","Heilbronn Stimme","","Germany","not publicly disclosed","not publicly disclosed","Printing systems were crippled, leading to emergency editions being printed via a third party. Communication via phone and email was offline during the weekend.","not publicly disclosed","A ransomware attack on Heilbronn Stimme disrupted the printing systems of the newspaper and its parent media group, Stimme Mediengruppe. The attack led to the publication of an emergency six-page edition and the lifting of the paywall on their website due to circulation issues. The media group is collaborating with police and cybersecurity experts to resolve the situation.","2"
"Information Technology::QNAP and Asustor NAS device users","QNAP and Asustor NAS device users","not publicly disclosed","Netherlands","not publicly disclosed","0.03 bitcoin","not publicly disclosed","not publicly disclosed","The Dutch National Police, in collaboration with Responders.NU, successfully tricked the DeadBolt ransomware gang into providing 155 decryption keys by faking ransom payments. This operation allowed victims of the DeadBolt ransomware to recover their files without incurring costs, as the police managed to cancel the transactions before they were confirmed on the Bitcoin blockchain.","2"
"Information Technology::QNAP and Asustor Network Attached Storage (NAS) device users","QNAP and Asustor Network Attached Storage (NAS) device users","not publicly disclosed","Netherlands","not publicly disclosed","0.03 bitcoin","not publicly disclosed","not publicly disclosed","The Dutch National Police, in collaboration with Responders.NU, successfully tricked the DeadBolt ransomware gang into providing 155 decryption keys by faking ransom payments. This operation allowed victims of the DeadBolt ransomware to recover their files without incurring costs, as the police managed to cancel the transactions before they were confirmed on the Bitcoin blockchain.","2"
"Information Technology::Microsoft Exchange servers","Microsoft Exchange servers","July 2022","not publicly disclosed","not publicly disclosed","not publicly disclosed","not publicly disclosed","1.3 TB of data stolen","Microsoft Exchange servers were hacked to deploy LockBit ransomware, utilizing a previously deployed web shell to escalate privileges and encrypt network systems. The attackers stole approximately 1.3 TB of data within a week of gaining access to the Active Directory admin account.","4"
"Information Technology::ADATA","ADATA","","Taiwan","not publicly disclosed","not publicly disclosed","not publicly disclosed","1TB of documents claimed stolen, originally from a May 2021 RagnarLocker ransomware attack","ADATA denies a recent cyberattack by RansomHouse, asserting that the leaked data is from a 2021 breach. RansomHouse claims to have stolen 1TB of documents in a 2022 attack, but ADATA states that no successful attacks have occurred since their 2021 incident.","3"
"Information Technology::TargetCompany","TargetCompany","","not publicly disclosed","not publicly disclosed","not publicly disclosed","not publicly disclosed","not publicly disclosed","TargetCompany has been targeted by the FARGO ransomware, which specifically focuses on Microsoft SQL servers. The ransomware encrypts files and threatens to leak stolen data unless a ransom is paid, exploiting vulnerabilities and weak credentials in database management systems.","3"
"Information Technology::QNAP Systems, Inc.","QNAP Systems, Inc.","not publicly disclosed","not publicly disclosed","not publicly disclosed","just over a thousand USD","not publicly disclosed","not publicly disclosed","QNAP Systems, Inc. is facing ongoing DeadBolt ransomware attacks that exploit a zero-day vulnerability in Photo Station. The company has released patches to address the security flaw, but attacks continue to affect NAS devices directly connected to the Internet.","2"
"Information Technology::Baker & Taylor","Baker & Taylor","August 23, 2022","United States","not publicly disclosed","not publicly disclosed","Systems were down for more than a week as technical teams worked on restoring impacted servers.","not publicly disclosed","Baker & Taylor, a leading library services firm, confirmed it was hit by a ransomware attack that disrupted its business-critical systems. The company is actively working to restore its systems after the attack, which occurred over the weekend prior to August 23, 2022.","2"
"Information Technology::Entrust","Entrust","June 18","not publicly disclosed","not publicly disclosed","not publicly disclosed","not publicly disclosed","343GB of files stolen","Entrust suffered a data breach on June 18, where LockBit ransomware gang stole data and threatened to leak it. Although Entrust did not pay the ransom, LockBit announced plans to publish the stolen data, which they later did on August 27, despite facing a DDoS attack that temporarily hindered their operations.","3"
"Information Technology::Bandai Namco","Bandai Namco","July 3, 2022","Japan","not publicly disclosed","not publicly disclosed","not publicly disclosed","not publicly disclosed","Bandai Namco confirmed a cyberattack on July 3, 2022, which may have resulted in the theft of customer personal data. The BlackCat ransomware group claimed responsibility for the breach, indicating that corporate data was stolen during the attack.","2"
"Information Technology::QNAP","QNAP","not publicly disclosed","not publicly disclosed","$15,000","$15,000 worth of bitcoins","not publicly disclosed","not publicly disclosed","QNAP has warned customers about a new ransomware strain called Checkmate that targets NAS devices. The ransomware encrypts files and demands a ransom of $15,000 in bitcoins for decryption. The attacks exploit weak passwords and SMB services exposed to the internet, prompting QNAP to advise users to secure their devices and use strong passwords.","2"
"Information Technology::Macmillan","Macmillan","not publicly disclosed","not publicly disclosed","not publicly disclosed","not publicly disclosed","forced to shut down their network and offices while recovering from a security incident","not publicly disclosed","Macmillan, a publishing giant, was forced to shut down their network and offices due to a likely ransomware attack. The incident appears to be linked to the LockBit ransomware group, which has been active in targeting various organizations.","2"
"Information Technology::Atlassian Confluence users","Atlassian Confluence users","","not publicly disclosed","not publicly disclosed","not publicly disclosed","not publicly disclosed","not publicly disclosed","AvosLocker and Cerber2021 ransomware gangs are exploiting a recently patched vulnerability in Atlassian Confluence servers to gain unauthorized access and deploy ransomware. Multiple organizations worldwide have been targeted, leading to significant security concerns and calls for immediate patching of the affected systems.","6"
"Information Technology::Mandiant","Mandiant","June 6, 2022","not publicly disclosed","not publicly disclosed","not publicly disclosed","not publicly disclosed","356,841 files claimed to be stolen, specific data types not disclosed","LockBit ransomware gang claimed to have hacked Mandiant and stolen 356,841 files, threatening to leak them online. Mandiant stated there is no evidence supporting these claims and is investigating the situation.","2"
"Information Technology::Nikkei","Nikkei","2022-05-13","Singapore","not publicly disclosed","not publicly disclosed","not publicly disclosed","not publicly disclosed","Nikkei's Singapore branch suffered a ransomware attack on May 13, 2022, attributed to the Conti ransomware gang. This incident is part of a broader trend of ransomware attacks affecting various organizations globally.","2"
"Information Technology::Nikkei Group Asia","Nikkei Group Asia","2022-05-13","Singapore","not publicly disclosed","not publicly disclosed","Nikkei Group Asia immediately shut down the affected server and took other measures to minimize the impact.","The affected server likely contained customer data, but no evidence of a data leak has been found so far.","Nikkei's Asian unit was hit by a ransomware attack on May 13, 2022, prompting an internal investigation. The company shut down the affected server and is currently assessing the nature and scope of the attack, including whether customer data was accessed.","2"
"Information Technology::EKZ","EKZ","April 18, 2022","Germany","not publicly disclosed","not publicly disclosed","Most systems have been restored, but invoice issuing and order processing are still impacted by delays.","not publicly disclosed","Onleihe, an online library app, faced issues after a cyberattack targeted its service provider EKZ on April 18, 2022. The attack led to system failures and data leaks, with LockBit 2.0 claiming responsibility. The incident affected various media formats, causing streaming errors and incomplete e-book files for users.","2"
"Information Technology::Onleihe","Onleihe","April 18, 2022","Germany","not publicly disclosed","not publicly disclosed","Most systems have been restored, but invoice issuing and order processing are still impacted by delays.","not publicly disclosed","Onleihe faced significant issues after a cyberattack on its service provider EKZ, which occurred on April 18, 2022. The attack led to system failures that affected the lending of various media formats, including eBooks, audiobooks, and videos, with many files requiring re-encryption and re-uploading. The LockBit 2.0 group claimed responsibility for the attack and subsequently leaked data allegedly stolen from EKZ.","2"
"Manufacturing::Norsk Hydro","Norsk Hydro","2019-03-18","Norway","Total financial impact reached approximately $70-75 million, per Norsk Hydro's own quarterly financial disclosures; initial Q1 2019 losses were estimated at $35-41 million with additional Q2 losses of $23-29 million.","Ransom amount not publicly disclosed by attackers in a fixed figure; Norsk Hydro refused to pay the ransom entirely and rebuilt systems from backups instead.","Several aluminum extrusion plants were forced to switch to manual operations for an extended period; full IT recovery took multiple weeks, with the company reporting it was still not at 100% normal operations several weeks after the attack. Microsoft's incident response team was brought in to assist recovery.","Primarily an availability/encryption event rather than a large-scale data-exfiltration/extortion case (LockerGoga predates widespread double-extortion); no large trove of stolen customer data was reported leaked.","One of the most consequential OT-impacting ransomware attacks in manufacturing history; the global aluminum producer was forced into manual/paper-based operations across dozens of plants after LockerGoga encrypted IT systems that also touched production processes. Norsk Hydro refused to pay the ransom and publicly disclosed the incident in near-real time, becoming a widely cited case study in transparent incident response.","4"
"Manufacturing::Honda Motor Co.","Honda Motor Co.","2020-06-07","Japan (global operations affected)","Not publicly disclosed as a specific dollar figure by Honda; industry analyses characterize the loss as significant given multi-day, multi-plant global production stoppage but no official cost figure was released.","Not publicly disclosed; no confirmed ransom payment reported.","Production and sales of cars, motorcycles, and power/marine products was suspended at plants across multiple countries for several days before systems were restored; exact recovery timeline varied by site.","Primarily an OT/production-availability event; no large confirmed customer data leak was publicly reported in connection with this specific 2020 incident.","EKANS ransomware, one of the first ransomware strains purpose-built to target ICS/OT process-control software, hit Honda's internal network, forcing production and sales halts at multiple plants worldwide (Japan, US, UK, Turkey, Brazil, India, and elsewhere). Likely initial access was via an exposed RDP connection.","3"
"Manufacturing::Foxconn (CTBG MX plant, Ciudad Juárez)","Foxconn (CTBG MX plant, Ciudad Juárez)","2020-11-29","Mexico","Not publicly disclosed as an official incident-cost figure by Foxconn; the destruction of 20-30 TB of backup data materially increased recovery cost and complexity beyond the ransom figure itself.","DoppelPaymer demanded 1,804.0955 BTC, reported at the time as approximately $34 million (some sources cite ~$32.97 million); Foxconn did not pay, and stolen data was later published on the dark web.","Foxconn confirmed the ransomware disrupted production operations at the affected Mexico facility; precise recovery timeline in days not independently confirmed in public reporting beyond confirmation that normal operations were eventually restored.","Approximately 100 GB of unencrypted files were stolen prior to encryption (double-extortion); 20-30 TB of backup data was deliberately deleted by the attackers to hamper recovery.","Electronics-manufacturing giant Foxconn's Mexico facility was hit over the Thanksgiving 2020 weekend; attackers encrypted roughly 1,200 servers, exfiltrated data, and destroyed a large volume of backups before demanding a very large ransom.","3"
"Manufacturing::Volvo Car Corporation","Volvo Car Corporation","2021-11-30","Sweden","Not publicly disclosed; Volvo did not report a specific financial cost figure for the incident.","Not publicly disclosed; no confirmed ransom demand amount or payment reported. Volvo stated it maintained control of its data and did not indicate paying any ransom.","No significant production/operational downtime was publicly reported; this was primarily a data-theft/extortion event rather than an OT-disruptive encryption event.","Snatch leaked approximately 35.6 MB of sample stolen R&D files as proof of the larger theft; Volvo stated it saw no indication of impact to customer safety, vehicle security, or personal customer data.","The Snatch ransomware/extortion group claimed to have breached a Volvo Cars file repository and stole a portion of the automaker's proprietary R&D data, leaking sample files as proof. Volvo disputed being a 'victim of ransomware' per se, framing it as unauthorized third-party access to one file server, but confirmed R&D data theft.","3"
"Manufacturing::Bridgestone Americas","Bridgestone Americas","2022-02-27","United States (Latin America/North America plants affected)","Not publicly disclosed as an official total-cost figure; Bridgestone engaged Accenture Security for incident response, adding external forensic/recovery costs on top of ~10 days of idled production across ~30 plants.","Specific ransom demand amount not publicly disclosed; Bridgestone did not confirm payment, and LockBit proceeded to leak stolen data after the deadline passed.","Approximately 30 plants across North America and Latin America were shut down for about 10 days; all plants had resumed normal operations by March 9, 2022.","Business records were accessed and stolen, including files containing Social Security numbers, bank information, and other sensitive data belonging to some customers.","The tire and rubber manufacturer detected a security incident in late February 2022; LockBit 2.0 claimed responsibility on March 11, 2022, and threatened to publicly release stolen business and customer data unless a ransom was paid. Bridgestone proactively disconnected manufacturing and retreading facilities across North and Latin America to contain the incident.","4"
"Manufacturing::Continental AG","Continental AG","2022-08 (attack disclosed); extortion escalated Nov-Dec 2022","Germany","Not publicly disclosed as an official incident-cost figure by Continental beyond confirming systems access occurred; no confirmed operational-loss figure released.","LockBit publicly listed the stolen data for sale at $50 million on November 9, 2022, reduced to $40 million by November 29, 2022; negotiation transcripts published by LockBit show discussions beginning September 23, 2022, but Continental has stated it aborted contact with the group rather than paying.","No major manufacturing/plant downtime was publicly reported; this was chiefly a data-exfiltration/extortion event rather than an OT-encryption event.","Attackers claimed to have stolen roughly 40 terabytes of internal files (some early reports mis-stated this as 40 GB), including technical documents and source code, based on screenshots published on the leak site.","The German automotive-parts giant was breached via an employee's browser download; LockBit gained access to internal systems and, after negotiations broke down, publicly offered the stolen dataset for sale on its leak site for a headline figure of $50 million (later reduced to $40 million).","4"
"Manufacturing::Yamaha Motor Philippines, Inc.","Yamaha Motor Philippines, Inc.","2023-10-25","Philippines","Not publicly disclosed.","Not publicly disclosed.","Yamaha stood up a countermeasures team and launched an investigation; no specific downtime duration was publicly disclosed, and the impact was described as limited to one server.","Approximately 37 GB of allegedly stolen data was published, including employee ID information, backup files, and corporate/sales information; partial leakage of employees' personal information was confirmed by Yamaha.","A single server managed by Yamaha's Philippines motorcycle-manufacturing/sales subsidiary was breached and hit with ransomware; INC Ransom added the company to its leak site roughly three weeks later and published stolen employee and corporate data.","3"
"Manufacturing::Nissan Australia (Nissan Oceania)","Nissan Australia (Nissan Oceania)","2023-12-05","Australia (and New Zealand)","Not publicly disclosed as an official cost figure by Nissan.","Specific dollar ransom demand not publicly disclosed; negotiations with Nissan reportedly failed and the company did not pay, after which Akira threatened to leak the data.","No major production-line/OT downtime was publicly reported; primarily a data-breach/extortion event rather than an operational-disruption event.","Approximately 100 GB of documents stolen, affecting an estimated 100,000 individuals; exposed data included around 4,000 Medicare card numbers, 7,500 driver's license numbers, 220 passport numbers, and 1,300 tax file numbers, alongside employee personal information, NDAs, and partner/client details.","Nissan detected an intrusion into its Australian division's network in December 2023; the Akira ransomware gang claimed responsibility and, after negotiations reportedly failed, threatened to leak stolen business and personal data. Nissan confirmed in 2024 that the breach affected roughly 100,000 individuals across Australia and New Zealand, including customers, dealers, and current/former employees.","4"
"Manufacturing::MKS Instruments, Inc.","MKS Instruments, Inc.","February 3, 2023","USA","not publicly disclosed","not publicly disclosed","Global operations restored following ransomware incident","not publicly disclosed","MKS Instruments, Inc. experienced a ransomware incident identified on February 3, 2023, which disrupted their operations. The company reported that they have restored global operations and are on track to recover revenue by the end of the second quarter of 2023.","2"
"Manufacturing::Gates Industrial Corporation plc","Gates Industrial Corporation plc","2023-02-11","United States","not publicly disclosed","not publicly disclosed","The attack resulted in the temporary inability of most facilities to produce and ship products. Production and shipping have been restored at some facilities, with full restoration expected in the coming days.","It is possible that personally identifiable information (PII) was accessed, but the extent is not yet determined.","On February 11, 2023, Gates Industrial Corporation plc reported being the target of a ransomware attack. The company activated its incident response plans and engaged cybersecurity experts to assess and remediate the situation, which temporarily disrupted production and shipping operations.","2"
"Manufacturing::Tecogen Inc.","Tecogen Inc.","2023-04-28","United States","not publicly disclosed","not publicly disclosed","The Company's network was fully operational on May 1, 2023, after restoring files from the previous evening's back-up.","not publicly disclosed","Tecogen Inc. experienced a ransomware attack on April 28, 2023, which was identified as a spear phishing attack targeting the company's VPN. The company took immediate action to limit access, investigate the threat, and restore affected files, successfully returning to full operational status by May 1, 2023.","2"
"Manufacturing::Ultralife Corporation","Ultralife Corporation","2023-01-25","United States","not publicly disclosed","not applicable","approximately two weeks of production and shipping downtime; systems have been restored and production resumed","not publicly disclosed","Ultralife Corporation experienced an unauthorized entry into its IT systems, leading to a partial disruption of operations at its Newark and Virginia Beach locations. The company engaged external incident response professionals and did not pay any ransom, as they restored their systems and resumed production.","2"
"Manufacturing::Hillman Solutions Corp.","Hillman Solutions Corp.","May 2023","United States","not publicly disclosed","not publicly disclosed","not publicly disclosed","not publicly disclosed","Hillman Solutions Corp. experienced a ransomware attack in May 2023, which resulted in direct and indirect costs associated with the incident. The company is also expecting insurance receivables related to this cybersecurity incident.","2"
"Manufacturing::PGT Innovations, Inc.","PGT Innovations, Inc.","not publicly disclosed","USA","not publicly disclosed","not publicly disclosed","not publicly disclosed","not publicly disclosed","PGT Innovations, Inc. reported that their fourth quarter financial results were impacted by a ransomware incident, which affected their ability to expand gross margin. The incident, along with Hurricane Ian, resulted in a revenue impact of approximately $15 million.","2"
"Manufacturing::HanesBrands Inc.","HanesBrands Inc.","May 31, 2022","United States","not publicly disclosed","not publicly disclosed","not publicly disclosed","not publicly disclosed","HanesBrands Inc. announced that it experienced a ransomware attack on May 31, 2022. The incident raised concerns regarding the adequacy and security of their information technology systems.","2"
"Manufacturing::Sensata Technologies Holding plc","Sensata Technologies Holding plc","2025-04-06","United States","not publicly disclosed","not publicly disclosed","The incident has temporarily impacted operations, including shipping, receiving, and manufacturing production. The timeline for full restoration is not yet known.","Files were taken from the Company’s environment; specific records or individuals affected are not disclosed.","On April 6, 2025, Sensata Technologies experienced a ransomware incident that encrypted devices in its network. The company activated response protocols, took its network offline, and is investigating the incident with third-party cybersecurity professionals.","2"
"Manufacturing::The Coca-Cola Company","The Coca-Cola Company","2026-07-16","United States","not publicly disclosed","not publicly disclosed","Production operations at fairlife in the United States are temporarily suspended; investigation and restoration efforts are ongoing.","not publicly disclosed","On July 16, 2026, The Coca-Cola Company announced that its subsidiary fairlife, LLC experienced unauthorized access to its systems due to a ransomware event. The company activated its incident response protocols and is investigating the impact, with production operations in the U.S. temporarily suspended.","2"
"Manufacturing::Mueller Water Products, Inc.","Mueller Water Products, Inc.","2023-10-28","United States","not publicly disclosed","not publicly disclosed","The Company has largely restored the impacted applications and systems and continues to execute business continuity and restoration plans for the remaining impacted applications and systems.","not publicly disclosed","Mueller Water Products, Inc. experienced a cybersecurity incident involving unauthorized access and deployment of ransomware, which disrupted access to business applications and limited the ability to take orders and ship products. The company has contained the incident and is in the process of restoring operations and verifying data.","2"
"Manufacturing::Johnson Controls International","Johnson Controls International","September 23, 2023","Ireland","$27 million","$51 million","The attack forced the firm to shut down large portions of its IT infrastructure, affecting customer-facing systems.","over 27 TB of confidential data stolen","Johnson Controls International confirmed that a ransomware attack in September 2023 cost the company $27 million and resulted in a data breach. The Dark Angels ransomware gang was responsible for the attack, which involved unauthorized access, data exfiltration, and deployment of ransomware, leading to significant service disruptions.","3"
"Manufacturing::Hillman Group","Hillman Group","May 2023","not publicly disclosed","not publicly disclosed","not publicly disclosed","not publicly disclosed","not publicly disclosed","Hillman Group experienced a ransomware attack in May 2023, which has had direct and indirect costs associated with the incident. The company has mentioned the receipt of expected insurance receivables related to this cybersecurity incident.","2"
"Manufacturing::Coca-Cola Company (Fairlife subsidiary)","Coca-Cola Company (Fairlife subsidiary)","July 16, 2023","not publicly disclosed","not publicly disclosed","not publicly disclosed","Most production in the U.S. has been resumed; temporary suspension of production operations occurred.","One terabyte of files allegedly stolen; specific records/people affected not disclosed.","Coca-Cola confirmed a ransomware attack on its dairy subsidiary, Fairlife, resulting in data theft and disruption of production operations. The Anubis ransomware gang claimed responsibility, threatening to leak stolen data unless a ransom was paid. The company reported the incident to authorities and resumed most production operations shortly after the attack.","2"
"Manufacturing::Coca-Cola Fairlife","Coca-Cola Fairlife","July 16, 2023","United States","not publicly disclosed","not publicly disclosed","Production at U.S. facilities was suspended due to the attack.","Approximately 1 terabyte of corporate data claimed to be stolen.","The Anubis ransomware gang claimed responsibility for a cyberattack on Coca-Cola's Fairlife subsidiary, threatening to leak stolen corporate data unless a ransom is paid. The attack disrupted Fairlife's operations, leading to a suspension of production at its U.S. facilities, although Canadian operations continued normally.","2"
"Manufacturing::Coca-Cola Company","Coca-Cola Company","","United States","not publicly disclosed","not publicly disclosed","Production at Fairlife's U.S. facilities has been temporarily suspended while the company responds to the incident and restores impacted systems.","not publicly disclosed","Coca-Cola's Fairlife dairy subsidiary experienced a ransomware attack that disrupted operations and temporarily halted production of Fairlife products across the United States. The company activated its incident response protocols and is investigating the impact of the incident, but has not disclosed whether any data was stolen or if an extortion demand was made.","3"
"Manufacturing::Nidec Corporation","Nidec Corporation","2026-06-22","Japan","not publicly disclosed","$2 million","Emergency measures, including shutting down the affected server and network, were taken to prevent the spread of the damage.","not publicly disclosed","Nidec Corporation, a large Japanese manufacturer, was targeted by the Blackfield ransomware gang, which demanded a $2 million ransom. The attack compromised the company's Taiwanese subsidiary, leading to emergency measures to contain the damage and a potential information leak, although no personal or confidential information has been confirmed leaked online.","2"
"Manufacturing::West Pharmaceutical Services, Inc.","West Pharmaceutical Services, Inc.","May 4, 2026","not publicly disclosed","not publicly disclosed","not publicly disclosed","Manufacturing has been partially restarted; complete restoration of all systems has not yet been achieved.","not publicly disclosed","West Pharmaceutical Services experienced a cyberattack that involved data exfiltration and system encryption. The incident was detected on May 4, 2026, prompting the company to activate its incident response protocols and take systems offline globally. An investigation is ongoing to determine the full scope of the attack and the data affected.","2"
"Manufacturing::Foxconn","Foxconn","","not publicly disclosed","not publicly disclosed","not publicly disclosed","The affected factories are currently resuming normal production.","8 TB of data and more than 11 million documents stolen, including confidential instructions, projects, and drawings from major tech companies.","Foxconn confirmed a cyberattack by the Nitrogen ransomware gang, which claimed to have stolen 8 TB of data. The attack affected some of Foxconn's North American factories, prompting the company to activate its cybersecurity response and implement measures to ensure production continuity.","2"
"Manufacturing::AkzoNobel","AkzoNobel","","United States","not publicly disclosed","not publicly disclosed","not publicly disclosed","170GB of data, almost 170,000 files including confidential agreements, email addresses, phone numbers, private email correspondence, passport scans, material testing documents, and internal technical specification sheets","AkzoNobel confirmed a cyberattack at one of its U.S. sites, where the Anubis ransomware gang leaked data after breaching the network. The company stated that the incident has been contained and the impact is limited, while the leaked data includes sensitive information such as client agreements and personal details.","2"
"Manufacturing::Sensata Technologies","Sensata Technologies","April 6, 2023","not publicly disclosed","not publicly disclosed","not publicly disclosed","temporarily impacted operations, including shipping, receiving, manufacturing production, and various other support functions","data theft confirmed, specific files stolen not yet determined","Sensata Technologies suffered a ransomware attack that encrypted parts of its network and disrupted operations. The attack involved data theft, and the company is currently investigating the extent of the stolen data while taking steps to restore impacted functions.","2"
"Manufacturing::WK Kellogg Co","WK Kellogg Co","February 27, 2025","United States","not publicly disclosed","not publicly disclosed","not publicly disclosed","not publicly disclosed","WK Kellogg Co disclosed a data breach linked to the Clop ransomware gang, revealing that company data was stolen during the Cleo data theft attacks. The breach involved unauthorized access to servers hosting employee files, with exposed data including names and social security numbers.","2"
"Manufacturing::Unimicron Technology","Unimicron Technology","January 30, 2024","Taiwan","not publicly disclosed","not publicly disclosed","not publicly disclosed","377 GB of SQL files and documents","Sarcoma ransomware has claimed a breach at Unimicron, a major PCB manufacturer in Taiwan, threatening to leak stolen data unless a ransom is paid. The attack, which occurred on January 30, 2024, has resulted in the exfiltration of significant data, although Unimicron has not confirmed a data breach.","2"
"Manufacturing::Mizuno USA","Mizuno USA","2024-10-29","USA","not publicly disclosed","not publicly disclosed","not publicly disclosed","not disclosed","Mizuno USA confirmed that unknown attackers stole files from its network between August and October 2024, including personal information of individuals. The BianLian ransomware gang claimed responsibility for the attack, stating they had stolen sensitive business and customer data.","2"
"Manufacturing::Casio","Casio","October 5, 2024","Japan","not publicly disclosed","not publicly disclosed","Most services have returned to normal operational status, though some services have not been recovered yet.","8,500 individuals affected; includes personal data of employees (6,456), business partners (1,931), and customers (91).","Casio experienced a ransomware attack on October 5, 2024, which exposed the personal data of approximately 8,500 individuals, primarily employees and business partners. The Underground ransomware gang claimed responsibility and threatened to disclose sensitive documents unless a ransom was paid, but Casio did not negotiate with the attackers and confirmed that no customer credit card information was compromised.","2"
"Manufacturing::Stoli Group","Stoli Group","August 2024","United States","not publicly disclosed","not publicly disclosed","Full recovery not expected until early 2025","not publicly disclosed","Stoli Group's U.S. companies filed for bankruptcy following a ransomware attack in August 2024 that severely disrupted their IT systems, including their ERP platform. The attack forced manual operations across the group, affecting key processes such as accounting and preventing the subsidiaries from providing financial reports to lenders.","2"
"Manufacturing::Kawasaki Motors Europe","Kawasaki Motors Europe","September 5, 2024","not publicly disclosed","not publicly disclosed","not publicly disclosed","KME estimates that by the start of next week, 90% of its server infrastructure will have been restored.","487 GB of data stolen; unclear if customer data is included.","Kawasaki Motors Europe experienced a cyberattack attributed to the RansomHub ransomware gang, which threatened to leak 487 GB of stolen data. The company is currently recovering from the attack, having isolated its servers and collaborating with cybersecurity experts to cleanse its systems.","2"
"Manufacturing::Microchip Technology Incorporated","Microchip Technology Incorporated","August 17, 2023","United States","not publicly disclosed","not publicly disclosed","Operations at multiple manufacturing facilities were affected, but systems are now back online and operations are substantially restored.","Employee contact information and some encrypted and hashed passwords; no customer or supplier data identified as obtained.","Microchip Technology confirmed that employee information was stolen in a cyberattack attributed to the Play ransomware gang. The attack, which occurred on August 17, impacted operations at multiple manufacturing facilities, but the company has since restored its IT systems and resumed processing customer orders.","2"
"Manufacturing::Keytronic","Keytronic","May 6, 2023","United States","over $17 million","not publicly disclosed","shut down domestic and Mexico operations for two weeks","not publicly disclosed","Keytronic, an electronic manufacturing services provider, reported losses exceeding $17 million due to a ransomware attack detected on May 6, 2023. The attack, attributed to the Black Basta ransomware gang, resulted in the theft of personal information and significant operational disruptions at its facilities in the U.S. and Mexico.","2"
"Manufacturing::North American engineering firm","North American engineering firm","","not publicly disclosed","not publicly disclosed","not publicly disclosed","not publicly disclosed","not publicly disclosed","Ransomware gangs are exploiting a VMware ESXi authentication bypass vulnerability (CVE-2024-37085) to escalate privileges and deploy ransomware, including Black Basta. The vulnerability allows attackers to gain full administrative access to ESXi hypervisors, enabling them to steal sensitive data and encrypt the hypervisor's file system. The Storm-0506 group has been identified as deploying Black Basta ransomware in attacks on a North American engineering firm after exploiting this vulnerability.","3"
"Manufacturing::Northern Minerals","Northern Minerals","March 2024","Australia","not publicly disclosed","not publicly disclosed","not publicly disclosed","not publicly disclosed","Northern Minerals, an Australian mining company, disclosed a cybersecurity breach where data was stolen and published on the dark web. The BianLian ransomware group claimed responsibility for the attack, which involved the exfiltration of corporate, operational, and financial information, as well as personal data of employees and shareholders.","3"
"Manufacturing::OmniVision","OmniVision","2023","USA","not publicly disclosed","not publicly disclosed","not publicly disclosed","not publicly disclosed","OmniVision, a California-based imaging sensors manufacturer, suffered a ransomware attack by the Cactus group in 2023, resulting in the encryption of certain systems and a data breach. The attackers stole personal information and leaked various sensitive documents, but ultimately released all data they held for free.","2"
"Manufacturing::Nexperia","Nexperia","March 2024","Netherlands","not publicly disclosed","not publicly disclosed","Nexperia shut down IT systems and launched an investigation to determine the scope of impact.","1 TB of confidential data, including 371 GB of design and product data, 246 GB of engineering data, 96 GB of commercial and marketing data, 41.5 GB of corporate data, 109 GB of client and user data, and 121.1 GB of various files.","Nexperia confirmed a data breach after the Dark Angels ransomware gang leaked samples of allegedly stolen data. The hackers claimed to have stolen 1 TB of confidential information and threatened to leak more if a ransom was not paid. The company has taken steps to contain the incident and is investigating the breach with third-party experts.","2"
"Manufacturing::Hoya Corporation","Hoya Corporation","","Japan","not publicly disclosed","$10 million","Production and order processing impacted; IT outages experienced in several business divisions.","1.7 million stolen files, amounting to 2 TB of data.","Hoya Corporation was targeted by the Hunters International ransomware group, which demanded a $10 million ransom to prevent the release of stolen files. The cyberattack affected production and order processing, leading to IT outages across several divisions, while the company investigates the potential exfiltration of sensitive information.","3"
"Manufacturing::Nissan","Nissan","December 2023","Australia and New Zealand","not publicly disclosed","not publicly disclosed","not publicly disclosed","100,000 individuals affected; includes personal employee information, NDAs, project data, and information on partners and clients; compromised government IDs include approximately 4,000 Medicare cards, 7,500 driver's licenses, 220 passports, and 1,300 tax file numbers","Nissan Oceania confirmed a ransomware attack by the Akira group that exposed data of approximately 100,000 individuals. The stolen data includes personal information of current and former employees, as well as customers, with a significant portion of government identification compromised. Akira has leaked the stolen data on the dark web, prompting Nissan to offer support services to affected individuals.","2"
"Manufacturing::Duvel Moortgat Brewery","Duvel Moortgat Brewery","","Belgium","not publicly disclosed","not publicly disclosed","Production was immediately stopped; it is not yet known when it could restart, but they hope to restart today or tomorrow.","88 GB of data stolen; specific records or people affected not disclosed.","Duvel Moortgat Brewery experienced a ransomware attack that halted beer production in its bottling facilities. The Stormous ransomware group claimed responsibility, stating they hold 88 GB of stolen data and threatened to leak it if a ransom isn't paid by March 25, 2024. Despite the attack, the brewery has enough stock to maintain distribution.","2"
"Manufacturing::Hyundai Motor Europe","Hyundai Motor Europe","not publicly disclosed","Germany","not publicly disclosed","not publicly disclosed","not publicly disclosed","3 terabytes of corporate data, including legal, sales, human resources, accounting, IT, and management data","Hyundai Motor Europe suffered a ransomware attack by the Black Basta group, which claimed to have stolen three terabytes of corporate data. The company initially reported IT issues but later confirmed the cyberattack and is investigating the unauthorized access to its network.","2"
"Manufacturing::Nissan Australia","Nissan Australia","not publicly disclosed","Australia","not publicly disclosed","not publicly disclosed","not publicly disclosed","not publicly disclosed","Nissan Australia is investigating a cyberattack that targeted its systems, potentially allowing hackers to access personal information. The attack has been claimed by the Akira ransomware gang.","2"
"Manufacturing::Austal USA","Austal USA","","Australia","not publicly disclosed","not publicly disclosed","no impact on operations","not publicly disclosed","Austal USA, a shipbuilding contractor for the U.S. Department of Defense, confirmed a cyberattack by the Hunters International group, which leaked some information as proof of the breach. The company is investigating the incident and has stated that no personal or classified information was accessed or taken by the threat actor.","2"
"Manufacturing::Yanfeng","Yanfeng","not publicly disclosed","not publicly disclosed","not publicly disclosed","ranging from $25,000 to millions of dollars","not publicly disclosed","not publicly disclosed","The Qilin ransomware gang has developed a sophisticated Linux encryptor targeting VMware ESXi servers, allowing extensive customization for file encryption. The gang employs a double-extortion strategy, stealing data before encrypting files and demanding ransom from victims, including a recent attack on auto-parts giant Yanfeng.","2"
"Manufacturing::Yanfeng Automotive Interiors","Yanfeng Automotive Interiors","","China","not publicly disclosed","not publicly disclosed","The main website was inaccessible until yesterday, when it returned online without any statements regarding the outage.","multiple samples of financial documents, non-disclosure agreements, quotation files, technical data sheets, and internal reports","The Qilin ransomware group claimed responsibility for a cyber attack on Yanfeng Automotive Interiors, a major automotive parts supplier. They threatened to release sensitive data unless a ransom is paid, impacting production at Stellantis due to the disruption caused by the attack.","2"
"Manufacturing::Boeing","Boeing","October 2023","not publicly disclosed","not publicly disclosed","not publicly disclosed","not publicly disclosed","43GB of data stolen","Boeing was targeted by the LockBit ransomware gang, which exploited the Citrix Bleed vulnerability to gain access to its network. After refusing to pay the ransom, 43GB of data was leaked on the dark web. The incident highlights the ongoing threat posed by the exploitation of this vulnerability.","4"
"Manufacturing::Kyocera AVX Components Corporation","Kyocera AVX Components Corporation","2023-03-30","USA","not publicly disclosed","not publicly disclosed","temporary disruption of certain services","39,111 individuals affected; personal information including full names and Social Security Numbers (SSNs)","Kyocera AVX Components Corporation experienced a ransomware attack that impacted 39,111 individuals, exposing personal information. The attack was claimed by the LockBit ransomware gang, which published samples of the stolen data on their extortion portal, including sensitive documents and technical designs.","2"
"Manufacturing::Seiko","Seiko","July 28, 2023","Japan","not publicly disclosed","not publicly disclosed","not publicly disclosed","60,000 items of personal data including names, addresses, telephone numbers, email addresses, and employment information","Seiko confirmed it suffered a ransomware attack by the Black Cat gang, leading to a data breach that exposed sensitive customer, partner, and personnel information. The investigation revealed that 60,000 items of personal data were compromised, including customer information and employment applications.","2"
"Manufacturing::automotive supplier","automotive supplier","April 2022","not publicly disclosed","not publicly disclosed","not publicly disclosed","not publicly disclosed","not publicly disclosed","An automotive supplier was breached three times within two months by LockBit, Hive, and ALPHV/BlackCat affiliates. The breaches involved multiple ransomware attacks that resulted in data encryption and significant operational disruption as the victim organization attempted to restore systems while facing simultaneous attacks.","3"
"Manufacturing::Taiwan Semiconductor Manufacturing Company (TSMC)","Taiwan Semiconductor Manufacturing Company (TSMC)","June 30th 2023","not publicly disclosed","not publicly disclosed","$70 million","not publicly disclosed","not publicly disclosed","The LockBit ransomware gang demanded a $70 million ransom from TSMC, threatening to leak stolen data. TSMC denied being hacked, stating that the breach involved a third-party vendor.","2"
"Manufacturing::ABB","ABB","2023-05-07","United States","not publicly disclosed","not publicly disclosed","Operations disruption, project delays, and significant impact on factories; all remaining affected services and systems are now being restored.","not publicly disclosed","ABB confirmed a ransomware attack that impacted some of its systems and involved data theft. The Black Basta ransomware gang was identified as the attacker, and while the breach has been contained, ABB is working with law enforcement and advisors to mitigate the impact.","2"
"Manufacturing::Rheinmetall AG","Rheinmetall AG","2023-04-14","Germany","not publicly disclosed","not publicly disclosed","not publicly disclosed","not publicly disclosed","Rheinmetall AG, a German automotive and arms manufacturer, confirmed a ransomware attack by the BlackBasta group that impacted its civilian business. The attack was detected on April 14, 2023, and data samples claimed to be stolen include non-disclosure agreements, technical schematics, passport scans, and purchase orders.","2"
"Manufacturing::A10 Networks","A10 Networks","January 23, 2023","USA","not publicly disclosed","not publicly disclosed","lasted for a few hours before containment","compromised data related to human resources, finance, and legal functions; includes technical documentation, employee and client documents, agreements, and personal data","A10 Networks confirmed a data breach following a Play ransomware attack that occurred on January 23, 2023. The attackers gained access to shared drives and compromised sensitive data, threatening to leak the stolen files. The company has contained the attack and does not expect a material impact on its operations.","2"
"Manufacturing::Canadian Copper Mountain Mining Corporation","Canadian Copper Mountain Mining Corporation","2022-12-27","Canada","not publicly disclosed","not publicly disclosed","The mill was shut down as a preventative measure while other processes switched to manual operations.","not publicly disclosed","The Canadian Copper Mountain Mining Corporation experienced a ransomware attack that led to the shutdown of its mill and impacted operations. The company quickly implemented risk management protocols and isolated infected systems while investigating the source of the attack and working with authorities.","2"
"Manufacturing::Bombardier Recreational Products (BRP)","Bombardier Recreational Products (BRP)","August 8, 2022","Canada","not publicly disclosed","not publicly disclosed","Production resumed at four manufacturing sites in Canada, Finland, the U.S., and Austria by August 15, 2022, with the rest expected to follow by the end of that week.","29.9GB of files allegedly stolen, including non-disclosure agreements, passports and IDs, material supply agreements, and contract renewals; no sensitive customer data reported affected.","RansomEXX claimed responsibility for a ransomware attack on Bombardier Recreational Products, leading to a temporary halt in operations and production delays. The gang leaked 29.9GB of files, which included various internal documents but reportedly did not affect sensitive customer data.","2"
"Manufacturing::Semikron","Semikron","","Germany","not publicly disclosed","not publicly disclosed","The entire network is currently being studied and adjusted forensic. The company is working on restoring the working ability to minimize disruptions for employees, customers, and contractual partners.","2TB worth of documents allegedly stolen","Semikron, a German semiconductor manufacturer, was hit by an LV ransomware attack that partially encrypted its network. The attackers claimed to have stolen data and are blackmailing the company with threats to leak the information. Semikron is currently investigating the claims and working with authorities to restore its systems.","2"
"Manufacturing::TB Kawashima","TB Kawashima","","not publicly disclosed","not publicly disclosed","not publicly disclosed","The company's website is currently down, but production and sales activities have not been impacted and are running at normal parameters.","not publicly disclosed","TB Kawashima, an automotive fabric supplier, announced a cyberattack believed to be from the LockBit ransomware group. The group claimed to have stolen data from the company and has begun leaking it on their data leak site.","2"
"Manufacturing::Nichirin-Flex U.S.A","Nichirin-Flex U.S.A","2022-06-14","not publicly disclosed","not publicly disclosed","not publicly disclosed","The company took the network offline and moved operations into manual mode. System recovery has been prioritized to resume business operations.","not publicly disclosed","Nichirin-Flex U.S.A, a subsidiary of the Japanese automotive hose maker Nichirin, was hit by a ransomware attack on June 14, 2022, causing significant disruptions in product distribution and order fulfillment. The company is investigating the unauthorized access and has temporarily taken down its website while prioritizing system recovery.","2"
"Professional, Scientific, Technical Services, Real Estate and Wholesale Trade::Cognizant Technology Solutions","Cognizant Technology Solutions","2020-04-18 (attack); recovery through Q2 2020","United States (global operations)","Cognizant CFO disclosed in a Q1 2020 SEC filing / earnings call that the incident would cost the company an estimated $50 million to $70 million in Q2 2020, covering investigation, containment, remediation, legal fees, and security investment (not counting potential lost revenue).","Not publicly disclosed whether a ransom was demanded of a specific dollar figure or paid.","Multi-week disruption to internal systems and client-facing services during April-May 2020; full remediation cost/timeline tracked into Q2 2020 earnings.","Some client and employee data reported affected; full scope not publicly quantified in detail.","IT consulting/professional services giant hit by Maze ransomware; internal systems encrypted, disrupting service delivery to client accounts and forcing Cognizant to advise clients to disconnect from Cognizant-managed connections.","3"
"Professional, Scientific, Technical Services, Real Estate and Wholesale Trade::Accenture","Accenture","2021-08-11","Ireland (global professional/IT services)","No specific dollar loss figure was ever disclosed by Accenture; the company confirmed in its Q4/full-year FY2021 financial report (Oct 18, 2021) that data was encrypted and stolen, without quantifying cost.","LockBit demanded $50 million; Accenture has not confirmed paying any ransom.","Accenture stated it restored affected systems from backups and reported no material impact to its own operations, though exact downtime duration was not disclosed.","Attackers claimed 6TB of data stolen; roughly 2,000+ files were leaked publicly on the dark web, including internal presentations and client case studies.","LockBit 2.0 claimed to have stolen roughly 6 terabytes of data from Accenture, a top-tier global consulting/IT services firm, and demanded ransom, later publishing files including PowerPoint decks and case studies when payment was not made public.","3"
"Professional, Scientific, Technical Services, Real Estate and Wholesale Trade::CWT (Carlson Wagonlit Travel)","CWT (Carlson Wagonlit Travel)","2020-07-27","United States (global travel management/business services)","Direct incident cost beyond the ransom payment not separately disclosed; company cited COVID-19-driven financial strain as a factor in negotiating the ransom down.","Initial demand of $10 million negotiated down to a paid ransom of $4.5 million (414 BTC), received by attackers July 28, 2020.","Approximately 30,000 CWT computers were knocked offline; systems were restored following payment, exact full-recovery timeline not publicly detailed.","Attackers claimed to have exfiltrated 2 terabytes of files including financial reports, security documents, and employee personal data (email addresses, salary data).","The world's fifth-largest business travel management company had roughly 30,000 computers taken offline; attackers initially demanded $10 million, citing COVID-19 financial pressure in negotiations.","3"
"Professional, Scientific, Technical Services, Real Estate and Wholesale Trade::Sopra Steria","Sopra Steria","2020-10-20","France (European IT/professional services)","Company estimated the negative impact on gross operating margin at between EUR40 million and EUR50 million (roughly $48M-$60M), of which approximately EUR30 million was expected to be covered by cyber insurance.","Not publicly disclosed; no confirmation Sopra Steria paid a ransom.","Attack occurred the evening of Oct 20, 2020; company reported 'differing levels of unavailability' of systems persisting for weeks afterward, driving the bulk of the cost.","Limited public detail on records/data types exposed beyond internal systems disruption.","Major French IT services firm hit by a then-new version of Ryuk ransomware, causing extended unavailability across parts of its network and requiring extensive remediation.","3"
"Professional, Scientific, Technical Services, Real Estate and Wholesale Trade::Toll Group","Toll Group","2020-01-31 (first attack) and 2020-05-05 (second attack)","Australia (global freight/logistics - wholesale trade)","No specific total dollar cost figure was publicly disclosed for either incident; company acknowledged 'financial and reputational consequences' without quantifying them.","Not publicly disclosed; Toll Group publicly stated it would not pay the ransom, and Nefilim subsequently leaked stolen data.","The May 2020 attack disrupted the MyToll customer portal and back-office systems for approximately six days; freight shipments were largely unaffected but parcel/portal services were degraded.","Exfiltrated data included commercial agreements with current and former enterprise customers and employee personal data from at least one compromised server.","Global freight and logistics provider (1,200+ locations, 50 countries) was hit by ransomware twice in the same year; the May attack used Nefilim and led to exfiltration of commercial and employee data after Toll refused to pay.","3"
"Professional, Scientific, Technical Services, Real Estate and Wholesale Trade::Estes Express Lines","Estes Express Lines","2023-09-26 (network access); ransomware deployed and discovered Oct 1, 2023","United States (trucking/freight - wholesale trade logistics)","No specific total incident cost publicly disclosed; company faced a class-action lawsuit over the breach.","Amount not publicly disclosed; Estes confirmed it did not pay the ransom.","Forensic investigation concluded Nov 7, 2023; breach notification letters were not sent to affected individuals until December 2023 (roughly 2.5 months after discovery), pending law enforcement investigation.","Personal information of more than 21,000 individuals exposed, including names and Social Security numbers; data published on LockBit's leak site Nov 13, 2023.","Major U.S. trucking/freight carrier had data stolen and ransomware deployed; LockBit claimed responsibility in November 2023 and published the stolen data after Estes refused to pay, following FBI/regulator guidance.","3"
"Professional, Scientific, Technical Services, Real Estate and Wholesale Trade::Conduent Business Services, LLC","Conduent Business Services, LLC","Unauthorized access Oct 21, 2024 - Jan 13, 2025 (discovered); publicly disclosed April 2025","United States (government/BPO professional services contractor)","Company disclosed in SEC 8-K filings that it incurred approximately $9 million in breach-response costs with the expectation of spending a further $16 million by Q1 2026; total related expenses (including likely settlements) estimated to exceed $50 million.","SafePay claimed theft of ~8.5 terabytes of data and listed Conduent on its leak site, then removed the listing - widely interpreted as evidence a ransom was paid, though Conduent has not confirmed a payment or amount.","Breach window spanned nearly 3 months (Oct 2024-Jan 2025) before detection; public notification did not begin until October 2025, roughly 9 months after discovery.","Affected individual count grew from an initial ~10.5 million to 25.5 million (Feb 2026) to 62.2 million by June 2026; data types included names, Social Security numbers, addresses, medical histories, and health insurance details. Nearly a dozen class-action lawsuits and multi-state enforcement actions followed.","Major business-process-outsourcing/government-services contractor (payments, healthcare claims, back-office processing) suffered one of the largest reported U.S. breaches of 2025, with the scope of affected individuals repeatedly revised upward over the year.","4"
"Professional, Scientific, Technical Services, Real Estate and Wholesale Trade::Cushman & Wakefield","Cushman & Wakefield","2026-05-03 to 2026-05-05 (confirmed)","United States / global (commercial real estate services)","Not publicly disclosed as of this research; company has not released cost estimates. A shareholder/customer lawsuit has been filed over the breach.","ShinyHunters demanded an undisclosed ransom with a deadline of May 6, 2026, threatening to leak data; when negotiations reportedly stalled, the group published a 50GB dataset. No confirmation Cushman & Wakefield paid.","Company described the incident as 'limited' in scope; no significant operational downtime was publicly reported, consistent with a SaaS/CRM data-theft (non-encryption) incident rather than an operational-technology outage.","Over 500,000 Salesforce records containing PII and internal corporate/client data claimed stolen; illustrates third-party/SaaS supply-chain exposure distinct from traditional on-prem ransomware.","One of the world's largest commercial real estate services firms confirmed a 'limited' breach originating from a vishing (voice phishing) social-engineering attack that gave ShinyHunters access to its Salesforce CRM environment; Qilin separately listed the company on its ransomware leak site around the same time.","4"
"Professional, Scientific, Technical Services, Real Estate and Wholesale Trade::multi-billion-dollar American defense contractor and IT services provider","multi-billion-dollar American defense contractor and IT services provider","March 2026","not publicly disclosed","not publicly disclosed","not publicly disclosed","not publicly disclosed","not publicly disclosed","The Kyber ransomware gang has targeted Windows systems and VMware ESXi endpoints, deploying two distinct variants in March 2026. The attack involved encrypting files and defacing management interfaces, with claims of using post-quantum encryption that were found to be misleading. A multi-billion-dollar American defense contractor was identified as a victim on the Kyber data extortion portal.","3"
"Professional, Scientific, Technical Services, Real Estate and Wholesale Trade::State Bar of Texas","State Bar of Texas","2025-02-12","United States","not publicly disclosed","not publicly disclosed","not publicly disclosed","not publicly disclosed","The State Bar of Texas reported a data breach after the INC ransomware gang claimed to have attacked the organization and leaked samples of stolen data. The breach occurred between January 28 and February 9, 2025, and was discovered on February 12, 2025, with the gang adding the organization to its dark web extortion page on March 9, 2025.","2"
"Professional, Scientific, Technical Services, Real Estate and Wholesale Trade::CannonDesign","CannonDesign","January 25, 2023","United States","not publicly disclosed","not publicly disclosed","not publicly disclosed","13,000 current and former employees; names, addresses, social security numbers, driver s license numbers","CannonDesign experienced a data breach due to an Avos Locker ransomware attack, which resulted in the theft of sensitive data from over 13,000 employees. The breach was discovered on January 25, 2023, and involved unauthorized access and data exfiltration, with the stolen data later published online by various groups.","3"
"Professional, Scientific, Technical Services, Real Estate and Wholesale Trade::Fidelity National Financial","Fidelity National Financial","2023-11-19","United States","not publicly disclosed","not publicly disclosed","The breach was contained seven days later, with certain IT systems taken offline during containment measures.","Data of 1.3 million customers was stolen.","Fidelity National Financial confirmed a cyberattack on November 19, 2023, claimed by the BlackCat ransomware gang, which exposed the data of 1.3 million customers. The attackers accessed the network using stolen credentials and deployed non-propagating malware to exfiltrate data. The breach was contained within a week, and the company is providing support services to affected customers.","3"
"Professional, Scientific, Technical Services, Real Estate and Wholesale Trade::PWC","PWC","not publicly disclosed","not publicly disclosed","not publicly disclosed","not publicly disclosed","not publicly disclosed","not publicly disclosed","The Clop ransomware gang has begun leaking data stolen during the MOVEit Transfer attacks on clearweb sites, following a tactic previously used by the ALPHV gang. They created websites for various companies, including PWC, to pressure victims into paying ransom by making stolen data publicly accessible.","2"
"Professional, Scientific, Technical Services, Real Estate and Wholesale Trade::HWL Ebsworth","HWL Ebsworth","April 2023","Australia","not publicly disclosed","not publicly disclosed","not publicly disclosed","1.45 terabytes of data containing over a million documents","HWL Ebsworth, a major Australian law firm, was targeted by the ALPHV ransomware gang, which leaked data they claim was stolen from the firm. The firm has refused to meet the extortion demands, emphasizing their commitment to ethical standards and the privacy of their clients.","3"
"Professional, Scientific, Technical Services, Real Estate and Wholesale Trade::Capita","Capita","March 22, 2023","United Kingdom","up to 20 million","not publicly disclosed","Capita experienced a weekend-long outage due to the cyberattack, with the breach discovered on March 31.","approximately 470,000 members' personal information including names, dates of birth, National Insurance numbers, and USS member numbers","Capita, a business process outsourcing firm, warned customers to assume their data was stolen following a cyberattack in early April. The Black Basta ransomware gang claimed to have stolen sensitive data, including personal bank account details and passport scans, affecting over 500,000 members of the Universities Superannuation Scheme.","3"
"Professional, Scientific, Technical Services, Real Estate and Wholesale Trade::NCR","NCR","April 15th 2023","not publicly disclosed","not publicly disclosed","not publicly disclosed","not publicly disclosed","not publicly disclosed","NCR suffered an outage on its Aloha point of sale platform after being hit by a ransomware attack claimed by the BlackCat/ALPHV gang. This incident highlights the ongoing threat of ransomware targeting critical business operations.","2"
"Professional, Scientific, Technical Services, Real Estate and Wholesale Trade::real estate company","real estate company","not publicly disclosed","Germany","not publicly disclosed","not publicly disclosed","not publicly disclosed","not publicly disclosed","The Trigona ransomware operation has been active since late October 2022, utilizing a new Tor negotiation site for ransom payments in Monero. Victims, including a real estate company, have been targeted with file encryption and ransom notes, although the exact ransom amounts and data theft claims remain unverified.","2"
"Public Administration (Government)::Government of Costa Rica (national ministries)","Government of Costa Rica (national ministries)","April-May 2022","Costa Rica","Economic drag estimated at ~$38 million per day of downtime; the Costa Rican Chamber of Foreign Commerce estimated losses exceeding $125 million in the first two days alone (halted tax/customs). Costa Rica invested ~$25 million in recovery; the U.S. State Department pledged $25 million in March 2023 to aid recovery and cyber-capacity building.","Conti demanded US$10 million, later doubled to US$20 million; the government declined to pay.","Critical systems (Hacienda, CCSS) disrupted for weeks to months; a second wave (attributed to HIVE) hit the CCSS health system on 31 May 2022, forcing manual operations across hospitals. Recovery spanned months with international assistance.","Data exfiltrated from the Ministry of Finance and other bodies; Conti published stolen data on its leak site when the ransom was refused.","Conti hit nearly 30 Costa Rican government institutions including the Ministry of Finance (Hacienda), CCSS social security fund, MICITT, labor ministry, and state ISP RACSA. On 8 May 2022 President Rodrigo Chaves declared a national state of emergency and characterized it as an act of terrorism/'war' - the first time a country declared a national emergency over ransomware. Tax collection, customs, and public services were paralyzed.","4"
"Public Administration (Government)::City of Atlanta, Georgia","City of Atlanta, Georgia","March 2018","United States","Recovery ultimately cost approximately $17 million (a confidential report figure), roughly six times the initial ~$3M estimate. Break-down: ~$6M initial response, ~$11M to repair/replace damaged systems, desktops, laptops and devices. The city had initially budgeted ~$6M.","Attackers demanded about $51,000 (roughly 6 bitcoin) in total; Atlanta did not pay.","Multiple departments were down or degraded for days to weeks; some systems and data were never fully recovered, and years of police dashcam footage were lost.","Numerous applications and records affected; some data permanently lost (e.g. police dashcam video). Broad operational data loss rather than a quantified PII count.","SamSam ransomware crippled City of Atlanta systems, taking down online bill-pay, court systems, and numerous municipal applications. A landmark early municipal ransomware case; two Iranian nationals (Faramarz Shahi Savandi and Mohammad Mehdi Shah Mansouri) were indicted by the U.S. DOJ in November 2018.","4"
"Public Administration (Government)::City of Baltimore, Maryland","City of Baltimore, Maryland","May 2019","United States","Estimated ~$18 million total: ~$10 million to restore/rebuild systems plus ~$8 million in lost or deferred revenue.","Attackers demanded 13 bitcoin (~$76,000-$80,000 at the time); Mayor Bernard 'Jack' Young refused to pay.","Recovery, initially expected to take weeks, ultimately extended from May into roughly September 2019 (~4 months) for full restoration.","Widespread system encryption; disruption to city databases and payment/records systems. No large single PII-breach count is the headline - impact was primarily operational.","On 7 May 2019 RobbinHood ransomware took most of Baltimore's government systems offline (all servers except essential services). Email was down, forcing employees to use personal Gmail; property transfers and the water-billing/payment systems were frozen, disrupting the real-estate market.","3"
"Public Administration (Government)::City of Dallas, Texas","City of Dallas, Texas","May 2023","United States","The city approved roughly $8.5 million in costs to remediate and recover from the attack (downtime/response costs).","No ransom payment was publicly reported/confirmed as paid; ransom demand not publicly disclosed.","Multiple systems, including 911/CAD and municipal court operations, were disrupted for weeks; restoration efforts continued over several weeks into the summer of 2023.","More than 27,000 current and former employees and their dependents were notified that their personally identifiable information was exposed in the attack.","The Royal ransomware gang attacked the City of Dallas in May 2023, disrupting critical services including 911 dispatch systems, police/court operations, and city websites. One of the most significant U.S. municipal attacks of 2023.","2"
"Public Administration (Government)::City of Columbus, Ohio","City of Columbus, Ohio","July 2024","United States","The city spent about $7.3 million on recovery, including ~$2.4M for forensics/remediation/data-mining, ~$1.6M for Experian identity-theft protection, and ~$1.95M for legal counsel.","Rhysida demanded about $1.9 million (~30 bitcoin); Columbus refused to pay, after which the group leaked stolen data.","City services and systems were disrupted for weeks; recovery and remediation extended over months, with continued identity-protection provisioning for affected residents.","Large volume of resident and employee data exposed and partially leaked (including data tied to crime victims and city employees); the city offered Experian identity-theft protection to affected individuals (hundreds of thousands).","Rhysida struck the City of Columbus in July 2024. The city refused to pay and, notably, sued a security researcher who publicized the leaked data - drawing national attention to how governments handle post-breach disclosure.","3"
"Public Administration (Government)::The British Library","The British Library","October 2023","United Kingdom","Recovery expected to consume roughly 40% of the Library's financial reserves - about £6-7 million (~$7.5-9M) - far exceeding the ransom demanded. Follow-on rebuild tenders (e.g. ~£400,000) continued into 2024-2025.","Rhysida demanded 20 bitcoin (~£596,000 / ~$750,000 at the time); the Library did not pay.","Severe disruption for months; the main catalogue returned in read-only form on 15 January 2024, with many services degraded well into 2024. Full rebuild extended over more than a year.","Approximately 600GB / nearly 500,000 files exfiltrated - much from the CRM database - including personal data of Library users and staff; ~600GB was publicly dumped when the ransom was refused. ~20,000 authors/illustrators had Public Lending Right payments delayed.","On 28 October 2023 Rhysida attacked the British Library (a UK public/national institution), taking down its website, catalogue, and public Wi-Fi. Described as 'one of the worst cyber incidents in British history'; the Library refused to pay and the attackers leaked the stolen data.","4"
"Public Administration (Government)::City of Saint Paul, Minnesota","City of Saint Paul, Minnesota","July 2025","United States","Not publicly disclosed as a total figure as of reporting; response involved state resources and the National Guard, indicating substantial cost.","The city stated it would not pay the ransom; specific demand amount not publicly disclosed.","Core city systems were down and progressively restored over weeks following the July 25 onset; the National Guard's involvement reflected the complexity of recovery.","After the city refused to pay, Interlock publicly posted approximately 43GB of data stolen from St. Paul.","A cyberattack beginning 25 July 2025 hit the City of St. Paul so severely that the Minnesota National Guard was activated to assist. The mayor confirmed it as a ransomware attack by the Interlock ransomware-as-a-service group. Core systems - internal networks, online payment portals, and public Wi-Fi - were disrupted.","3"
"Public Administration (Government)::State of Nevada","State of Nevada","August 2025","United States","Not publicly disclosed at time of reporting.","Not publicly disclosed.","Multiple state services - phone systems and agency websites - were interrupted; recovery handled with federal (CISA/FBI) assistance over the following days/weeks.","Under investigation at time of reporting; data-theft impact not fully quantified publicly.","Federal and state authorities investigated a ransomware attack that disrupted key services across the State of Nevada in August 2025, interrupting multiple government services including phone systems and state agency websites - illustrating the escalation of ransomware to the U.S. state-government level.","2"
"Public Administration (Government)::Berlin city administration","Berlin city administration","August 28, 2023","Germany","not publicly disclosed","not publicly disclosed","The affected Senate departments were disconnected from the state network on August 14.","Approximately 1.44 million files, including government, legal, financial, contractual, HR, infrastructure, health, and mapping records; thousands of names, email addresses, phone numbers, and 148 IBANs; plaintext credentials, database accounts, payment-system data, password vaults, and credentials belonging to senior officials; personnel files, payroll information, administrative-offense records, ","Berlin's city administration confirmed a data theft following a ransomware attack by the Rhysida group, which claimed to have exfiltrated 5.79 TB of data. The attackers are extorting the city, threatening to publish the stolen files unless a ransom is paid, while investigations by various security agencies are ongoing.","2"
"Public Administration (Government)::Bureau of Alcohol, Tobacco, Firearms and Explosives (ATF)","Bureau of Alcohol, Tobacco, Firearms and Explosives (ATF)","","United States","not publicly disclosed","not publicly disclosed","ATF terminated connections to the affected environment and initiated incident-response and forensic activities.","not publicly disclosed","The ATF confirmed a major incident involving a breach of one of its systems, linked to the Qilin ransomware gang. While Qilin has added ATF to its dark web leak portal, it has not confirmed whether files were stolen or if a ransom was demanded. The ATF stated that the impacted system operates separately from its main network and that operations were not affected.","2"
"Public Administration (Government)::Die Linke","Die Linke","March 27, 2023","Germany","not publicly disclosed","not publicly disclosed","not publicly disclosed","sensitive data from internal areas of the party organization and personal information of employees","The Qilin ransomware group has stolen data from the German political party Die Linke and is threatening to leak it. The party confirmed the cyber incident but stated that its membership database was not impacted, and it is working with authorities and IT experts to address the situation.","2"
"Public Administration (Government)::Sedgwick Government Solutions","Sedgwick Government Solutions","","not publicly disclosed","not publicly disclosed","not publicly disclosed","not publicly disclosed","3.39 GB of documents stolen","Sedgwick Government Solutions, a subsidiary of Sedgwick, confirmed a security breach that was claimed by the TridentLocker ransomware group. The attackers have stolen 3.39 GB of documents and published some of the data on their Tor leak site, although the parent company's network remains unaffected and they continue to serve their clients.","2"
"Public Administration (Government)::Romanian Waters (Administrația Națională Apele Române)","Romanian Waters (Administrația Națională Apele Române)","","Romania","not publicly disclosed","not publicly disclosed","not publicly disclosed","approximately 1,000 computer systems affected","The Romanian water authority, Romanian Waters, was hit by a ransomware attack that impacted around 1,000 computer systems across its national and regional offices. The attackers used Windows BitLocker to lock files and left a ransom note, but operations related to water infrastructure remained unaffected during the incident.","2"
"Public Administration (Government)::Rhode Island's RIBridges","Rhode Island's RIBridges","","USA","not publicly disclosed","not publicly disclosed","RIBridges was shut down to remediate the threat after confirmation of the breach.","Approximately 650,000 people were impacted; personal data including names, addresses, dates of birth, Social Security numbers, and certain banking information was exposed.","The Brain Cipher ransomware gang leaked data stolen from Rhode Island's RIBridges social services platform, affecting around 650,000 individuals. The breach involved sensitive personal information, prompting state officials to advise residents on protecting their personal information.","4"
"Public Administration (Government)::Rhode Island State","Rhode Island State","December 5, 2024","USA","not publicly disclosed","not publicly disclosed","RIBridges system taken offline for evaluation and recovery efforts.","Potential exposure of names, addresses, dates of birth, Social Security numbers, and certain banking information of impacted residents.","Rhode Island confirmed a data breach after the Brain Cipher ransomware gang attacked its RIBridges system, which manages public assistance programs. The breach exposed personal information of residents, prompting the state to take the system offline for security evaluations and recovery efforts.","2"
"Public Administration (Government)::law enforcement agency in Passaic County, New Jersey","law enforcement agency in Passaic County, New Jersey","June 2020","United States","not publicly disclosed","not publicly disclosed","not publicly disclosed","not publicly disclosed","Mikhail Pavlovich Matveev, also known as Wazawaka, was arrested for his involvement in ransomware operations, including deploying LockBit ransomware on a law enforcement agency's network in New Jersey. He is accused of developing specialized malware intended to encrypt files of commercial organizations for ransom. Matveev has been linked to multiple ransomware gangs and has a history of cybercriminal activity.","3"
"Public Administration (Government)::Metropolitan Police Department in Washington, D.C.","Metropolitan Police Department in Washington, D.C.","April 2021","United States","not publicly disclosed","not publicly disclosed","not publicly disclosed","not publicly disclosed","Mikhail Pavlovich Matveev, also known as Wazawaka, was arrested for his involvement in ransomware operations, including deploying LockBit ransomware on the network of a law enforcement agency in New Jersey. He has been linked to multiple ransomware gangs and is accused of developing malware intended to encrypt data for ransom from commercial organizations.","3"
"Public Administration (Government)::City of Columbus","City of Columbus","July 18, 2024","United States","$25,000","not publicly disclosed","not publicly disclosed","500,000 individuals affected; personal and financial information including names, dates of birth, addresses, bank account information, driver's licenses, Social Security numbers","In July 2024, the City of Columbus experienced a ransomware attack where the Rhysida gang stole personal and financial information of 500,000 individuals. Although no systems were encrypted, the gang leaked 45% of the stolen data on the dark web, prompting the City to notify affected individuals and provide credit monitoring services.","2"
"Public Administration (Government)::Wayne County, Michigan","Wayne County, Michigan","October 2024","United States","not publicly disclosed","ransom demands ranging from hundreds of thousands of dollars to millions","not publicly disclosed","not publicly disclosed","Interlock is a new ransomware operation that targets FreeBSD servers, claiming attacks on multiple organizations including Wayne County, Michigan. After a ransom was not paid, the group published stolen data on their leak site, employing a double-extortion tactic by threatening to leak data if demands are not met.","3"
"Public Administration (Government)::Housing Authority of the City of Los Angeles (HACLA)","Housing Authority of the City of Los Angeles (HACLA)","","United States","not publicly disclosed","not publicly disclosed","not publicly disclosed","891 GB of files including personal identifiable information, database backups, financial documents, executives/employees personal data, customer personal information, corporate confidential data and correspondence","The Housing Authority of the City of Los Angeles (HACLA) confirmed a cyberattack on its IT network claimed by the Cactus ransomware gang. The attackers allegedly stole 891 GB of sensitive data, including personal identifiable information and financial documents, and have published some of this data on their leak site.","2"
"Public Administration (Government)::U.S. Marshals Service","U.S. Marshals Service","","United States","not publicly disclosed","not publicly disclosed","not publicly disclosed","not publicly disclosed","The U.S. Marshals Service (USMS) has been listed as a victim by the Hunters International ransomware gang, which claims to have stolen sensitive data. USMS denies any breach, stating that the materials posted do not originate from a new incident. The data allegedly includes sensitive law enforcement information and personally identifiable information.","2"
"Public Administration (Government)::Los Angeles Superior Court","Los Angeles Superior Court","July 19, 2023","United States","not publicly disclosed","not publicly disclosed","The Court was closed for one day to restore systems, with many critical systems remaining offline as of Sunday evening.","not publicly disclosed","The Los Angeles Superior Court experienced a ransomware attack that affected its entire network, leading to the closure of all 36 courthouse locations. The Court is working with law enforcement to investigate the incident and has found no evidence of compromised data.","2"
"Public Administration (Government)::Dallas County","Dallas County","October 2023","USA","not publicly disclosed","not publicly disclosed","not publicly disclosed","201,404 individuals; Full name, Social Security number (SSN), Date of birth, Driver's license, State identification number, Taxpayer identification number, Medical information, Health insurance information","In October 2023, Dallas County was targeted in a ransomware attack by the Play gang, which exposed the personal data of over 200,000 individuals. The county has since implemented security measures and is providing credit monitoring services to those affected.","2"
"Public Administration (Government)::Indonesia's National Data Center","Indonesia's National Data Center","2023-06-20","Indonesia","not publicly disclosed","$8 million","disrupted over 200 government agencies, affecting immigration services, passport control, and issuing of event permits","not publicly disclosed","On June 20, 2023, the Brain Cipher ransomware operation attacked Indonesia's temporary National Data Center, encrypting government servers and disrupting various online services. The attackers demanded $8 million in Monero cryptocurrency to provide a decryptor and not leak allegedly stolen data.","2"
"Public Administration (Government)::Ohio Lottery","Ohio Lottery","December 24, 2023","United States","not publicly disclosed","not publicly disclosed","not publicly disclosed","538,959 individuals affected; names, Social Security numbers, dates of birth, and other personal identifiers","The Ohio Lottery experienced a ransomware attack on December 24, 2023, which impacted over 538,000 individuals. The DragonForce ransomware gang claimed responsibility, stating they encrypted devices and stole documents, leading to a data leak of personal information.","2"
"Public Administration (Government)::City of Wichita","City of Wichita","May 5, 2024","United States","not publicly disclosed","not publicly disclosed","IT systems used for online bill payment were shut down; services remain unavailable including public Wi-Fi, email communications, and online payment platforms.","not publicly disclosed","The City of Wichita experienced a ransomware attack claimed by the LockBit gang, leading to the shutdown of IT systems for online services. The gang threatened to publish stolen files unless a ransom is paid, and the city is currently assessing the impact of potential data theft.","2"
"Public Administration (Government)::Jackson County, Missouri","Jackson County, Missouri","not publicly disclosed","United States","not publicly disclosed","not publicly disclosed","Assessment, Collection, and Recorder of Deeds offices likely closed until the end of the week as IT department works on restoring systems.","not publicly disclosed","Jackson County, Missouri, declared a state of emergency following a ransomware attack that disrupted several county services. The attack affected the Assessment, Collection, and Recorder of Deeds offices, but officials confirmed that residents' financial information was not impacted as it is stored securely by an external provider.","2"
"Public Administration (Government)::Hessen Consumer Center","Hessen Consumer Center","February 22, 2023","Germany","not publicly disclosed","not publicly disclosed","Temporary disruption of availability; communication disruptions mostly addressed but ongoing issues remain.","not publicly disclosed","The Hessen Consumer Center in Germany suffered a ransomware attack that encrypted its IT systems, causing temporary disruptions in communication. The Blackcat/ALPHV ransomware gang later claimed responsibility and published data samples on their extortion page.","3"
"Public Administration (Government)::Fulton County, Georgia","Fulton County, Georgia","January 2023","United States","not publicly disclosed","not publicly disclosed","Widespread IT outages impacting phone, court, and tax systems; recovery ongoing three weeks after the attack.","Sensitive data containing citizen's personal data; specific records/people affected not publicly disclosed.","LockBit ransomware gang claimed responsibility for a cyberattack on Fulton County, Georgia, threatening to leak confidential documents if a ransom is not paid. The attack caused significant IT outages, affecting various county services, and the county is currently exploring insurance options for recovery.","2"
"Public Administration (Government)::Kansas City Area Transportation Authority (KCATA)","Kansas City Area Transportation Authority (KCATA)","2023-01-23","USA","not publicly disclosed","$2,000,000","KCATA is working around the clock with outside cyber professionals to restore systems as soon as possible.","not publicly disclosed","The Kansas City Area Transportation Authority (KCATA) was targeted by a ransomware attack on January 23, 2023, impacting all communication systems. The Medusa ransomware group claimed responsibility and demanded a ransom of $2,000,000, threatening to release stolen data if not paid.","2"
"Public Administration (Government)::Calvi City Council","Calvi City Council","","Spain","$11M","$11M","Administrative deadlines suspended until January 31, 2024; ongoing forensic analysis and recovery efforts.","not publicly disclosed","The Calvi City Council in Majorca was targeted by a ransomware attack that demanded a ransom of approximately $11 million. The attack disrupted municipal services, prompting the council to form a crisis committee to assess the damage and restore normal operations. The mayor confirmed that the municipality would not pay the ransom and has reported the incident to the police's cybercrime department.","2"
"Public Administration (Government)::Court Services Victoria","Court Services Victoria","December 21, 2023","Australia","not publicly disclosed","not publicly disclosed","The impacted system was immediately isolated and disabled; court operations in Victoria will not be affected, and all cases scheduled for January 2024 are expected to proceed normally.","Recordings of some hearings in courts between 1 November and 21 December 2023 may have been accessed, potentially exposing sensitive information regarding court cases.","Court Services Victoria reported a ransomware attack attributed to the Qilin group, which exposed video recordings of court hearings. The attack was detected on December 21, 2023, but the breach occurred earlier on December 8, 2023, affecting recordings dating back to November 1, 2023.","3"
"Public Administration (Government)::Court Services Victoria (CSV)","Court Services Victoria (CSV)","December 21, 2023","Australia","not publicly disclosed","not publicly disclosed","The impacted system was immediately isolated and disabled; court operations in Victoria will not be affected, and all cases scheduled for January 2024 are expected to proceed normally.","Recordings of some hearings in courts between November 1 and 21 December 2023 may have been accessed, including public and confidential information.","Court Services Victoria (CSV) reported a ransomware attack attributed to the Qilin group, which exposed video recordings of court hearings. The cyberattack was detected on December 21, 2023, but the breach occurred earlier on December 8, 2023, affecting recordings dating back to November 1, 2023. CSV is notifying impacted parties and restructuring its systems for better security.","3"
"Public Administration (Government)::Toronto Public Library","Toronto Public Library","not publicly disclosed","Canada","not publicly disclosed","not publicly disclosed","not publicly disclosed","not publicly disclosed","The Black Basta ransomware gang has targeted the Toronto Public Library, which is Canada's largest public library system. Researchers have developed a decryptor that exploits a flaw in Black Basta's encryption, allowing some victims to recover their files for free, although newer victims may not benefit from this tool.","2"
"Public Administration (Government)::Kansas Judicial Branch","Kansas Judicial Branch","October 2023","USA","not publicly disclosed","not publicly disclosed","Several weeks until all systems return to normal status","Sensitive files containing confidential information, including Office of Judicial Administration files and district court case records on appeal","The Kansas Judicial Branch confirmed a cyberattack that resulted in the theft of sensitive data and a ransom demand. The attackers threatened to publish the stolen data on the dark web if their demands were not met, impacting multiple court systems and services.","2"
"Public Administration (Government)::State of Maine","State of Maine","May 31, 2023","United States","not publicly disclosed","not publicly disclosed","not publicly disclosed","1.3 million individuals; Full name, Social Security number (SSN), Date of birth, Driver's license, State identification number, Taxpayer identification number, Health insurance information","The State of Maine reported a data breach affecting approximately 1.3 million individuals due to a vulnerability in the MOVEit file transfer tool exploited by the Clop ransomware gang. The breach exposed sensitive personal information, including Social Security numbers and health insurance details, prompting the state to notify affected citizens and offer credit monitoring services.","2"
"Public Administration (Government)::Florida First Judicial Circuit","Florida First Judicial Circuit","October 2, 2023","United States","not publicly disclosed","not publicly disclosed","The court is prioritizing essential court proceedings but will cancel and reschedule other proceedings and pause related operations for several days, beginning October 2, 2023.","Personal details like Social Security numbers and CVs of employees, including judges; comprehensive network map of the court's systems.","The ALPHV ransomware gang claimed an attack on the Florida First Judicial Circuit, affecting state courts across Northwest Florida. The gang allegedly acquired sensitive personal details and threatened to leak the data online, while the court confirmed an investigation into the cyberattack that disrupted operations starting October 2, 2023.","2"
"Public Administration (Government)::Greater Manchester Police","Greater Manchester Police","","United Kingdom","not publicly disclosed","not publicly disclosed","not publicly disclosed","personal information of GMP employees, not including financial information","Greater Manchester Police reported a ransomware attack affecting a third-party supplier, which compromised some personal information of its employees. The police department is treating the incident with high priority and is working to understand the impact while keeping employees informed.","2"
"Public Administration (Government)::P le emploi","P le emploi","","France","not publicly disclosed","not publicly disclosed","not publicly disclosed","10 million individuals affected; exposed data includes full names and social security numbers","P le emploi, France's governmental unemployment registration and financial aid agency, experienced a data breach that exposed personal data of approximately 10 million individuals. The breach was linked to a violation of the information system of one of its providers, and while sensitive data was compromised, the agency has assured that financial aid programs remain unaffected.","3"
"Public Administration (Government)::Colorado Department of Health Care Policy Financing (HCPF)","Colorado Department of Health Care Policy Financing (HCPF)","2023-05-28","United States","not publicly disclosed","not publicly disclosed","not publicly disclosed","4,091,794 individuals; personal and health information including names, Social Security Numbers, Medicaid ID numbers, Medicare ID numbers, dates of birth, home addresses, contact information, income information, demographic data, clinical data, health insurance information","The Colorado Department of Health Care Policy Financing (HCPF) reported a data breach affecting over four million individuals due to the exploitation of the MOVEit Transfer software by Clop ransomware. Although HCPF's systems were not directly compromised, unauthorized access to certain files containing sensitive personal and health information was confirmed.","2"
"Public Administration (Government)::Maximus","Maximus","","United States","$15 million","not publicly disclosed","not publicly disclosed","8 to 11 million individuals affected; personal information including social security numbers and protected health information","Maximus, a U.S. government services contractor, disclosed a data breach affecting 8 to 11 million individuals due to a zero-day flaw in the MOVEit Transfer application exploited by the Clop ransomware gang. The breach involved the theft of personal data, and Maximus plans to incur approximately $15 million in expenses for investigation and remediation activities related to the incident.","3"
"Public Administration (Government)::Louisiana and Oregon DMVs","Louisiana and Oregon DMVs","June 16th 2023","United States","not publicly disclosed","not publicly disclosed","not publicly disclosed","millions of driver's licenses exposed","The Clop ransomware gang has begun extorting organizations affected by the MOVEit data theft, including the Louisiana and Oregon DMVs, which reported that millions of driver's licenses were exposed in the breach. The gang has threatened to leak the data if a ransom is not negotiated.","2"
"Public Administration (Government)::Louisiana Office of Motor Vehicles and Oregon Driver Motor Vehicle Services","Louisiana Office of Motor Vehicles and Oregon Driver Motor Vehicle Services","not publicly disclosed","USA","not publicly disclosed","not publicly disclosed","not publicly disclosed","approximately 3,500,000 Oregonians and all Louisianans with a state-issued driver's license, ID, or car registration; personal information including Name, Address, Social Security Number, Birth date, Height, Eye Color, Driver's License Number, Vehicle Registration Information, Handicap Placard Information","The MOVEit breach led to the exposure of millions of driver's licenses from Louisiana and Oregon after the Clop ransomware gang hacked the MOVEit Transfer security file transfer systems. Both states have warned their residents about the potential risks to their personal information, although there is no indication that the stolen data has been sold or leaked.","4"
"Public Administration (Government)::Chilean Army","Chilean Army","May 27, 2023","Chile","not publicly disclosed","not publicly disclosed","The network was isolated following the breach, with military security experts starting the recovery process of affected systems.","360,000 documents claimed to be stolen from the Chilean Army's network.","The Rhysida ransomware gang leaked documents they claim to have stolen from the Chilean Army after a security incident detected on May 27, 2023. The gang has published 30% of the stolen data online, and an Army corporal was arrested for involvement in the attack.","4"
"Public Administration (Government)::Swiss government","Swiss government","May 23, 2023","Switzerland","not publicly disclosed","not publicly disclosed","not publicly disclosed","not publicly disclosed","The Swiss government was impacted by a ransomware attack on Xplain, an IT supplier, which resulted in the theft of various confidential documents. The Play ransomware group published the stolen data on June 1, 2023, after failing to extort a ransom from Xplain, leading to concerns about the exposure of sensitive information belonging to the Federal Administration.","2"
"Public Administration (Government)::City of Augusta, Georgia","City of Augusta, Georgia","May 21, 2023","United States","not publicly disclosed","not publicly disclosed","not publicly disclosed","not publicly disclosed","The City of Augusta, Georgia, experienced a cyberattack that disrupted certain computer systems. The BlackByte ransomware operation claimed responsibility for the attack and leaked data that they claimed was stolen during the incident.","2"
"Public Administration (Government)::City of Augusta","City of Augusta","2023-05-21","United States","not publicly disclosed","$400,000","The city is working to restore full functionality to its systems as soon as possible.","10GB of data leaked, including payroll information, contact details, personally identifiable information (PII), physical addresses, contracts, city budget allocation data.","The City of Augusta in Georgia experienced a cyberattack attributed to the BlackByte ransomware gang, which claimed to have stolen sensitive data and demanded a ransom of $400,000. The city confirmed an IT system outage on May 21, 2023, and is investigating the full impact of the breach while working to restore its systems.","2"
"Public Administration (Government)::City of Dallas","City of Dallas","May 1st 2023","United States","not publicly disclosed","not publicly disclosed","The attack caused the City to shut down some of its IT systems to prevent the attack's spread.","not publicly disclosed","The City of Dallas suffered a Royal ransomware attack that impacted its IT infrastructure, including the police dispatch system and public library's computer network. The attack led to the shutdown of various systems, including the City's website, and ransom notes were printed from network printers as part of the attack.","2"
"Public Administration (Government)::City of Oakland","City of Oakland","not publicly disclosed","United States","not publicly disclosed","not publicly disclosed","not publicly disclosed","not publicly disclosed","The Play ransomware group has developed custom tools, Grixba and VSS Copying Tool, to enhance their cyberattack effectiveness. These tools allow attackers to gather information from compromised networks and steal files from Volume Shadow Copy Service, even when in use. The group has targeted several high-profile victims, including the City of Oakland.","3"
"Public Administration (Government)::City of Toronto","City of Toronto","","Canada","not publicly disclosed","not publicly disclosed","not publicly disclosed","not publicly disclosed","The City of Toronto confirmed a data theft incident attributed to the Clop ransomware gang, which exploited a vulnerability in Fortra's GoAnywhere secure file transfer tool. The city is investigating the unauthorized access and is committed to notifying affected individuals if their data is compromised.","2"
"Public Administration (Government)::Fire Rescue Victoria","Fire Rescue Victoria","2022-12-15","Australia","not publicly disclosed","not publicly disclosed","widespread IT outage, emergency response services not impacted","approximately 4,500 employees affected; data includes full names, addresses, email addresses, phone numbers, dates of birth, health information, sensitive information (sexual orientation, race, disability, religion, qualifications, employment history, criminal history, political or religious views), bank account details, superannuation details, government-issued identity information, driver's lice","Fire Rescue Victoria experienced a cyberattack on December 15, 2022, claimed by the Vice Society ransomware gang. The attack resulted in a data breach affecting current and former employees, with sensitive information stolen and a warning issued to staff about potential phishing attempts. Despite the IT outages, emergency services continued to operate without disruption.","2"
"Public Administration (Government)::Miller County, AK","Miller County, AK","2022","United States","$500,000","$500,000","not publicly disclosed","not publicly disclosed","In 2022, ransomware attacks impacted over 200 organizations in the U.S. public sector, including 105 counties, 44 universities and colleges, and 24 healthcare providers. Notably, Miller County, AK experienced a significant incident that spread to 55 counties, with Quincy, MA being the only local government known to have paid a ransom of $500,000. Additionally, hackers stole data in at least 27 incidents across these sectors.","6"
"Public Administration (Government)::City of Antwerp","City of Antwerp","","Belgium","not publicly disclosed","not publicly disclosed","The city's IT, email, and phone services were disrupted, with almost all services unavailable or significantly delayed.","557 GB of data was stolen, including personal information, passports, IDs, and financial documents.","The Play ransomware operation has claimed responsibility for a ransomware attack on the city of Antwerp, disrupting its IT services. The attack resulted in the theft of 557 GB of data, with the threat actors threatening to publish the data unless a ransom is paid.","2"
"Public Administration (Government)::Zwijndrecht police","Zwijndrecht police","","Belgium","not publicly disclosed","not publicly disclosed","not publicly disclosed","thousands of car number plates, fines, crime report files, personnel details, investigation reports","The Ragnar Locker ransomware gang targeted the Zwijndrecht police in Belgium, mistakenly believing they were attacking the municipality. The breach exposed sensitive data, including personal information of staff and details related to ongoing investigations, marking it as one of the largest law enforcement data leaks in Belgium's history.","4"
"Public Administration (Government)::Parliament of Montenegro (Skupstina)","Parliament of Montenegro (Skupstina)","","Montenegro","not publicly disclosed","$10 million","The effects of the incident continue for the tenth day, with no estimate on when services will become available.","Financial documents, correspondence with banks, balance sheets, tax documents, compensation, and source code were stolen.","Montenegro's critical infrastructure was hit by a ransomware attack attributed to the Cuba group, which demanded a ransom of $10 million. The attack has caused significant disruptions, with the government unable to provide a timeline for recovery.","4"
"Public Administration (Government)::Instituto Agrario Dominicano","Instituto Agrario Dominicano","August 18, 2023","Dominican Republic","not publicly disclosed","$650,000","not publicly disclosed","over 1TB of data compromised","The Instituto Agrario Dominicano in the Dominican Republic was hit by a Quantum ransomware attack on August 18, 2023, which encrypted multiple services and workstations. The attackers demanded a ransom of $650,000 and claimed to have stolen over 1TB of data, threatening to release it if the ransom was not paid.","3"
"Public Administration (Government)::Argentina's Judiciary of Córdoba","Argentina's Judiciary of Córdoba","August 15th 2022","Argentina","not publicly disclosed","not publicly disclosed","IT systems shut down to recover from the attack","not publicly disclosed","Argentina's Judiciary of Córdoba suffered a ransomware attack attributed to the Play ransomware operation, leading to a shutdown of its IT systems. The attack caused significant disruption to the Justice system in the province, with ongoing efforts to recover the affected information.","2"
"Public Administration (Government)::Judiciary of Córdoba","Judiciary of Córdoba","August 15th 2022","Argentina","not publicly disclosed","not publicly disclosed","IT systems shut down to recover from the attack","not publicly disclosed","Argentina's Judiciary of Córdoba suffered a ransomware attack attributed to the Play ransomware operation, leading to a shutdown of its IT systems. The attack caused significant disruption to the Justice system in the province, with ongoing recovery efforts to secure information and prevent further spread of the virus.","2"
"Public Administration (Government)::Judiciary of Córdoba, Argentina","Judiciary of Córdoba, Argentina","August 15th 2022","Argentina","not publicly disclosed","not publicly disclosed","IT systems shut down; recovery efforts ongoing","not publicly disclosed","Argentina's Judiciary of Córdoba suffered a ransomware attack attributed to the Play ransomware operation, leading to the shutdown of its IT systems. The attack caused significant disruption, with recovery efforts underway to restore access and secure information.","2"
"Public Administration (Government)::Italian Internal Revenue Service (L'Agenzia delle Entrate)","Italian Internal Revenue Service (L'Agenzia delle Entrate)","","Italy","not publicly disclosed","not publicly disclosed","not publicly disclosed","100 GB of data including company documents, scans, financial reports, and contracts","The LockBit ransomware gang claims to have breached the Italian Internal Revenue Service, stealing 100 GB of sensitive data. They threaten to leak this data online unless a ransom is paid by August 1st. The Italian authorities, including Sogei, are investigating the claims and have stated that no evidence of a cyber attack has been found so far.","2"
"Public Administration (Government)::Costa Rican government","Costa Rican government","not publicly disclosed","Costa Rica","not publicly disclosed","not publicly disclosed","not publicly disclosed","not publicly disclosed","The Conti ransomware gang breached the Costa Rican government's systems, leading to a significant cyberattack. The details of the attack revealed the precision and speed of the gang's operations from initial access to encryption of devices.","2"
"Public Administration (Government)::City of Palermo","City of Palermo","June 9th 2022","Italy","not publicly disclosed","not publicly disclosed","large-scale service outage","not publicly disclosed","The Vice Society ransomware group claimed responsibility for a cyber attack on the City of Palermo, Italy, which resulted in a significant service outage affecting various operations. The attack has led to the municipality shutting down all systems to mitigate the impact of the cyber threat.","2"
"Public Administration (Government)::Municipality of Palermo","Municipality of Palermo","not publicly disclosed","Italy","not publicly disclosed","not publicly disclosed","All services, public websites, and online portals remain offline for at least three days and may last longer.","not publicly disclosed","The municipality of Palermo in Italy suffered a cyberattack that has severely impacted its operations and services, forcing a shutdown of all systems. Local IT experts are working to restore services, but citizens and tourists are unable to access essential online services, leading to significant disruptions.","2"
"Public Administration (Government)::Costa Rican Social Security Fund (CCCS)","Costa Rican Social Security Fund (CCCS)","not publicly disclosed","Costa Rica","not publicly disclosed","not publicly disclosed","CCCS is now working on restoring the affected systems and critical services, but it is impossible to determine how long it will take until systems are back up.","not publicly disclosed","Costa Rica's public health agency, CCCS, was hit by a Hive ransomware attack, causing all computer systems to go offline. The agency confirmed the attack and is currently working on restoring services, while stating that citizens' health and tax information was not compromised.","2"
"Public Administration (Government)::Austrian federal state Carinthia","Austrian federal state Carinthia","not publicly disclosed","Austria","not publicly disclosed","$5 million","Thousands of workstations locked; first systems expected to be available again today.","3,000 systems affected; no evidence of data theft reported.","The Austrian federal state Carinthia was hit by the BlackCat ransomware gang, demanding $5 million to unlock encrypted systems. The attack caused severe operational disruptions, affecting government services including passport issuance and COVID-19 test processing. The state plans to restore systems from backups and has not confirmed any data theft.","2"
"Public Administration (Government)::Saskatchewan Liquor and Gaming Authority (SLGA)","Saskatchewan Liquor and Gaming Authority (SLGA)","December 2021","Canada","not publicly disclosed","not publicly disclosed","not publicly disclosed","not publicly disclosed","RansomHouse is a new data-extortion operation that targets organizations by stealing data and threatening to leak it if a ransom is not paid. The group claims to have launched in December 2021, with the Saskatchewan Liquor and Gaming Authority as one of its first victims, and has since added more victims, including a German airline support service provider.","3"
"Public Administration (Government)::Costa Rica","Costa Rica","April 2022","Costa Rica","not publicly disclosed","not publicly disclosed","not publicly disclosed","not publicly disclosed","Costa Rica declared a national emergency following a massive ransomware attack by the Conti group that affected multiple government bodies. The attack caused significant IT system outages, impacting public services and requiring citizens to pay taxes at banks instead of online.","2"
"Public Administration (Government)::Costa Rican government agencies","Costa Rican government agencies","2022-05-08","Costa Rica","not publicly disclosed","$10 million ransom demanded, government declined to pay","Since April 18th, the Treasury's digital services have been unavailable","672 GB of data dump containing information from multiple government agencies","Costa Rica declared a national emergency due to ongoing cyber attacks from the Conti ransomware group, which has leaked a significant amount of data belonging to government agencies. The group demanded a $10 million ransom from the Ministry of Finance, which the government refused to pay, leading to widespread disruption of digital services.","4"
"Retail Trade and Consumer Services::Marks & Spencer (M&S)","Marks & Spencer (M&S)","Disclosed late April 2025","United Kingdom","M&S disclosed total incident costs of £101.6 million (£82.7m incident response/recovery, £18.9m third-party costs); the company guided to roughly £300 million of lost operating profit for FY2025/26; statutory pre-tax profit fell from £391.9m to £3.4m over the affected half-year; the attack wiped an estimated £750 million off M&S's market capitalization at its worst point.","Not publicly confirmed whether M&S paid; DragonForce publicly claimed the encryption/extortion but no verified payment amount has been disclosed.","Online ordering and click-and-collect were suspended for roughly 6-7 weeks; full operational recovery of automated stock/ordering systems took months.","Customer personal data (names, contact details, order history, dates of birth) was confirmed stolen; M&S stated payment card details were not compromised.","One of the most disruptive retail ransomware incidents on record. Attackers used social-engineering (help-desk/Active Directory compromise) to encrypt core systems; DragonForce contacted M&S's CEO directly via a hacked employee email account. M&S was forced to shut down automated ordering, stock and click-and-collect systems for weeks, reverting to pen-and-paper processes for fresh food and clothing supply.","4"
"Retail Trade and Consumer Services::Co-op Group","Co-op Group","April 2025 (disclosed publicly in stages through mid-2025)","United Kingdom","Co-op reported £206 million in lost revenue attributable to the incident in its official earnings disclosure.","DragonForce demanded payment for the stolen member data; Co-op has not disclosed paying a ransom, and the UK National Crime Agency arrested four suspects (aged 17-20) in July 2025 on Computer Misuse Act, blackmail, and money-laundering charges.","Systems were proactively taken offline to contain the threat; the company described a multi-week restoration process for affected back-office and membership systems.","Personal data of all 6.5 million Co-op members was confirmed stolen (names, dates of birth, emails, phone numbers, home addresses); no financial/payment card data was taken.","Part of the same UK retail campaign that hit M&S and Harrods. DragonForce exfiltrated data via third-party/network access, then escalated to a direct extortion threat via Microsoft Teams and a phone call to Co-op's head of security. Co-op proactively disconnected systems to head off a ransomware deployment, which limited operational disruption relative to M&S but did not stop the data theft.","3"
"Retail Trade and Consumer Services::CDK Global (SaaS/DMS provider to ~15,000 US/Canada auto dealerships - third-party supply-chain incident affecting the retail auto sector broadly)","CDK Global (SaaS/DMS provider to ~15,000 US/Canada auto dealerships - third-party supply-chain incident affecting the retail auto sector broadly)","June 18-19, 2024 (two related attacks)","United States / Canada","Anderson Economic Group estimated total financial damage to dealers at just over $600 million in the first two weeks of the shutdown alone - roughly 24 times the ransom paid.","Attackers initially demanded $10 million, escalating to $50 million; blockchain analysis (TRM Labs) traced approximately 387 BTC (~$25 million) to a BlackSuit-linked wallet on June 21, 2024, consistent with a paid ransom, though CDK never officially confirmed payment.","Dealer systems were down for nearly two weeks; CDK restored services in a phased rollout through late June/early July 2024.","Not publicly detailed at the individual-record level; primary reported impact was operational (sales, financing, service scheduling) rather than a disclosed mass PII leak.","BlackSuit ransomware hit CDK Global, the dominant dealer management system (DMS) provider for North American car dealerships, forcing an industry-wide outage. A second attack during initial recovery on June 19 further delayed restoration. Nearly 15,000 dealerships had to revert to manual, paper-based sales, financing, and service workflows for close to two weeks - a textbook example of concentrated third-party/supply-chain risk in the retail sector.","4"
"Retail Trade and Consumer Services::MGM Resorts International","MGM Resorts International","September 8-11, 2023","United States","MGM disclosed a $100 million negative impact on Q3 2023 results, comprising approximately $84 million in lost revenue (from disrupted hotel, casino and online operations) and $10 million in one-time technology consulting, legal, and third-party advisory expenses.","MGM stated it never considered paying and did not pay a ransom.","Core systems (reservations, digital key cards, slot machines, ATMs) were down for roughly 10 days; full operational recovery took several weeks.","Customer personal information (names, contact details, dates of birth, driver's license and Social Security/passport numbers for some customers) was confirmed stolen.","Scattered Spider used a 10-minute vishing call to MGM's IT help desk (via LinkedIn-sourced employee impersonation) to obtain Okta admin credentials, then handed off to ALPHV/BlackCat for ransomware deployment. MGM chose not to pay and rebuilt systems from backups, causing days of casino, hotel, and slot-machine outages across its Las Vegas properties.","3"
"Retail Trade and Consumer Services::Caesars Entertainment","Caesars Entertainment","August 2023 (disclosed September 2023)","United States","Not broken out publicly as a discrete total-cost figure (unlike MGM); reported impact centered on the ransom payment and associated incident-response/legal costs, which were not separately quantified in public filings.","Attackers initially demanded $30 million; Caesars paid approximately $15 million in cryptocurrency to prevent publication of stolen data.","Caesars avoided the extended, highly visible operational outages MGM experienced, largely because it paid quickly and did not have hotel/casino systems encrypted in the same way.","Loyalty program (Caesars Rewards) database exposed, including driver's license numbers and, for a significant number of members, Social Security numbers.","Scattered Spider socially engineered a third-party IT support vendor for Caesars' identity provider (Okta) to gain network access, exfiltrating loyalty-program customer data before deploying an extortion threat. Unlike MGM, Caesars opted to negotiate and pay, prioritizing avoiding a public data leak and minimizing operational disruption.","3"
"Retail Trade and Consumer Services::Ralph Lauren Corporation","Ralph Lauren Corporation","Compromise reported mid-2025; extortion/leak threats through June 2026","United States","Not publicly disclosed by Ralph Lauren as a discrete cost figure.","ShinyHunters issued a public leak deadline as extortion leverage; no confirmed ransom payment amount has been reported.","No significant operational/store downtime reported - this was a data-theft/extortion event rather than an encryption/availability incident.","More than 220 GB of data claimed stolen, including customer information, transaction records, and documents related to unreleased future product lines.","Part of a broad ShinyHunters campaign that used voice-phishing (vishing) against corporate help desks to trick employees into authorizing a malicious connected app in Salesforce, then exfiltrated data via a modified Salesforce Data Loader - a pure data-extortion attack with no encryption payload, illustrating the sector's growing SaaS/CRM exposure.","3"
"Retail Trade and Consumer Services::Madison Square Garden Sports Corp. (parent of the New York Knicks; consumer/entertainment services)","Madison Square Garden Sports Corp. (parent of the New York Knicks; consumer/entertainment services)","Claimed June 2026","United States","Not publicly disclosed.","Extortion/leak-deadline threat issued by ShinyHunters; no confirmed payment reported.","No reported operational outage - data-theft/extortion event, not an encryption event.","ShinyHunters claimed roughly 26 million records, including 9.8 million emails, ~9,500 dates of birth, and close to 5 million street addresses/full names/phone numbers; a leaked ""Talent"" file reportedly included former Knicks players/coaches, MSG executives' family members, and celebrities.","Same ShinyHunters Salesforce-vishing campaign as Ralph Lauren/JCPenney. Attackers socially engineered access to MSG's client/talent CRM database using the old-fashioned vishing technique, then claimed a very large-scale data theft spanning customers, staff, and celebrities/former players.","3"
"Retail Trade and Consumer Services::Karl Chevrolet / Karl Auto Group","Karl Chevrolet / Karl Auto Group","Unauthorized access before March 27, 2026; discovered April 4, 2026","United States (Iowa)","Not publicly disclosed.","Not disclosed by RansomHouse or the dealership; Karl Auto Group stated it ""did not pay ransom money.""","Phone and computer systems were unavailable over the Easter weekend (roughly April 4-8, 2026 and reportedly beyond, per public customer-facing social media posts); an outside forensic firm was engaged and the FBI/FTC were notified.","Data exposed reportedly included full names, Social Security numbers, driver's license/government ID numbers, financial account information, and passport numbers/images; the number of affected individuals was not disclosed.","A regional single-location car dealership example (contrasted with the CDK/M&S/MGM enterprise-scale cases) illustrating that ransomware targets consumer-services retailers across the full size spectrum, not just national chains. RansomHouse claimed encryption of dealership systems.","1"
"Retail Trade and Consumer Services::PChome (pchome.com.tw) / NetHome Group and subsidiary Bibian","PChome (pchome.com.tw) / NetHome Group and subsidiary Bibian","Claimed June 10, 2026; disclosed publicly late June 2026","Taiwan","Not publicly disclosed.","Not disclosed.","PChome stated its main platforms and payment channels continued operating normally with no evidence of an actual breach to core systems; no confirmed outage was reported.","Settra claimed approximately 102GB of internal data stolen, including personal information for roughly 3.5 million members, nine years of operational records, system architecture diagrams, and employee personnel files; subsidiary Bibian separately confirmed exposure of member names, phone numbers, addresses, and purchase history, which reportedly led to follow-on phishing campaigns against custome","A major Taiwanese e-commerce/payment platform targeted by the emerging Settra group, illustrating ransomware risk to online-retail and embedded-payment infrastructure outside the US/UK. The parent company publicly disputed that its core systems were breached, while an affiliated subsidiary (Bibian) confirmed a related, separate data breach - a useful example of attacker claims vs. victim denial/dispute dynamics common in this sector.","1"
"Retail Trade and Consumer Services::Citi Trends, Inc.","Citi Trends, Inc.","2023-01-14","United States","not publicly disclosed","not publicly disclosed","The Company activated its incident response and business continuity plan to support the restoration of affected systems. Critical operating systems were restored, and the flow of merchandise to stores began to normalize during the third week of February 2023.","Sensitive customer data is not retained on its systems.","Citi Trends, Inc. experienced a disruption of its back office and distribution center IT systems due to Hive ransomware on January 14, 2023. The FBI provided tools to help restore affected systems, and the company's stores and financial systems remained operational throughout the incident.","2"
"Retail Trade and Consumer Services::Marks Spencer","Marks Spencer","","UK","not publicly disclosed","not publicly disclosed","disrupted online orders, contactless payments, and Click Collect service","not publicly disclosed","Marks Spencer suffered a ransomware attack attributed to the DragonForce group, disrupting various online services. The attack utilized tactics associated with Scattered Spider, leading to significant operational disruptions.","2"
"Retail Trade and Consumer Services::Ahold Delhaize","Ahold Delhaize","November 2024","not publicly disclosed","not publicly disclosed","not publicly disclosed","IT systems taken offline for protection","not publicly disclosed","Ahold Delhaize confirmed a data theft incident following a cyberattack attributed to the ransomware group INC Ransom. The company stated that certain files were taken from its U.S. business systems, and the investigation is ongoing to determine the extent of the data affected.","2"
"Retail Trade and Consumer Services::Fourlis Group","Fourlis Group","November 27, 2024","Greece","$23 million","not publicly disclosed","Temporary disruptions in store replenishment and e-commerce operations from December 2024 through February 2025; systems restored with external cybersecurity experts' help.","not publicly disclosed","Fourlis Group, the operator of IKEA stores in Eastern Europe, suffered a ransomware attack just before Black Friday on November 27, 2024, leading to estimated losses of $23 million. The attack primarily impacted IKEA's business operations, causing temporary disruptions in store replenishment and e-commerce, but no evidence of data theft or leaks was found.","3"
"Retail Trade and Consumer Services::Sam's Club","Sam's Club","","United States","not publicly disclosed","not publicly disclosed","not publicly disclosed","not publicly disclosed","Sam's Club is investigating claims of a ransomware breach by the Clop group, which has added the company to its dark web leak site. The company has not confirmed the breach but is prioritizing the security of its members' information.","2"
"Retail Trade and Consumer Services::Avery Products Corporation","Avery Products Corporation","December 9, 2024","United States","not publicly disclosed","not publicly disclosed","not publicly disclosed","61,193 customers affected; first and last names, billing and shipping address, email address, phone number, payment card number, CVV code, expiration date, purchase amount","Avery Products Corporation reported a data breach after its website was hacked to steal customers' credit card and personal information. The breach occurred between July 18, 2024, and December 9, 2024, affecting 61,193 customers. Avery is offering free credit monitoring services to impacted individuals and has set up a dedicated assistance line for inquiries.","2"
"Retail Trade and Consumer Services::AutoCanada","AutoCanada","August 2023","not publicly disclosed","not publicly disclosed","not publicly disclosed","Operational disruptions occurred, but business continued at AutoCanada's 66 dealerships with some customer service operations impacted by delays.","Employee data including full names, addresses, dates of birth, payroll information, social insurance numbers, bank account numbers, and scans of government-issued identification documents.","AutoCanada experienced a ransomware attack in August 2023, claimed by the Hunters International gang, which may have exposed employee data. The company is notifying affected individuals and has implemented measures to enhance security and minimize future risks.","2"
"Retail Trade and Consumer Services::MarineMax","MarineMax","March 10, 2024","USA","$2.39 billion revenue, $835.3 million gross profit","not publicly disclosed","not publicly disclosed","123,494 individuals affected; personal identifier information","MarineMax, the world's largest recreational boat and yacht retailer, experienced a data breach impacting over 123,000 individuals. The Rhysida ransomware gang claimed responsibility for the attack, which involved the theft of personal data from the company's systems. The breach was detected on March 10, 2024, after the attackers gained access to the network on March 1, 2024.","2"
"Retail Trade and Consumer Services::Rite Aid","Rite Aid","June 6, 2024","United States","not publicly disclosed","not publicly disclosed","not publicly disclosed","2.2 million customers' personal information including name, address, date of birth, and driver's license number","Rite Aid reported a data breach impacting 2.2 million customers, where personal information was stolen after attackers breached their network using an employee's credentials. The RansomHub ransomware gang claimed responsibility for the breach, stating they obtained over 10 GB of customer information and threatened to leak it if ransom negotiations failed.","2"
"Retail Trade and Consumer Services::London Drugs","London Drugs","April 2024","Canada","not publicly disclosed","not publicly disclosed","not publicly disclosed","not publicly disclosed","LockBit ransomware claimed responsibility for a cyberattack on Canadian pharmacy chain London Drugs in April 2024. The FBI has recovered over 7,000 decryption keys from LockBit, which can help victims recover their encrypted data. Despite law enforcement efforts to disrupt LockBit's operations, the group remains active and continues to target organizations worldwide.","5"
"Retail Trade and Consumer Services::VF Corporation","VF Corporation","December 15, 2023","United States","not publicly disclosed","not publicly disclosed","VF has substantially restored the IT systems encrypted in the incident but continues to work through minor operational impacts.","approximately 35.5 million individual consumers' personal data","VF Corporation, the owner of brands like Vans and The North Face, reported a ransomware attack that affected over 35 million customers. The breach involved the encryption of IT systems and the theft of personal data, although sensitive information like social security numbers and payment details were not compromised. The company has restored most of its systems but continues to face operational challenges as it investigates the incident.","2"
"Retail Trade and Consumer Services::AutoZone","AutoZone","May 28, 2023","United States","not publicly disclosed","not publicly disclosed","not publicly disclosed","184,995 people; full names, social security numbers, employee names, email addresses, parts supply details, tax information, payroll documents, Oracle database files, data about stores, production and sales information","AutoZone experienced a data breach due to the Clop ransomware gang's exploitation of a MOVEit vulnerability, affecting the data of 184,995 individuals. The breach was reported on May 28, 2023, and the gang published the stolen data on July 7, 2023, which included sensitive employee information but no customer data.","3"
"Retail Trade and Consumer Services::Est e Lauder","Est e Lauder","","not publicly disclosed","not publicly disclosed","not publicly disclosed","not publicly disclosed","not publicly disclosed","The ALPHV ransomware gang, also known as BlackCat, has introduced a new API for their data leak site to increase pressure on victims to pay ransoms. This follows their breach of Est e Lauder, which ignored the gang's ransom demands, prompting the group to mock the company's security measures.","2"
"Retail Trade and Consumer Services::Shutterfly","Shutterfly","July 14th 2023","not publicly disclosed","not publicly disclosed","not publicly disclosed","not publicly disclosed","not publicly disclosed","Shutterfly, an online retail and photography manufacturing platform, was hit by a Clop ransomware attack. The company stated that the attack did not impact customer data.","2"
"Retail Trade and Consumer Services::Saks Fifth Avenue","Saks Fifth Avenue","not publicly disclosed","not publicly disclosed","not publicly disclosed","not publicly disclosed","not publicly disclosed","not disclosed","The Clop ransomware gang claims to have attacked Saks Fifth Avenue, threatening to leak data if a ransom is not paid. The retailer has stated that mock data was stolen, but the specifics of the breach remain unclear.","2"
"Retail Trade and Consumer Services::Indigo Books Music","Indigo Books Music","February 9th 2023","Canada","not publicly disclosed","not publicly disclosed","The website was made unavailable to customers and only cash payments were accepted.","not publicly disclosed","Indigo Books Music, the largest bookstore chain in Canada, was struck by a cyberattack that caused the company to shut down its website and only accept cash payments. The incident occurred on February 9th, 2023, and the details regarding the financial impact and ransom are not publicly disclosed.","2"
"Retail Trade and Consumer Services::Arnold Clark","Arnold Clark","December 23, 2022","United Kingdom","not publicly disclosed","not publicly disclosed","The company's systems were disconnected from the Internet on December 24, and they are working on restoring the compromised systems in a new segregated environment.","Personal information including names, contact details, dates of birth, vehicle details, ID documents (such as passports and driver's licenses), National Insurance numbers (in limited cases), and bank account details were stolen.","Arnold Clark, Europe's largest independent car retailer, experienced a cyberattack on December 23, 2022, claimed by the Play ransomware group. The attack resulted in the theft of personal information from customers, prompting the company to notify affected clients and take measures to secure their systems.","2"
"Retail Trade and Consumer Services::Sobeys","Sobeys","November 11th 2022","Canada","not publicly disclosed","not publicly disclosed","IT systems issues since last weekend","not publicly disclosed","Sobeys, a Canadian food retail giant, has been experiencing IT systems issues due to a ransomware attack attributed to the Black Basta group. The attack has affected grocery stores and pharmacies under the Sobeys brand.","2"
"Retail Trade and Consumer Services::Pendragon Group","Pendragon Group","not publicly disclosed","United Kingdom","not publicly disclosed","$60 million","no impact on operations","5% of the database stolen","Pendragon Group, a U.K. car dealer, was targeted by the LockBit ransomware gang, who demanded a ransom of $60 million to decrypt files and prevent the leak of stolen data. The company confirmed the breach but stated that it did not affect their operations and they have chosen not to pay the ransom. Pendragon reported the incident to law enforcement and the data protection office in the U.K.","3"
"Retail Trade and Consumer Services::Damart","Damart","August 15, 2022","France","$2 million","$2 million demanded","Operations disrupted since August 15; 92 stores impacted and customer support unavailable.","not publicly disclosed","Damart, a French clothing company, was hit by a ransomware attack from the Hive gang, demanding a ransom of $2 million. The attack led to the encryption of some systems and significant operational disruptions, affecting 92 stores and customer services since August 15, 2022.","3"
"Retail Trade and Consumer Services::7-Eleven Denmark","7-Eleven Denmark","not publicly disclosed","Denmark","not publicly disclosed","not publicly disclosed","All 7-Eleven stores in Denmark were shut down while the company investigated the incident. Some stores have resumed operations using local solutions.","not publicly disclosed","7-Eleven Denmark confirmed a ransomware attack that led to the closure of 175 stores across the country. The attack prevented stores from using cash registers or accepting payments, prompting an investigation in cooperation with the police. While there is no evidence of customer data being affected, the potential for data theft remains a concern.","2"
"Retail Trade and Consumer Services::Walmart","Walmart","","not publicly disclosed","not publicly disclosed","$55 million","not publicly disclosed","not publicly disclosed","Walmart has denied being attacked by the Yanluowang ransomware gang, which claimed to have encrypted between 40,000 and 50,000 of their computers. The gang demanded a ransom of $55 million but stated they did not receive a response from Walmart, which maintains that no successful attack occurred.","2"
"Retail Trade and Consumer Services::Fast Shop","Fast Shop","not publicly disclosed","Brazil","not publicly disclosed","not publicly disclosed","network disruption and temporary closure of its online store","not publicly disclosed","Fast Shop, one of Brazil's largest retailers, has suffered an extortion cyberattack that led to network disruption and the temporary closure of its online store. The details regarding the ransom demanded or paid have not been disclosed.","2"
"Retail Trade and Consumer Services::Shoprite Holdings","Shoprite Holdings","not publicly disclosed","not publicly disclosed","not publicly disclosed","$400,000","not publicly disclosed","not publicly disclosed","Shoprite Holdings, Africa's largest supermarket chain, was hit by a ransomware attack. The RansomHouse group extorted the company, leading to significant operational disruptions.","2"
"Telecommunications::Telecom Argentina S.A.","Telecom Argentina S.A.","2020-07-18","Argentina","Not publicly disclosed beyond the ransom demand itself; no confirmed customer-facing outage cost figures reported.","$7.5 million in Monero demanded, rising to $15 million after a 48-hour deadline passed. Telecom Argentina stated it contained the attack and regained access without paying.","Internal corporate systems (not customer-facing telecom/internet service) were disrupted; company said it isolated affected systems and restored operations using backups, without paying the ransom. Precise recovery timeline/cost not publicly disclosed.","Internal corporate/IT systems affected; no large-scale confirmed customer PII leak was publicly documented.","Argentina's largest telecom operator was hit by REvil ransomware that spread via a phishing email to a hijacked internal Domain Admin account, ultimately encrypting more than 18,000 workstations and disrupting internal systems including Office 365, OneDrive, corporate VPN, Citrix, Genesys and customer/field-service virtual machines.","3"
"Telecommunications::Cincinnati Bell (now altafiber)","Cincinnati Bell (now altafiber)","2022-07-02","United States","Not publicly disclosed; no SEC filing or press disclosure of a specific dollar cost was located.","Ransom amount not publicly disclosed; company confirmed it did not pay.","Specific downtime duration and recovery cost not publicly disclosed in available reporting.","Scope/type of data exfiltrated by Yanluowang not publicly detailed in available sources.","US regional telecom/broadband provider Cincinnati Bell was listed as a victim on the Yanluowang ransomware group's leak site; the company publicly refused to pay the ransom.","2"
"Telecommunications::Telecommunications Services of Trinidad and Tobago (TSTT)","Telecommunications Services of Trinidad and Tobago (TSTT)","2023-10-09","Trinidad and Tobago","Not publicly disclosed. Trinidad and Tobago has no mandatory breach-notification law, which delayed and limited public cost disclosure.","Ransom amount not publicly disclosed.","TSTT reported the breach affected availability of internal virtual infrastructure/private cloud; full recovery timeline not publicly quantified. CEO Lisa Agard was subsequently fired following the incident.","Over 1.2 million customer records (mobile, fixed line, broadband) leaked, including full names, emails, national ID numbers, phone numbers and ID scans; the leaked CSV was downloaded 13,000+ times within two weeks; TSTT internal GitLab projects and database dumps were also exposed.","The Caribbean nation's state-owned telecom provider had an administrator's credentials compromised (October 3), leading to a security breach on October 9 that affected its internal virtual infrastructure/private cloud. RansomEXX later released a CSV of customer data on the dark web as proof of the hack.","3"
"Telecommunications::WideOpenWest (WOW!)","WideOpenWest (WOW!)","2025-03-28","United States","In its March 28, 2025 SEC Form 8-K, WideOpenWest stated the incident had not had a material impact on operations and it did not believe it was reasonably likely to materially affect financial condition or results; the company also disputed that sensitive personal information was accessed, contrary to the attacker's claims.","WOW! was given a deadline to negotiate or the data would be sold/leaked; specific dollar ransom demand not publicly disclosed.","No confirmed customer-facing service outage reported; incident was primarily a backend data-access/exfiltration event rather than an encryption/downtime event.","Arkana claimed theft of 403,000 WOW! user account records (names, usernames, salted passwords, emails, login histories, security Q&As) plus a separate CSV of 2.2 million records (names, addresses, phone numbers, device data).","A newly-emerged data-extortion group, Arkana Security, breached major US cable/ISP WOW! after an employee's device was infected with infostealer malware in September 2024, harvesting credentials for backend platforms Symphonica and AppianCloud that gave attackers alleged full backend control (they released a demo video). This was Arkana's debut, high-profile attack.","4"
"Telecommunications::SK Telecom","SK Telecom","2025-04-19","South Korea","Record $97.2 million (KRW 134.8 billion) fine from South Korea's Personal Information Protection Committee, plus a ~$7,000 fine for late breach reporting; the Korea Consumer Agency separately ordered SK Telecom to pay ~$67 (100,000 won) compensation to each of the 23 million affected users; SK Telecom committed roughly $514 million to a security-overhaul 'Accountability and Commitment Program,' plus bill discounts, fee waivers and free data.","No ransom payment publicly reported; this was primarily treated as a state-linked/criminal espionage-style data breach rather than a classic encryption ransomware case, though listed as a data-leak/extortion incident by dark-web trackers.","No major network outage; SK Telecom offered free SIM replacements to all customers as remediation.","25 types of personal information for 23.2 million subscribers exposed, including phone numbers, IMSI numbers, and USIM authentication keys - raising SIM-swap and surveillance risk.","South Korea's largest mobile carrier (~23M subscribers) disclosed a breach of its Home Subscriber Server after detecting unusual traffic on April 22, 2025. Investigation found BPFDoor malware present undetected on at least 28 servers (33 variants) since as early as 2022, exfiltrating USIM authentication keys and other subscriber identifiers.","4"
"Telecommunications::Colt Technology Services","Colt Technology Services","2025-08-12","United Kingdom (multinational operations across ~40 countries)","Specific dollar cost of the incident not publicly disclosed by Colt; impact described qualitatively as affecting 27,000+ customers across ~40 countries.","WarLock demanded $200,000 for the stolen data cache and posted samples on dark-web forums as proof.","Outage began August 12, 2025; Colt stated the majority of recovery would take 8-10 weeks, with customer portal, hosting APIs and voice-on-demand tools still offline in early October 2025 - a multi-month recovery, unusually long for a major telecom provider.","WarLock claimed theft of over one million documents including employee salary data, customer contact information, internal executive personal information, and confidential emails.","Global business telecom provider Colt was breached via exploitation of the SharePoint remote-code-execution vulnerability CVE-2025-53770, leading to a multi-day (ultimately multi-week/multi-month) outage of Colt Online customer portal, hosting APIs, and Voice API/porting platforms; core network infrastructure reportedly remained largely unaffected. Colt publicly attributed responsibility to the WarLock ransomware group.","4"
"Telecommunications::Orange S.A. (Orange Group, incl. Orange Belgium subsidiary)","Orange S.A. (Orange Group, incl. Orange Belgium subsidiary)","2025-07-25","France (with Belgium subsidiary separately affected)","Not publicly disclosed.","Specific ransom amount not publicly disclosed for the Orange S.A. incident.","Orange stated the attacker had only limited access and exfiltrated mostly 'outdated or low-sensitivity data'; no major prolonged network outage reported (unlike Colt).","~4GB of internal data published on the dark web by WarLock; Orange characterized the exposed data as largely outdated/low-sensitivity. The related Orange Belgium breach separately impacted 850,000 customer accounts.","French telecom giant Orange disclosed a security incident at the end of July 2025 involving internal systems, using the same SharePoint exploitation chain (webshells, Group Policy abuse, credential theft, lateral movement) attributed to WarLock. The group publicly claimed the attack on August 17, 2025 and released roughly 4GB of data. A separate, related incident hit Orange Belgium, affecting 850,000 customer accounts.","4"
"Telecommunications::American Tower Corporation","American Tower Corporation","2026-06-12","United States","Not publicly disclosed as of this research.","Extortion demand made; American Tower did not comply and data was leaked. Specific dollar figure not publicly disclosed.","No network/tower service outage publicly reported; incident was a data-exfiltration/extortion event rather than an encryption/availability event.","Attackers claimed over 5.2 million records including customer and landowner PII, records referencing other companies' infrastructure (T-Mobile, Verizon, US DHS), tower asset records with GPS coordinates, and plaintext physical access/gate codes for cell tower compounds; 216,601 accounts were added to Have I Been Pwned on June 26, 2026.","One of the world's largest cell-tower/telecom infrastructure REITs was breached in a 'pay-or-leak' extortion campaign by ShinyHunters. After American Tower did not pay by the group's June 15, 2026 deadline, the attackers published the stolen files - notable for exposing physical-security data (tower gate/access codes) rather than just customer records, illustrating the physical-infrastructure risk unique to telecom tower operators.","3"
"Telecommunications::Lumen Technologies, Inc.","Lumen Technologies, Inc.","2023-03-27","United States","not publicly disclosed","not publicly disclosed","The Company implemented business continuity plans to restore functionality to its customers’ operational and business systems.","A limited amount of data was extracted, but the specific number of records or individuals affected is not publicly disclosed.","On March 27, 2023, Lumen Technologies announced two cybersecurity incidents. A ransomware attack affected a limited number of the Company’s servers, degrading operations for some enterprise customers. Additionally, a separate intrusion involved unauthorized access to internal IT systems, including data extraction.","2"
"Telecommunications::Ascom","Ascom","","Switzerland","not publicly disclosed","not publicly disclosed","no impact on the company s business operations","44GB of data stolen, including source code, project details, invoices, confidential documents, and issues from the ticketing system","Ascom, a Swiss telecommunications company, confirmed a cyberattack by the HellCat hacking group that targeted its Jira servers. The hackers claimed to have stolen 44GB of sensitive data, including source code and confidential documents, but the company stated that the incident did not impact its business operations.","2"
"Telecommunications::BT Group","BT Group","","United Kingdom","not publicly disclosed","not publicly disclosed","Some servers were taken offline and isolated, but BT Conferencing services remained fully operational.","500GB of data allegedly stolen, including financial and organizational data, users data and personal documents, NDA documents, and confidential information.","BT Group's BT Conferencing division experienced a breach by the Black Basta ransomware gang, which claimed to have stolen 500GB of sensitive data. Although the company stated that the incident did not impact their operations, they took certain servers offline as a precaution. The attackers threatened to leak the stolen data on their dark web site.","2"
"Telecommunications::Frontier Communications","Frontier Communications","April 14, 2024","United States","not publicly disclosed","not publicly disclosed","Some systems were shut down to contain the attack; customers reported Internet connection issues during the attack.","751895 customers' full names and Social Security Numbers (SSNs) were confirmed as breached; 5GB of data allegedly stolen containing information of 2 million customers.","Frontier Communications reported a data breach affecting 750,000 customers after a cyberattack attributed to the RansomHub ransomware group. The breach exposed personal information, including full names and Social Security Numbers, and the attackers threatened to leak additional data unless their demands were met.","2"
"Telecommunications::Tigo Business","Tigo Business","","Paraguay","not publicly disclosed","not publicly disclosed","not publicly disclosed","over 330 servers encrypted; backups compromised","Tigo Business, the largest mobile carrier in Paraguay, suffered a ransomware attack attributed to the Black Hunt group, impacting their cloud and hosting services. The attack reportedly encrypted over 330 servers and compromised backups, affecting more than 300 associated companies.","2"
"Telecommunications::Grupo GTD","Grupo GTD","2023-10-23","Chile","not publicly disclosed","not publicly disclosed","Partial impact on services, including IaaS platform and shared services; specific services like IP telephony and VPNs were affected.","not publicly disclosed","Chilean telecom giant Grupo GTD was hit by a ransomware attack on October 23, 2023, impacting its Infrastructure as a Service (IaaS) platform and disrupting various online services. The attack involved the Rorschach ransomware gang, which utilized DLL sideloading vulnerabilities to execute the ransomware payload.","3"
"Telecommunications::Intrado","Intrado","December 1","not publicly disclosed","not publicly disclosed","$60 million","Intrado experienced a widespread outage impacting all services, including Unified Communication Services and Healthcare, starting December 1. Most services have been restored, but healthcare services were still experiencing intermittent issues as of December 21.","Internal documents, passports, and employee driver's licenses","Royal Ransomware claimed responsibility for a cyber attack on telecommunications provider Intrado, demanding a ransom of $60 million after stealing sensitive data. The attack coincided with a significant outage affecting Intrado's services, and the group threatened to leak the stolen data unless the ransom is paid.","2"
"Telecommunications::Bell Technical Solutions (BTS)","Bell Technical Solutions (BTS)","September 15th 2022","not publicly disclosed","not publicly disclosed","not publicly disclosed","not publicly disclosed","not publicly disclosed","The Hive ransomware gang claimed responsibility for a cyberattack on Bell Technical Solutions, a subsidiary of Bell Canada. The details regarding the extent of the attack and the data affected have not been disclosed.","2"
"Telecommunications::Bell Technical Solutions","Bell Technical Solutions","August 20, 2022","Canada","not publicly disclosed","not publicly disclosed","BTS' website is currently inaccessible; immediate steps were taken to secure affected systems.","operational company and employee information; names, addresses, and phone numbers of residential and small business customers in Ontario and Quebec who booked a technician visit","The Hive ransomware gang claimed responsibility for a cyberattack on Bell Technical Solutions, a subsidiary of Bell Canada. The attack, which occurred on August 20, 2022, resulted in the encryption of BTS' systems and unauthorized access to operational company and employee information, as well as customer details. Bell Canada has since alerted customers and is investigating the incident with law enforcement.","2"
"Telecommunications::Mitel","Mitel","not publicly disclosed","not publicly disclosed","not publicly disclosed","not publicly disclosed","not publicly disclosed","not publicly disclosed","Hackers exploited a zero-day vulnerability in Mitel MiVoice VOIP appliances, believed to be part of a ransomware attack. Although the attack was stopped, the vulnerability allowed for remote code execution and potential lateral movement within the network.","3"
"Transportation and Warehousing::A.P. Moller-Maersk","A.P. Moller-Maersk","2017-06-27","Denmark (global operations across 130+ countries)","Maersk publicly estimated total costs of $200-300 million (lost revenue, IT restoration, and extraordinary operating costs), disclosed in investor communications; widely cited as one of the costliest cyber incidents in history at the time.","Not applicable in the traditional sense — NotPetya had no functioning decryption mechanism; no ransom was viably payable or paid despite a nominal $300 in Bitcoin demanded on-screen.","Core systems were down for roughly 10 days; a full IT rebuild (including a 'miracle' surviving domain controller found in Ghana) took an emergency response team working around the clock roughly a week to restore booking systems, with normal port operations taking longer to stabilize.","Primarily an operational/availability impact (systems wiped) rather than a data-exfiltration/breach event; no large-scale customer PII exposure was reported.","The NotPetya wiper, disguised as ransomware, spread globally via a compromised Ukrainian accounting software update (M.E.Doc) and crippled Maersk's global IT infrastructure, forcing the reinstallation of roughly 4,000 servers and 45,000 PCs and halting container booking and port operations across multiple countries.","4"
"Transportation and Warehousing::Toll Group","Toll Group","2020-02-05 (first attack, Mailto/Nefilim-linked); second attack 2020-05-05 (Nefilim)","Australia","Not publicly disclosed as a specific dollar figure by Toll Group; operational disruption affected freight booking, invoicing, and customer service for weeks across both incidents.","Not publicly disclosed; Toll Group stated it did not pay.","First attack: core IT systems and ~1,000 servers taken offline, with a multi-week recovery of booking/tracking portals. Second attack (three months later): MyToll portal and other systems again disrupted for an extended period while freight shipments continued via manual workarounds.","Nefilim attackers stole and published approximately 220GB of data from at least one server, including current and former employee information.","Australian freight and logistics giant Toll Group was hit by ransomware twice within three months in 2020. The first attack infected roughly 1,000 servers and forced a full network shutdown; the second (Nefilim, a double-extortion group) again took down the MyToll customer portal and stole and threatened to leak data.","3"
"Transportation and Warehousing::Expeditors International of Washington","Expeditors International of Washington","2022-02-20","United States (global freight forwarding operations)","Per SEC 10-K/8-K filings: approximately $62 million in incremental demurrage charges (inability to timely move shipments through ports) and approximately $28 million in investigation, recovery, and remediation expenses in H1 2022 — commonly summarized in press coverage as roughly $60 million in total incident-related costs; company also disclosed lower shipment volumes and revenue impact as customers shifted to competitors during the outage.","Not publicly disclosed.","Systems were shut down company-wide starting February 20, 2022; recovery of operating and accounting systems extended over several weeks, with the company still describing 'material adverse impact' months later in its Q1 2022 disclosures.","Not detailed in public filings as a large-scale data breach; disclosures focused primarily on operational/financial impact rather than confirmed record counts of exposed data.","Global freight forwarder Expeditors International proactively shut down most of its global operating systems after detecting a cyberattack, disrupting its ability to move shipments through ports and process customer orders for weeks, with effects disclosed as materially impacting quarterly results in SEC filings.","4"
"Transportation and Warehousing::Port of Nagoya (Nagoya Harbor Transportation Association / Nagoya United Terminal System)","Port of Nagoya (Nagoya Harbor Transportation Association / Nagoya United Terminal System)","2023-07-04","Japan","Not publicly quantified in dollar terms; impact described qualitatively as significant given the port's role in ~10% of Japan's total trade volume and its handling of major automotive exports (Toyota).","Not publicly disclosed.","Container operations were fully suspended for roughly 2-3 days (attack detected July 4, most terminals resumed by July 6) after servers were isolated and systems restored from backup.","Primarily an OT/operational-availability incident (terminal management system encrypted); no large-scale personal data exposure was publicly reported.","Japan's largest and busiest cargo port (handling ~10% of Japan's trade volume, including Toyota vehicle exports) suffered a ransomware attack on its Nagoya Port Unified Terminal System (NUTS), the central OT/IT system managing container terminal operations, halting all container loading/unloading operations.","4"
"Transportation and Warehousing::KNP Logistics Group (Knights of Old)","KNP Logistics Group (Knights of Old)","2023-06","United Kingdom","Not disclosed as a precise incident-remediation cost; the ultimate financial outcome was total business collapse — KNP Logistics Group entered insolvency/administration, with the ransomware attack cited by administrators as a decisive contributing factor alongside pre-existing market pressures.","Ransom demand reported at approximately GBP 5 million (some reporting cites GBP 5-6 million); not paid.","Critical operational and financial systems were encrypted and unusable; the company was unable to recover operationally and ceased trading roughly three months after the attack rather than completing a technical recovery.","Financial and operational data was encrypted/compromised; approximately 730 employees lost their jobs when the company subsequently collapsed into administration.","Akira ransomware operators brute-forced a weak employee password (no MFA in place) to breach 158-year-old UK haulage firm KNP Logistics, encrypting critical systems and data. The already financially strained company was unable to secure emergency investment in the aftermath and entered administration roughly three months later.","4"
"Transportation and Warehousing::Estes Express Lines","Estes Express Lines","2023-09-26 (network access); breach discovered/disclosed October-December 2023","United States","Not publicly disclosed as a specific dollar figure; costs would include forensic investigation, legal defense of the resulting class action, and regulatory notification expenses.","Estes publicly stated it refused to pay the ransom; specific demand amount not disclosed.","Forensic investigation concluded November 7, 2023; notification to affected individuals began December 4, 2023 — roughly ten weeks after initial network access. Operational downtime specifics were not detailed in public reporting.","Breach affected 21,184 individuals per filing with the Maine Attorney General; compromised data included names and Social Security numbers of current/former employees, job applicants, and/or customers. LockBit published the stolen data on its leak site November 13, 2023.","Major North American less-than-truckload (LTL) freight carrier Estes Express Lines was breached by the LockBit ransomware gang, which stole personal data and later published it on its leak site after Estes declined to pay. Estes disclosed the breach to regulators and affected individuals over the following months, triggering a class-action lawsuit.","4"
"Transportation and Warehousing::ORBCOMM (FleetManager / BT-series ELD platform)","ORBCOMM (FleetManager / BT-series ELD platform)","2023-09-06","United States (impact felt across the broader North American trucking industry as a third-party/supply-chain event)","Not publicly disclosed by ORBCOMM; downstream financial impact on the many trucking companies dependent on the affected ELD/FleetManager services was not separately quantified in public reporting.","Not publicly disclosed.","Outage began September 6, 2023; ORBCOMM targeted September 28, 2023 for full restoration of impacted services — an outage window of roughly three weeks.","Primarily an availability/operational-technology impact (fleet tracking and ELD compliance systems down) rather than a disclosed data-exfiltration event; the Federal Motor Carrier Safety Administration (FMCSA) issued a temporary enforcement waiver allowing affected carriers to use paper logs beyond the normal 8-day limit.","ORBCOMM, a major provider of Electronic Logging Device (ELD) and fleet-tracking technology used by numerous trucking companies, suffered a ransomware attack that took down its FleetManager platform and BT500/BT504 ELD hardware line, forcing truckers using affected devices to revert to paper logs. Illustrates concentrated third-party/supply-chain risk in transportation: a single vendor outage cascaded across many downstream carriers and triggered a federal regulatory response.","3"
"Transportation and Warehousing::JAS Worldwide","JAS Worldwide","2024-08-27","United States (global freight-forwarding operations, headquartered in Atlanta, Georgia)","Not publicly disclosed.","Not publicly disclosed.","Disruption began August 27, 2024; the company reported most core systems restored and functioning normally within days, with full recovery and resumption of pre-incident business levels across most geographies described as substantially complete within roughly two weeks.","JAS disclosed a leak of over 400 data records; the majority of its contract logistics business and several entities were reported unaffected.","Global freight forwarder JAS Worldwide suffered a ransomware/malware attack that disrupted core operating systems, customer service, billing/payment systems, and its central operations platform (C1) and customer-facing JAS SmartHub portal.","4"
"Transportation and Warehousing::RTX Corporation","RTX Corporation","2025-09-19","United States","not publicly disclosed","not publicly disclosed","Customers have shifted to back-up or manual processes and have experienced certain flight delays and cancellations.","not publicly disclosed","On September 19, 2025, RTX Corporation reported a ransomware incident affecting its Multi-User System Environment (MUSE) passenger processing software. The company activated its incident response plan and is investigating the incident with the help of cybersecurity experts while communicating with affected airlines and airports.","2"
"Transportation and Warehousing::Manchester Airports Group","Manchester Airports Group","","United Kingdom","not publicly disclosed","not publicly disclosed","The incident has not resulted in any operational disruption, and customer parking services continue to operate normally.","Potentially 8.9 million travelers' data including email addresses, phone numbers, vehicle registration numbers, and postcodes.","Manchester Airports Group disclosed that hackers breached its systems and stole customer data, including Wi-Fi sign-ups and details related to car park, lounge, and Fast Track bookings. The attack did not access payment details and had no impact on airport operations, but MAG has temporarily suspended its online Manage My Booking service as a precaution.","3"
"Transportation and Warehousing::Port of Seattle","Port of Seattle","August 2024","United States","not publicly disclosed","not publicly disclosed","disrupted multiple services and systems, including reservation check-in systems, passenger display boards, the Port of Seattle website, and delayed flights","approximately 90,000 individuals affected; data types include names, dates of birth, Social Security numbers, driver's license numbers, and some medical information","The Port of Seattle experienced a ransomware attack in August 2024, impacting the personal information of roughly 90,000 individuals. The Rhysida ransomware group was identified as the perpetrator, and the Port refused to pay the ransom despite threats to publish stolen data.","2"
"Transportation and Warehousing::Americold","Americold","April 26, 2023","not publicly disclosed","not publicly disclosed","not publicly disclosed","Americold had to shut down its IT network to contain the breach and rebuild the impacted systems.","Over 129,000 employees and their dependents had their personal information stolen, including names, addresses, Social Security numbers, driver's license/state ID numbers, passport numbers, financial account information, and employment-related health insurance and medical information.","Cold storage giant Americold confirmed a data breach after an April attack claimed by Cactus ransomware, affecting over 129,000 employees and their dependents. The attackers stole personal information and leaked a 6GB archive of sensitive documents, prompting Americold to shut down its IT network to contain the breach.","2"
"Transportation and Warehousing::Allied Pilots Association","Allied Pilots Association","October 30, 2023","not publicly disclosed","not publicly disclosed","not publicly disclosed","The IT team and outside experts are working on restoring systems impacted by the ransomware attack from backups, focusing on pilot-facing products and tools.","not publicly disclosed","The Allied Pilots Association, representing 15,000 American Airlines pilots, experienced a ransomware attack that encrypted certain systems. The union is currently investigating the incident and working to restore affected systems with the help of cybersecurity experts.","3"
"Transportation and Warehousing::Air Canada","Air Canada","not publicly disclosed","Canada","not publicly disclosed","not publicly disclosed","not publicly disclosed","210GB of data stolen","The BianLian extortion group claims to have breached the network of Air Canada, stealing 210GB of data. As a result, they are extorting the airline, threatening to leak the stolen data if their demands are not met.","2"
"Transportation and Warehousing::ORBCOMM","ORBCOMM","September 6, 2023","not publicly disclosed","not publicly disclosed","not publicly disclosed","Service restoration expected by September 29, 2023","not publicly disclosed","ORBCOMM, a trucking and fleet management solutions provider, confirmed a ransomware attack on September 6, 2023, causing significant service outages for customers. The attack has impacted their FleetManager platform and Blue Tree product line, preventing trucking companies from managing their fleets effectively.","2"
"Transportation and Warehousing::Auckland Transport","Auckland Transport","","New Zealand","not publicly disclosed","not publicly disclosed","AT's website and HOP services might return to normal operations early next week.","not publicly disclosed","Auckland Transport in New Zealand is experiencing a widespread outage due to a suspected ransomware attack, affecting various customer services including the HOP integrated ticketing system. Investigations are ongoing, and while there are concerns about potential data exposure, AT believes the incident is isolated and that no personal or financial data has been accessed.","2"
"Transportation and Warehousing::Port of Nagoya","Port of Nagoya","2023-07-04","Japan","not publicly disclosed","not publicly disclosed","Operations planned to resume by 08:30 AM the day after the attack.","not publicly disclosed","The Port of Nagoya, Japan's largest port, was hit by a ransomware attack on July 4, 2023, disrupting container terminal operations. The attack caused significant financial losses and halted all container loading and unloading operations.","2"
"Transportation and Warehousing::Royal Mail","Royal Mail","January 10, 2023","United Kingdom","not publicly disclosed","not publicly disclosed","Royal Mail experienced severe service disruption to its international export services but has resumed some services as of February 3, 2023.","not publicly disclosed","The LockBit ransomware gang claimed responsibility for a cyberattack on Royal Mail that disrupted international shipping services. The attack was detected on January 10, 2023, and Royal Mail is investigating the incident with external forensic experts and UK security agencies. LockBit has threatened to publish stolen data if their ransom is not paid.","2"
"Transportation and Warehousing::Wabtec Corporation","Wabtec Corporation","2022-03-15","United States","not publicly disclosed","not publicly disclosed","not publicly disclosed","not publicly disclosed","Wabtec Corporation experienced a data breach following a ransomware attack by LockBit, which exposed sensitive personal information. The breach was detected on June 26, 2022, and data was leaked on August 20, 2022, after a ransom was presumably not paid.","2"
"Transportation and Warehousing::Port of Lisbon Administration (APL)","Port of Lisbon Administration (APL)","2022-12-25","Portugal","not publicly disclosed","$1,500,000","The port's official website remains offline, but operations were not impacted according to the company statement.","Financial reports, audits, budgets, contracts, cargo information, ship logs, crew details, customer PII, port documentation, email correspondence.","The LockBit ransomware gang claimed an attack on the Port of Lisbon Administration on Christmas day, threatening to leak stolen data unless a ransom of $1,500,000 is paid. The port's operations were reportedly unaffected, but the official website is currently offline, and the gang has already published samples of the stolen data.","3"
"Transportation and Warehousing::transportation and logistics organizations in Ukraine and Poland","transportation and logistics organizations in Ukraine and Poland","not publicly disclosed","Ukraine and Poland","not publicly disclosed","not publicly disclosed","not publicly disclosed","not publicly disclosed","A series of ransomware attacks targeting transportation and logistics organizations in Ukraine and Poland have been linked to the Russian Sandworm threat group. The attacks, utilizing Prestige ransomware, have been noted for their sophisticated deployment methods and are part of a broader pattern of Russian state-aligned cyber activity in the region.","4"
"Transportation and Warehousing::TAP Air Portugal","TAP Air Portugal","not publicly disclosed","Portugal","not publicly disclosed","not publicly disclosed","The website and app experienced instability and were unable to function properly due to the cyberattack.","Hundreds of Gigabytes of data might have been compromised, including customer information such as names, dates of birth, emails, and addresses.","TAP Air Portugal was targeted by the Ragnar Locker ransomware gang, which claimed to have attacked the airline's systems. Although TAP stated that the attack was blocked and no customer data was accessed, the ransomware group threatened to release evidence contradicting this claim, suggesting that significant amounts of customer data may have been compromised.","2"
"Transportation and Warehousing::SpiceJet","SpiceJet","May 25, 2022","India","not publicly disclosed","not publicly disclosed","Flights experienced delays ranging from two to five hours, with some cancellations due to operational restrictions.","not applicable","SpiceJet, a low-cost Indian airline, faced an attempted ransomware attack that impacted its systems and caused significant flight delays. The IT team managed to contain the attack, restoring normal operations, but customer reports indicated ongoing issues with service availability and booking systems.","2"