id,name,parent,kind
"initial access vectors::help desk call center social engineering and vishing to reset mfa or credentials scattered spider style attacks on mgm caesars","Help-desk / call-center social engineering and vishing to reset MFA or credentials (Scattered Spider-style attacks on MGM, Caesars)","Initial access vectors","hazard"
"initial access vectors::phishing and callback phishing eg silent ransom group style tactics","Phishing and callback phishing (e.g., Silent Ransom Group-style tactics)","Initial access vectors","hazard"
"initial access vectors::compromised or purchased credentials often sourced via infostealer malware from employee or third party devices","Compromised or purchased credentials, often sourced via infostealer malware from employee or third-party devices","Initial access vectors","hazard"
"initial access vectors::exploitation of internet facing pms booking or pos software vulnerabilities","Exploitation of internet-facing PMS, booking, or POS software vulnerabilities","Initial access vectors","hazard"
"initial access vectors::compromise of third party it support managed service providers with privileged remote access","Compromise of third-party IT support/managed service providers with privileged remote access","Initial access vectors","hazard"
"initial access vectors::compromise via franchise partner networks with shared or federated access to corporate systems","Compromise via franchise/partner networks with shared or federated access to corporate systems","Initial access vectors","hazard"
"extortion tactics::encryption of operational systems pms pos reservations causing immediate highly visible service disruption","Encryption of operational systems (PMS, POS, reservations) causing immediate, highly visible service disruption","Extortion tactics","hazard"
"extortion tactics::data exfiltration and double triple extortion threatening publication of guest loyalty pii id scans financial data","Data exfiltration and double/triple extortion (threatening publication of guest/loyalty PII, ID scans, financial data)","Extortion tactics","hazard"
"extortion tactics::direct harassment of executives guests or loyalty program members with stolen data","Direct harassment of executives, guests, or loyalty-program members with stolen data","Extortion tactics","hazard"
"extortion tactics::publication of sensitive operational or ip like materials eg unreleased attraction designs menus pricing as leverage distinct to entertainment theme park operators","Publication of sensitive operational or IP-like materials (e.g., unreleased attraction designs, menus, pricing) as leverage distinct to entertainment/theme-park operators","Extortion tactics","hazard"
"extortion tactics::timing attacks to coincide with peak seasons holidays or major events to maximize revenue loss pressure and increase likelihood of ransom payment","Timing attacks to coincide with peak seasons, holidays, or major events to maximize revenue-loss pressure and increase likelihood of ransom payment","Extortion tactics","hazard"
"extortion tactics::pure data theft extortion without encryption eg shinyhunters scattered spider linked groups increasingly skip encryption and threaten to leak only","Pure data-theft extortion without encryption (e.g., ShinyHunters/Scattered Spider-linked groups increasingly skip encryption and threaten-to-leak only)","Extortion tactics","hazard"
"operational technology ot and physical safety adjacent risk::casino floor and gaming machine network disruption","Casino floor and gaming-machine network disruption","Operational technology (OT) and physical-safety-adjacent risk","hazard"
"operational technology ot and physical safety adjacent risk::digital door lock and access control system failures stranding guests or preventing check in","Digital door-lock and access-control system failures stranding guests or preventing check-in","Operational technology (OT) and physical-safety-adjacent risk","hazard"
"operational technology ot and physical safety adjacent risk::point of sale payment terminal outages forcing cash only operations","Point-of-sale/payment terminal outages forcing cash-only operations","Operational technology (OT) and physical-safety-adjacent risk","hazard"
"operational technology ot and physical safety adjacent risk::ride attraction control and building management system exposure at theme parks and large venues","Ride/attraction control and building-management system exposure at theme parks and large venues","Operational technology (OT) and physical-safety-adjacent risk","hazard"
"operational technology ot and physical safety adjacent risk::kitchen ordering and inventory system outages disrupting food safety and service continuity","Kitchen, ordering, and inventory system outages disrupting food safety and service continuity","Operational technology (OT) and physical-safety-adjacent risk","hazard"
"third party and supply chain risk::managed service provider msp it help desk vendor compromise root cause of mgm and caesars incidents","Managed service provider (MSP) / IT help-desk vendor compromise (root cause of MGM and Caesars incidents)","Third-party and supply-chain risk","hazard"
"third party and supply chain risk::saas booking pms or supply chain platform compromise affecting many downstream hotel restaurant brands simultaneously mirrors blue yonder type incidents verizon dbir flagged for accommodation food services","SaaS booking, PMS, or supply-chain platform compromise affecting many downstream hotel/restaurant brands simultaneously (mirrors Blue Yonder-type incidents Verizon DBIR flagged for accommodation/food services)","Third-party and supply-chain risk","hazard"
"third party and supply chain risk::construction renovation or facilities contractor breaches exposing sensitive operational data disneyland paris partner breach","Construction, renovation, or facilities contractor breaches exposing sensitive operational data (Disneyland Paris partner breach)","Third-party and supply-chain risk","hazard"
"third party and supply chain risk::franchise master licensor shared infrastructure compromise cascading to independently owned locations","Franchise/master-licensor shared infrastructure compromise cascading to independently owned locations","Third-party and supply-chain risk","hazard"
"third party and supply chain risk::payment processor or gift card platform compromise","Payment processor or gift-card platform compromise","Third-party and supply-chain risk","hazard"
"insider and workforce risk::high staff turnover creating stale orphaned credentials and inconsistent access de provisioning","High staff turnover creating stale/orphaned credentials and inconsistent access de-provisioning","Insider and workforce-related risk","hazard"
"insider and workforce risk::seasonal and temporary contract staff with broad system access and less security training","Seasonal and temporary/contract staff with broad system access and less security training","Insider and workforce-related risk","hazard"
"insider and workforce risk::front desk pos level social engineering targets staff empowered to make account reservation changes","Front-desk/POS-level social engineering targets (staff empowered to make account/reservation changes)","Insider and workforce-related risk","hazard"
"insider and workforce risk::shared or weakly managed credentials across large decentralized property networks","Shared or weakly managed credentials across large, decentralized property networks","Insider and workforce-related risk","hazard"
"regulatory contractual and reputational exposure::pci dss obligations for any entity processing card payments hotels restaurants casinos ticketing","PCI-DSS obligations for any entity processing card payments (hotels, restaurants, casinos, ticketing)","Regulatory, contractual and reputational exposure","hazard"
"regulatory contractual and reputational exposure::state national breach notification laws frequent driver of disclosed incident detail in this sector as seen in maine ag filings","State/national breach-notification laws (frequent driver of disclosed incident detail in this sector, as seen in Maine AG filings)","Regulatory, contractual and reputational exposure","hazard"
"regulatory contractual and reputational exposure::gaming commission and casino regulator compliance obligations","Gaming-commission and casino-regulator compliance obligations","Regulatory, contractual and reputational exposure","hazard"
"regulatory contractual and reputational exposure::gdpr international privacy law exposure for globally operating hotel chains and cruise lines","GDPR/international privacy law exposure for globally operating hotel chains and cruise lines","Regulatory, contractual and reputational exposure","hazard"
"regulatory contractual and reputational exposure::consumer class action litigation risk following large loyalty program or guest data breaches mgm caesars marriott","Consumer class-action litigation risk following large loyalty-program or guest-data breaches (MGM, Caesars, Marriott)","Regulatory, contractual and reputational exposure","hazard"
"regulatory contractual and reputational exposure::brand reputational risk disproportionate to direct financial loss given guest trust dependent business models","Brand/reputational risk disproportionate to direct financial loss, given guest-trust-dependent business models","Regulatory, contractual and reputational exposure","hazard"
"guest facing reservation and property systems::property management systems pms for hotels resorts","Property Management Systems (PMS) for hotels/resorts","Guest-facing reservation and property systems","exposure"
"guest facing reservation and property systems::central reservation systems crs and channel managers ota integrations","Central reservation systems (CRS) and channel managers (OTA integrations)","Guest-facing reservation and property systems","exposure"
"guest facing reservation and property systems::digital room key electronic lock systems","Digital room-key / electronic lock systems","Guest-facing reservation and property systems","exposure"
"guest facing reservation and property systems::restaurant venue reservation and table management platforms","Restaurant/venue reservation and table-management platforms","Guest-facing reservation and property systems","exposure"
"guest facing reservation and property systems::ticketing and admissions systems theme parks museums theaters sporting entertainment venues","Ticketing and admissions systems (theme parks, museums, theaters, sporting/entertainment venues)","Guest-facing reservation and property systems","exposure"
"guest facing reservation and property systems::event and conference booking platforms","Event and conference booking platforms","Guest-facing reservation and property systems","exposure"
"payment and point of sale pos infrastructure::pos terminals and back office pos servers restaurants bars retail outlets cafs","POS terminals and back-office POS servers (restaurants, bars, retail outlets, cafés)","Payment and point-of-sale (POS) infrastructure","exposure"
"payment and point of sale pos infrastructure::payment gateways and card present processing systems","Payment gateways and card-present processing systems","Payment and point-of-sale (POS) infrastructure","exposure"
"payment and point of sale pos infrastructure::gift card stored value and mobile order ahead platforms","Gift card / stored-value and mobile-order-ahead platforms","Payment and point-of-sale (POS) infrastructure","exposure"
"payment and point of sale pos infrastructure::casino cage kiosk and cashless wagering systems","Casino cage, kiosk, and cashless-wagering systems","Payment and point-of-sale (POS) infrastructure","exposure"
"payment and point of sale pos infrastructure::atms and self service payment kiosks on premises","ATMs and self-service payment kiosks on-premises","Payment and point-of-sale (POS) infrastructure","exposure"
"guest and member personal data pii::loyalty rewards program databases names contact info tier points data","Loyalty/rewards program databases (names, contact info, tier/points data)","Guest and member personal data (PII)","exposure"
"guest and member personal data pii::government id data passport drivers license national id numbers collected for check in kyc casino compliance","Government ID data (passport, driver's license, national ID numbers) collected for check-in/KYC/casino compliance","Guest and member personal data (PII)","exposure"
"guest and member personal data pii::social security national insurance numbers employee and in some jurisdictions guest records","Social Security / national insurance numbers (employee and, in some jurisdictions, guest records)","Guest and member personal data (PII)","exposure"
"guest and member personal data pii::payment card and billing data","Payment card and billing data","Guest and member personal data (PII)","exposure"
"guest and member personal data pii::health dietary accessibility data spas cruise lines event catering","Health/dietary/accessibility data (spas, cruise lines, event catering)","Guest and member personal data (PII)","exposure"
"guest and member personal data pii::minors data theme parks family resorts youth programs","Minors' data (theme parks, family resorts, youth programs)","Guest and member personal data (PII)","exposure"
"casino and gaming specific systems::slot machine and cashless wagering networks","Slot machine and cashless wagering networks","Casino- and gaming-specific systems","exposure"
"casino and gaming specific systems::surveillance and physical security systems often networked to it","Surveillance and physical security systems (often networked to IT)","Casino- and gaming-specific systems","exposure"
"casino and gaming specific systems::player tracking rewards card systems","Player-tracking / rewards-card systems","Casino- and gaming-specific systems","exposure"
"casino and gaming specific systems::sports betting and online gaming platforms","Sports betting and online gaming platforms","Casino- and gaming-specific systems","exposure"
"casino and gaming specific systems::regulatory compliance reporting systems gaming commissions","Regulatory/compliance reporting systems (gaming commissions)","Casino- and gaming-specific systems","exposure"
"third party and supply chain exposure::it help desk managed service providers a common initial access vector eg mgm caesars","IT help desk / managed service providers (a common initial-access vector, e.g., MGM/Caesars)","Third-party and supply-chain exposure","exposure"
"third party and supply chain exposure::third party booking ticketing and ota platforms","Third-party booking, ticketing, and OTA platforms","Third-party and supply-chain exposure","exposure"
"third party and supply chain exposure::food and beverage supply chain and distribution logistics vendors eg blue yonder type saas incidents","Food & beverage supply chain and distribution/logistics vendors (e.g., Blue Yonder-type SaaS incidents)","Third-party and supply-chain exposure","exposure"
"third party and supply chain exposure::construction renovation and facilities contractors with access to internal systems data eg disneyland paris partner breach","Construction, renovation, and facilities contractors with access to internal systems/data (e.g., Disneyland Paris partner breach)","Third-party and supply-chain exposure","exposure"
"third party and supply chain exposure::staffing agencies and payroll hr outsourcing providers","Staffing agencies and payroll/HR outsourcing providers","Third-party and supply-chain exposure","exposure"
"third party and supply chain exposure::franchise and multi brand management companies operating shared back office systems across many independently branded properties","Franchise and multi-brand management companies operating shared back-office systems across many independently branded properties","Third-party and supply-chain exposure","exposure"
"building iot and physical operations technology::hvac elevator and building management systems","HVAC, elevator, and building-management systems","Building, IoT, and physical-operations technology","exposure"
"building iot and physical operations technology::digital signage and in room entertainment systems","Digital signage and in-room entertainment systems","Building, IoT, and physical-operations technology","exposure"
"building iot and physical operations technology::wi fi and guest network infrastructure","Wi-Fi and guest network infrastructure","Building, IoT, and physical-operations technology","exposure"
"building iot and physical operations technology::access control and key card provisioning systems","Access control and key-card provisioning systems","Building, IoT, and physical-operations technology","exposure"
"building iot and physical operations technology::ride attraction control systems theme parks and av production systems theaters arenas","Ride/attraction control systems (theme parks) and AV/production systems (theaters, arenas)","Building, IoT, and physical-operations technology","exposure"
"corporate financial and employee systems::employee hr payroll records ssns banking details","Employee HR/payroll records (SSNs, banking details)","Corporate, financial, and employee systems","exposure"
"corporate financial and employee systems::corporate financial erp systems","Corporate financial/ERP systems","Corporate, financial, and employee systems","exposure"
"corporate financial and employee systems::email and collaboration communication platforms","Email and collaboration/communication platforms","Corporate, financial, and employee systems","exposure"
"corporate financial and employee systems::franchise financial reporting and multi property accounting consolidations","Franchise financial reporting and multi-property accounting consolidations","Corporate, financial, and employee systems","exposure"
"initial access vectors::phishing business email compromise targeting procurement logistics and finance staff single click compromise as in the ahold delhaize usa breach","Phishing / business email compromise targeting procurement, logistics and finance staff (single-click compromise, as in the Ahold Delhaize USA breach)","Initial Access Vectors","hazard"
"initial access vectors::exploitation of internet facing edge devices and unpatched vpns rdp and firewalls at remote farms elevators plants and cold storage sites","Exploitation of internet-facing/edge devices and unpatched VPNs, RDP and firewalls at remote farms, elevators, plants and cold-storage sites","Initial Access Vectors","hazard"
"initial access vectors::mass exploitation of zero day managed file transfer and enterprise software vulnerabilities cl0p style campaigns against the sector","Mass-exploitation of zero-day/managed-file-transfer and enterprise software vulnerabilities (Cl0p-style campaigns against the sector)","Initial Access Vectors","hazard"
"initial access vectors::valid stolen credentials sourced from infostealer logs ransomwarelive records infostealer linked exposure for many food ag domains","Valid/stolen credentials sourced from infostealer logs (ransomware.live records infostealer-linked exposure for many food/ag domains)","Initial Access Vectors","hazard"
"initial access vectors::compromise of third party it ot integrators msps ag tech saas and remote maintenance access into plant networks","Compromise of third-party IT/OT integrators, MSPs, ag-tech SaaS and remote maintenance access into plant networks","Initial Access Vectors","hazard"
"initial access vectors::weak segmentation between corporate it and plant ot allowing lateral movement from an office foothold into production","Weak segmentation between corporate IT and plant OT allowing lateral movement from an office foothold into production","Initial Access Vectors","hazard"
"extortion and impact tactics::encryption of production erp warehouse and ordering systems that halts slaughter processing packing invoicing and dispatch jbs kp snacks unfi","Encryption of production/ERP/warehouse and ordering systems that halts slaughter, processing, packing, invoicing and dispatch (JBS, KP Snacks, UNFI)","Extortion & Impact Tactics","hazard"
"extortion and impact tactics::double extortion exfiltration of data plus threat to leak conti kp snacks inc ransom ahold delhaize blackmatter new cooperative","Double extortion: exfiltration of data plus threat to leak (Conti/KP Snacks; INC Ransom/Ahold Delhaize; BlackMatter/NEW Cooperative)","Extortion & Impact Tactics","hazard"
"extortion and impact tactics::perishability driven time pressure spoilage of raw materials finished goods and livestock welfare used as urgency leverage","Perishability-driven time pressure — spoilage of raw materials, finished goods and livestock welfare used as urgency leverage","Extortion & Impact Tactics","hazard"
"extortion and impact tactics::food security public safety framing to raise reputational and regulatory stakes on a critical infrastructure victim","Food-security / public-safety framing to raise reputational and regulatory stakes on a critical-infrastructure victim","Extortion & Impact Tactics","hazard"
"extortion and impact tactics::re extortion and data recycling eg 2026 coinbasecartel posting reusing jbs data years after the original event","Re-extortion and data-recycling (e.g., 2026 'coinbasecartel' posting reusing JBS data years after the original event)","Extortion & Impact Tactics","hazard"
"extortion and impact tactics::triple extortion harassment of customers growers and downstream retailers whose shelves empty during an outage","Triple extortion / harassment of customers, growers, and downstream retailers whose shelves empty during an outage","Extortion & Impact Tactics","hazard"
"ot ics and physical process risk::plant scada plc and process control systems for slaughter lines pasteurization cooking canning milling and bottling","Plant SCADA/PLC and process-control systems for slaughter lines, pasteurization, cooking, canning, milling and bottling","OT / ICS & Physical-Process Risk","hazard"
"ot ics and physical process risk::cold chain and refrigeration hvac controls where downtime causes spoilage or food safety failures","Cold-chain and refrigeration/HVAC controls where downtime causes spoilage or food-safety failures","OT / ICS & Physical-Process Risk","hazard"
"ot ics and physical process risk::automated milking feeding ventilation and climate systems in livestock poultry dairy operations animal welfare risk","Automated milking, feeding, ventilation and climate systems in livestock/poultry/dairy operations (animal-welfare risk)","OT / ICS & Physical-Process Risk","hazard"
"ot ics and physical process risk::precision agriculture and equipment telematics gps guided machinery grain drying irrigation environmental controls","Precision-agriculture and equipment telematics (GPS-guided machinery, grain-drying, irrigation, environmental controls)","OT / ICS & Physical-Process Risk","hazard"
"ot ics and physical process risk::building management and food safety monitoring systems temperature logging haccp linked sensors","Building-management and food-safety monitoring systems (temperature logging, HACCP-linked sensors)","OT / ICS & Physical-Process Risk","hazard"
"ot ics and physical process risk::it ot convergence and flat networks that let office ransomware reach production floors","IT/OT convergence and flat networks that let office ransomware reach production floors","OT / ICS & Physical-Process Risk","hazard"
"supply chain and third party concentration risk::concentration risk in dominant nodes few large meatpackers a single primary grocery distributor such as unfi supplying 30000 stores","Concentration risk in dominant nodes (few large meatpackers, a single primary grocery distributor such as UNFI supplying 30,000+ stores)","Supply-Chain & Third-Party Concentration Risk","hazard"
"supply chain and third party concentration risk::cooperative shared platform risk where one hub serves many farms new cooperative claimed to touch 40 of us grain production","Cooperative/shared-platform risk where one hub serves many farms (NEW Cooperative claimed to touch ~40% of US grain production)","Supply-Chain & Third-Party Concentration Risk","hazard"
"supply chain and third party concentration risk::downstream disruption to retailers and food service empty shelves salad kit and crisp shortages creating contractual and liability exposure","Downstream disruption to retailers and food service (empty shelves, salad-kit and crisp shortages) creating contractual and liability exposure","Supply-Chain & Third-Party Concentration Risk","hazard"
"supply chain and third party concentration risk::upstream dependency on agrochemical seed feed packaging and logistics vendors as attack conduits","Upstream dependency on agrochemical, seed, feed, packaging and logistics vendors as attack conduits","Supply-Chain & Third-Party Concentration Risk","hazard"
"supply chain and third party concentration risk::ag tech saas and cloud erp dependencies soilmap type platforms farm management software","Ag-tech / SaaS and cloud ERP dependencies (SoilMap-type platforms, farm-management software)","Supply-Chain & Third-Party Concentration Risk","hazard"
"supply chain and third party concentration risk::cross border multi plant footprints that let a single intrusion affect operations on several continents jbs us canada australia","Cross-border, multi-plant footprints that let a single intrusion affect operations on several continents (JBS US/Canada/Australia)","Supply-Chain & Third-Party Concentration Risk","hazard"
"regulatory legal and food security exposure::critical infrastructure reporting obligations cisa circia in the us nis2 in the eu and national food security scrutiny","Critical-infrastructure reporting obligations (CISA/CIRCIA in the US, NIS2 in the EU) and national food-security scrutiny","Regulatory, Legal & Food-Security Exposure","hazard"
"regulatory legal and food security exposure::data breach notification and privacy liability state ag filings gdpr for employee grower and customer pii ssns ahold delhaize 22m individuals","Data-breach notification and privacy liability (state AG filings, GDPR) for employee, grower and customer PII/SSNs (Ahold Delhaize 2.2M individuals)","Regulatory, Legal & Food-Security Exposure","hazard"
"regulatory legal and food security exposure::food safety regulatory fallout when process monitoring systems are compromised fda usda haccp records","Food-safety regulatory fallout when process/monitoring systems are compromised (FDA/USDA, HACCP records)","Regulatory, Legal & Food-Security Exposure","hazard"
"regulatory legal and food security exposure::sanctions ofac risk when paying groups linked to sanctioned actors","Sanctions/OFAC risk when paying groups linked to sanctioned actors","Regulatory, Legal & Food-Security Exposure","hazard"
"regulatory legal and food security exposure::securities disclosure exposure for public companies sec 8 k 6 k materiality dole and unfi quantified impacts in filings","Securities-disclosure exposure for public companies (SEC 8-K / 6-K materiality; Dole and UNFI quantified impacts in filings)","Regulatory, Legal & Food-Security Exposure","hazard"
"regulatory legal and food security exposure::contractual penalties and litigation from retailers distributors and cooperative members affected by supply failure","Contractual penalties and litigation from retailers, distributors and cooperative members affected by supply failure","Regulatory, Legal & Food-Security Exposure","hazard"
"insider workforce and operational maturity risk::large seasonal temporary and low turnover training workforce increasing phishing susceptibility","Large seasonal/temporary and low-turnover-training workforce increasing phishing susceptibility","Insider, Workforce & Operational-Maturity Risk","hazard"
"insider workforce and operational maturity risk::historically thin cybersecurity budgets and staffing especially at farms co ops and mid size processors dhs records noted jbss pre attack security as unusually poor","Historically thin cybersecurity budgets and staffing, especially at farms, co-ops and mid-size processors (DHS records noted JBS's pre-attack security as unusually poor)","Insider, Workforce & Operational-Maturity Risk","hazard"
"insider workforce and operational maturity risk::legacy and end of life systems in plants and back office dole half of legacy servers affected","Legacy and end-of-life systems in plants and back-office (Dole: half of legacy servers affected)","Insider, Workforce & Operational-Maturity Risk","hazard"
"insider workforce and operational maturity risk::limited backup recovery testing and lack of manual fallback procedures for automated operations","Limited backup/recovery testing and lack of manual fallback procedures for automated operations","Insider, Workforce & Operational-Maturity Risk","hazard"
"insider workforce and operational maturity risk::dispersed rural sites with inconsistent monitoring and slow patch cycles","Dispersed rural sites with inconsistent monitoring and slow patch cycles","Insider, Workforce & Operational-Maturity Risk","hazard"
"insider workforce and operational maturity risk::insider access at co ops and family closely held businesses with informal it governance","Insider access at co-ops and family/closely-held businesses with informal IT governance","Insider, Workforce & Operational-Maturity Risk","hazard"
"production and operational technology systems::processing line scada plc dcs slaughter milling pasteurization cooking canning bottling","Processing-line SCADA/PLC/DCS (slaughter, milling, pasteurization, cooking, canning, bottling)","Production & Operational Technology Systems","exposure"
"production and operational technology systems::cold storage refrigeration hvac and environmental controls","Cold-storage / refrigeration / HVAC and environmental controls","Production & Operational Technology Systems","exposure"
"production and operational technology systems::automated milking feeding ventilation and livestock climate systems","Automated milking, feeding, ventilation and livestock climate systems","Production & Operational Technology Systems","exposure"
"production and operational technology systems::precision ag equipment telematics gps guidance irrigation and grain drying controls","Precision-ag equipment, telematics, GPS guidance, irrigation and grain-drying controls","Production & Operational Technology Systems","exposure"
"production and operational technology systems::food safety and quality monitoring sensor systems temperature logging haccp instrumentation","Food-safety and quality monitoring/sensor systems (temperature logging, HACCP instrumentation)","Production & Operational Technology Systems","exposure"
"production and operational technology systems::warehouse automation robotics and conveyance in distribution centers","Warehouse automation, robotics and conveyance in distribution centers","Production & Operational Technology Systems","exposure"
"enterprise it erp and ordering logistics platforms::erp mrp and inventory management systems","ERP / MRP and inventory-management systems","Enterprise IT, ERP & Ordering/Logistics Platforms","exposure"
"enterprise it erp and ordering logistics platforms::electronic ordering edi invoicing and payment systems unfi outage crippled ordering invoicing","Electronic ordering, EDI, invoicing and payment systems (UNFI outage crippled ordering/invoicing)","Enterprise IT, ERP & Ordering/Logistics Platforms","exposure"
"enterprise it erp and ordering logistics platforms::warehouse management and transportation fleet management systems","Warehouse-management and transportation/fleet-management systems","Enterprise IT, ERP & Ordering/Logistics Platforms","exposure"
"enterprise it erp and ordering logistics platforms::corporate email file repositories and active directory identity infrastructure","Corporate email, file repositories and Active Directory/identity infrastructure","Enterprise IT, ERP & Ordering/Logistics Platforms","exposure"
"enterprise it erp and ordering logistics platforms::back office finance hr and payroll systems","Back-office finance, HR and payroll systems","Enterprise IT, ERP & Ordering/Logistics Platforms","exposure"
"enterprise it erp and ordering logistics platforms::legacy and end of life servers and end user computers","Legacy and end-of-life servers and end-user computers","Enterprise IT, ERP & Ordering/Logistics Platforms","exposure"
"sensitive data assets::employee grower pii including ssns drivers licenses and passports ahold delhaize names dob government ids","Employee/grower PII including SSNs, driver's licenses and passports (Ahold Delhaize: names, DOB, government IDs)","Sensitive Data Assets","exposure"
"sensitive data assets::customer and loyalty pharmacy data at grocery affiliated operations","Customer and loyalty/pharmacy data at grocery-affiliated operations","Sensitive Data Assets","exposure"
"sensitive data assets::financial banking and payment card records","Financial, banking and payment-card records","Sensitive Data Assets","exposure"
"sensitive data assets::proprietary r and d recipes breeding genetics data and agronomic ip blackmatter stole new cooperatives soilmap source code","Proprietary R&D, recipes, breeding/genetics data and agronomic IP (BlackMatter stole NEW Cooperative's SoilMap source code)","Sensitive Data Assets","exposure"
"sensitive data assets::contracts pricing supplier and cooperative member records","Contracts, pricing, supplier and cooperative-member records","Sensitive Data Assets","exposure"
"sensitive data assets::food safety traceability and compliance documentation","Food-safety, traceability and compliance documentation","Sensitive Data Assets","exposure"
"third party and supply chain dependencies::grocery retailers food service buyers and downstream distributors dependent on continuous supply","Grocery retailers, food-service buyers and downstream distributors dependent on continuous supply","Third-Party & Supply-Chain Dependencies","exposure"
"third party and supply chain dependencies::cooperative members and affiliated farms sharing a common platform hub","Cooperative members and affiliated farms sharing a common platform/hub","Third-Party & Supply-Chain Dependencies","exposure"
"third party and supply chain dependencies::upstream input suppliers seed feed fertilizer agrochemicals packaging","Upstream input suppliers (seed, feed, fertilizer, agrochemicals, packaging)","Third-Party & Supply-Chain Dependencies","exposure"
"third party and supply chain dependencies::logistics cold chain and 3pl transportation providers","Logistics, cold-chain and 3PL transportation providers","Third-Party & Supply-Chain Dependencies","exposure"
"third party and supply chain dependencies::ag tech farm management saas cloud erp and remote support msps integrators","Ag-tech / farm-management SaaS, cloud ERP and remote-support MSPs/integrators","Third-Party & Supply-Chain Dependencies","exposure"
"third party and supply chain dependencies::payment processors and banking partners","Payment processors and banking partners","Third-Party & Supply-Chain Dependencies","exposure"
"physical goods livestock and continuity assets::perishable raw materials and finished inventory at risk of spoilage during outages","Perishable raw materials and finished inventory at risk of spoilage during outages","Physical Goods, Livestock & Continuity Assets","exposure"
"physical goods livestock and continuity assets::live animals dependent on automated feeding watering and climate control welfare and mortality risk","Live animals dependent on automated feeding, watering and climate control (welfare and mortality risk)","Physical Goods, Livestock & Continuity Assets","exposure"
"physical goods livestock and continuity assets::cold chain integrity across storage and transit","Cold-chain integrity across storage and transit","Physical Goods, Livestock & Continuity Assets","exposure"
"physical goods livestock and continuity assets::seasonal time critical processing windows harvest slaughter planting with no slack to absorb downtime","Seasonal/time-critical processing windows (harvest, slaughter, planting) with no slack to absorb downtime","Physical Goods, Livestock & Continuity Assets","exposure"
"physical goods livestock and continuity assets::manual workaround capacity and business continuity backup infrastructure","Manual-workaround capacity and business-continuity/backup infrastructure","Physical Goods, Livestock & Continuity Assets","exposure"
"physical goods livestock and continuity assets::brand reputation and consumer trust assets tied to food safety and availability","Brand/reputation and consumer-trust assets tied to food safety and availability","Physical Goods, Livestock & Continuity Assets","exposure"
"initial access vectors::phishing bec targeting project managers estimators and accounts payable staff constructions high value milestone based subcontractor and supplier payments make it a prime invoice fraud bec target often paired with or following a ransomware intrusion","Phishing/BEC targeting project managers, estimators and accounts-payable staff (construction's high-value, milestone-based subcontractor and supplier payments make it a prime invoice-fraud/BEC target, often paired with or following a ransomware intrusion)","Initial Access Vectors","hazard"
"initial access vectors::exploited perimeter and file transfer erp vulnerabilities in widely used enterprise software eg clops 2025 oracle e business suite cve 2025 61882 zero day campaign hit multiple construction firms including bechtel and kier within days of each other","Exploited perimeter and file-transfer/ERP vulnerabilities in widely-used enterprise software (e.g., Clop's 2025 Oracle E-Business Suite CVE-2025-61882 zero-day campaign hit multiple construction firms, including Bechtel and Kier, within days of each other)","Initial Access Vectors","hazard"
"initial access vectors::compromised vpn rdp credentials including access issued to jobsite trailers and temporary site networks with weaker controls than corporate hq","Compromised VPN/RDP credentials, including access issued to jobsite trailers and temporary site networks with weaker controls than corporate HQ","Initial Access Vectors","hazard"
"initial access vectors::infostealer harvested credentials from employee and third party devices ferrovials july 2026 ailock incident was linked to over 100 compromised employee and third party credential sets surfaced via infostealer telemetry","Infostealer-harvested credentials from employee and third-party devices (Ferrovial's July 2026 AiLock incident was linked to over 100 compromised employee and third-party credential sets surfaced via infostealer telemetry)","Initial Access Vectors","hazard"
"initial access vectors::compromised or over privileged subcontractor vendor remote access accounts on shared project extranets","Compromised or over-privileged subcontractor/vendor remote-access accounts on shared project extranets","Initial Access Vectors","hazard"
"extortion tactics::double extortion encryption plus exfiltration and leak site publication of stolen files the dominant model seen across qilin lockbit akira play dragonforce inc ransom incidents in the dataset","Double extortion: encryption plus exfiltration and leak-site publication of stolen files (the dominant model seen across Qilin, LockBit, Akira, Play, DragonForce, INC Ransom incidents in the dataset)","Extortion Tactics","hazard"
"extortion tactics::triple extortion regulatory and reputational threats ailock explicitly threatens to notify regulators and competitors and gives victims a 72 hour response window","Triple extortion / regulatory and reputational threats (AiLock explicitly threatens to notify regulators and competitors and gives victims a 72-hour response window)","Extortion Tactics","hazard"
"extortion tactics::pure data theft extortion without encryption everest has shifted toward this model used against turner construction","Pure data-theft extortion without encryption (Everest has shifted toward this model; used against Turner Construction)","Extortion Tactics","hazard"
"extortion tactics::threats to leak competitively sensitive bid pricing and design data to rival bidders or competitors ahead of tender awards","Threats to leak competitively sensitive bid, pricing and design data to rival bidders or competitors ahead of tender awards","Extortion Tactics","hazard"
"extortion tactics::mass name and shame campaigns where dozens of victims across many industries including construction are listed together after a single shared software exploit increasing pressure via public exposure even before individualized negotiation","Mass 'name-and-shame' campaigns where dozens of victims across many industries (including construction) are listed together after a single shared-software exploit, increasing pressure via public exposure even before individualized negotiation","Extortion Tactics","hazard"
"ot iot and jobsite facilities technology risk::building management automation systems bms bas for hvac elevators and life safety systems on projects under a firms ongoing facilities management or warranty service contracts","Building Management/Automation Systems (BMS/BAS) for HVAC, elevators and life-safety systems on projects under a firm's ongoing facilities-management or warranty-service contracts","OT, IoT and Jobsite/Facilities Technology Risk","hazard"
"ot iot and jobsite facilities technology risk::connected heavy equipment telematics and fleet gps tracking systems","Connected heavy-equipment telematics and fleet/GPS tracking systems","OT, IoT and Jobsite/Facilities Technology Risk","hazard"
"ot iot and jobsite facilities technology risk::jobsite iot sensors structural concrete cure monitoring environmental sensors","Jobsite IoT sensors (structural/concrete-cure monitoring, environmental sensors)","OT, IoT and Jobsite/Facilities Technology Risk","hazard"
"ot iot and jobsite facilities technology risk::site security systems cameras badge access control on active construction sites","Site security systems - cameras, badge/access control - on active construction sites","OT, IoT and Jobsite/Facilities Technology Risk","hazard"
"ot iot and jobsite facilities technology risk::potential physical safety and schedule disruption consequences if ot jobsite systems are affected distinct from pure data confidentiality harm","Potential physical-safety and schedule-disruption consequences if OT/jobsite systems are affected, distinct from pure data-confidentiality harm","OT, IoT and Jobsite/Facilities Technology Risk","hazard"
"third party and supply chain risk::shared collaboration bim platforms eg procore autodesk construction cloud bim 360 linking general contractors architects engineers and dozens of subcontractors","Shared collaboration/BIM platforms (e.g., Procore, Autodesk Construction Cloud/BIM 360) linking general contractors, architects, engineers, and dozens of subcontractors","Third-Party and Supply-Chain Risk","hazard"
"third party and supply chain risk::common enterprise software creating simultaneous multi victim exposure bechtel and kier group were both hit within the same week during clops oracle ebs campaign despite being unrelated companies","Common enterprise software creating simultaneous multi-victim exposure (Bechtel and Kier Group were both hit within the same week during Clop's Oracle EBS campaign, despite being unrelated companies)","Third-Party and Supply-Chain Risk","hazard"
"third party and supply chain risk::general contractor subcontractor sub subcontractor credential and data flows where the weakest link in the chain can expose the whole project","General contractor -> subcontractor -> sub-subcontractor credential and data flows, where the weakest link in the chain can expose the whole project","Third-Party and Supply-Chain Risk","hazard"
"third party and supply chain risk::architecture engineering design partners and geotechnical survey consultants with access to shared project data","Architecture/engineering design partners and geotechnical/survey consultants with access to shared project data","Third-Party and Supply-Chain Risk","hazard"
"third party and supply chain risk::owner and lender portals used for draw requests and project financing exposing financial data outside the contractors own perimeter","Owner and lender portals used for draw requests and project financing, exposing financial data outside the contractor's own perimeter","Third-Party and Supply-Chain Risk","hazard"
"insider and workforce risk::shared or generic site login credentials used across union labor day laborers and rotating temp subcontractor staff","Shared or generic site-login credentials used across union labor, day laborers and rotating temp/subcontractor staff","Insider and Workforce Risk","hazard"
"insider and workforce risk::weak or inconsistent offboarding across multi employer jobsites when subcontractor personnel change frequently","Weak or inconsistent offboarding across multi-employer jobsites when subcontractor personnel change frequently","Insider and Workforce Risk","hazard"
"insider and workforce risk::disgruntled former employees or terminated subcontractors retaining vpn portal access","Disgruntled former employees or terminated subcontractors retaining VPN/portal access","Insider and Workforce Risk","hazard"
"insider and workforce risk::field staff use of personal byod devices for project apps increasing infostealer and credential theft exposure outside corporate it control","Field staff use of personal/BYOD devices for project apps, increasing infostealer and credential-theft exposure outside corporate IT control","Insider and Workforce Risk","hazard"
"regulatory and legal exposure::employee pii payroll breach notification obligations aecoms 2021 incident exposed employee ssns and bank routing account numbers and required notification to the california attorney general","Employee PII/payroll breach notification obligations (AECOM's 2021 incident exposed employee SSNs and bank routing/account numbers and required notification to the California Attorney General)","Regulatory and Contractual Exposure","hazard"
"regulatory and legal exposure::government contractor obligations major defense energy critical infrastructure contractors such as bechtel and aecom handle dod doe and critical infrastructure work raising cmmc dfars style breach notification and controlled technical information exposure","Government-contractor obligations (major defense/energy/critical-infrastructure contractors such as Bechtel and AECOM handle DoD/DOE and critical-infrastructure work, raising CMMC/DFARS-style breach-notification and controlled-technical-information exposure)","Regulatory and Contractual Exposure","hazard"
"regulatory and legal exposure::professional liability errors and omissions exposure if stolen design cad bim or structural engineering data proves defective or is misused after a leak","Professional liability/errors-and-omissions exposure if stolen design, CAD/BIM or structural-engineering data proves defective or is misused after a leak","Regulatory and Contractual Exposure","hazard"
"regulatory and legal exposure::contractual delay damages liquidated damages exposure if ransomware driven downtime in scheduling procurement or payroll systems cascades into project schedule slippage","Contractual delay-damages/liquidated-damages exposure if ransomware-driven downtime in scheduling, procurement, or payroll systems cascades into project schedule slippage","Regulatory and Contractual Exposure","hazard"
"regulatory and legal exposure::bid integrity and antitrust adjacent exposure if leaked tender pricing data undermines competitive bidding processes","Bid-integrity and antitrust-adjacent exposure if leaked tender/pricing data undermines competitive bidding processes","Regulatory and Contractual Exposure","hazard"
"business interruption project delay risk::disruption to estimating scheduling and project management software halting active bid submissions or project coordination","Disruption to estimating, scheduling and project-management software halting active bid submissions or project coordination","Business Interruption / Project Delay Risk","hazard"
"business interruption project delay risk::erp accounting payroll system outages disrupting subcontractor and supplier payments risking mechanics lien and cash flow disputes","ERP/accounting/payroll system outages disrupting subcontractor and supplier payments, risking mechanic's-lien and cash-flow disputes","Business Interruption / Project Delay Risk","hazard"
"business interruption project delay risk::procurement and material ordering system outages delaying material delivery to active job sites","Procurement and material-ordering system outages delaying material delivery to active job sites","Business Interruption / Project Delay Risk","hazard"
"business interruption project delay risk::indirect rather than physical site downtime unlike manufacturing ot shutdowns ransomware in construction more often stalls back office coordination functions than the physical build itself per sophos data showing lower rates of data theft encryption combination in construction property energy versus manufacturing","Indirect (rather than physical-site) downtime: unlike manufacturing OT shutdowns, ransomware in construction more often stalls back-office/coordination functions than the physical build itself, per Sophos data showing lower rates of data-theft/encryption combination in construction/property/energy versus manufacturing","Business Interruption / Project Delay Risk","hazard"
"project and design data::cad and bim building information modeling files","CAD and BIM (Building Information Modeling) files","Project and Design Data","exposure"
"project and design data::architectural drawings and blueprints","Architectural drawings and blueprints","Project and Design Data","exposure"
"project and design data::structural mep and civil engineering calculations","Structural, MEP and civil engineering calculations","Project and Design Data","exposure"
"project and design data::geotechnical and site survey data","Geotechnical and site-survey data","Project and Design Data","exposure"
"project and design data::proprietary construction methods and engineering ip","Proprietary construction methods and engineering IP","Project and Design Data","exposure"
"bid contract and financial data::tender bid documents and competitive pricing data","Tender/bid documents and competitive pricing data","Bid, Contract and Financial Data","exposure"
"bid contract and financial data::contract terms and subcontractor pricing schedules","Contract terms and subcontractor pricing schedules","Bid, Contract and Financial Data","exposure"
"bid contract and financial data::procurement and vendor supplier data","Procurement and vendor/supplier data","Bid, Contract and Financial Data","exposure"
"bid contract and financial data::erp and accounting systems eg oracle e business suite the shared platform exploited in the 2025 clop campaign that hit bechtel and kier","ERP and accounting systems (e.g., Oracle E-Business Suite - the shared platform exploited in the 2025 Clop campaign that hit Bechtel and Kier)","Bid, Contract and Financial Data","exposure"
"bid contract and financial data::banking and wire transfer details a frequent target for invoice fraud bec layered on top of ransomware intrusions","Banking and wire-transfer details, a frequent target for invoice-fraud/BEC layered on top of ransomware intrusions","Bid, Contract and Financial Data","exposure"
"employee and workforce pii::payroll systems ssns bank account routing numbers exposed in aecoms 2021 breach","Payroll systems (SSNs, bank account/routing numbers - exposed in AECOM's 2021 breach)","Employee and Workforce PII","exposure"
"employee and workforce pii::hr files and personnel records","HR files and personnel records","Employee and Workforce PII","exposure"
"employee and workforce pii::union membership and labor records","Union membership and labor records","Employee and Workforce PII","exposure"
"employee and workforce pii::licensing certification and background check records for skilled trades","Licensing, certification and background-check records for skilled trades","Employee and Workforce PII","exposure"
"employee and workforce pii::badge and physical access control credentials","Badge and physical access-control credentials","Employee and Workforce PII","exposure"
"field and jobsite systems::project management collaboration platforms procore autodesk construction cloud bim 360 plangrid","Project-management/collaboration platforms (Procore, Autodesk Construction Cloud/BIM 360, PlanGrid)","Field and Jobsite Systems","exposure"
"field and jobsite systems::jobsite security cameras and access control systems","Jobsite security cameras and access-control systems","Field and Jobsite Systems","exposure"
"field and jobsite systems::equipment telematics and fleet management gps tracking systems","Equipment telematics and fleet-management/GPS tracking systems","Field and Jobsite Systems","exposure"
"field and jobsite systems::connected automated heavy machinery","Connected/automated heavy machinery","Field and Jobsite Systems","exposure"
"field and jobsite systems::temporary site networks and trailer based it infrastructure","Temporary site networks and trailer-based IT infrastructure","Field and Jobsite Systems","exposure"
"building management and facilities systems::building management automation systems hvac elevators","Building Management/Automation Systems (HVAC, elevators)","Building Management and Facilities Systems","exposure"
"building management and facilities systems::life safety systems fire alarm in occupied buildings under warranty fm contracts","Life-safety systems (fire, alarm) in occupied buildings under warranty/FM contracts","Building Management and Facilities Systems","exposure"
"building management and facilities systems::toll road transit and infrastructure operational systems for firms that also operate not just build infrastructure assets eg ferrovials toll road and mobility operations","Toll-road, transit and infrastructure operational systems for firms that also operate (not just build) infrastructure assets (e.g., Ferrovial's toll-road and mobility operations)","Building Management and Facilities Systems","exposure"
"third party and subcontractor networks::shared extranets portals used by subcontractors architects and engineers","Shared extranets/portals used by subcontractors, architects and engineers","Third-Party and Subcontractor Networks","exposure"
"third party and subcontractor networks::owner and lender draw request financing portals","Owner and lender draw-request/financing portals","Third-Party and Subcontractor Networks","exposure"
"third party and subcontractor networks::common enterprise software shared industry wide creating correlated multi victim exposure","Common enterprise software shared industry-wide, creating correlated multi-victim exposure","Third-Party and Subcontractor Networks","exposure"
"third party and subcontractor networks::managed it security service providers used by smaller subcontractors","Managed IT/security service providers used by smaller subcontractors","Third-Party and Subcontractor Networks","exposure"
"client and government owner data::defense energy and critical infrastructure project data bechtel and aecom both handle large dod doe and critical infrastructure programs","Defense, energy and critical-infrastructure project data (Bechtel and AECOM both handle large DoD/DOE and critical-infrastructure programs)","Client and Government-Owner Data","exposure"
"client and government owner data::potentially export controlled or classified adjacent technical data for defense energy construction work","Potentially export-controlled or classified-adjacent technical data for defense/energy construction work","Client and Government-Owner Data","exposure"
"client and government owner data::public infrastructure and toll transit operational data","Public infrastructure and toll/transit operational data","Client and Government-Owner Data","exposure"
"initial access via open and federated campus environments::unpatched internet facing infrastructure vpn concentrators vmware esxi citrix file transfer appliances","Unpatched internet-facing infrastructure (VPN concentrators, VMware ESXi, Citrix, file transfer appliances)","Initial Access via Open and Federated Campus Environments","hazard"
"initial access via open and federated campus environments::phishing and business email compromise against faculty staff and payroll","Phishing and business email compromise against faculty, staff and payroll","Initial Access via Open and Federated Campus Environments","hazard"
"initial access via open and federated campus environments::compromised credentials and absent or partial mfa on student staff sso","Compromised credentials and absent or partial MFA on student/staff SSO","Initial Access via Open and Federated Campus Environments","hazard"
"initial access via open and federated campus environments::federated identity and sso trust chains shibboleth incommon edugain entra id enabling lateral movement across institutions","Federated identity and SSO trust chains (Shibboleth, InCommon, eduGAIN, Entra ID) enabling lateral movement across institutions","Initial Access via Open and Federated Campus Environments","hazard"
"initial access via open and federated campus environments::byod and unmanaged student owned devices on production vlans","BYOD and unmanaged student-owned devices on production VLANs","Initial Access via Open and Federated Campus Environments","hazard"
"initial access via open and federated campus environments::flat unsegmented k 12 district networks linking administrative and instructional systems","Flat, unsegmented K-12 district networks linking administrative and instructional systems","Initial Access via Open and Federated Campus Environments","hazard"
"initial access via open and federated campus environments::research collaboration links shared hpc clusters and inter institutional data sharing","Research collaboration links, shared HPC clusters and inter-institutional data sharing","Initial Access via Open and Federated Campus Environments","hazard"
"initial access via open and federated campus environments::remote and hybrid learning infrastructure exposed rdp and legacy remote access","Remote and hybrid learning infrastructure, exposed RDP and legacy remote access","Initial Access via Open and Federated Campus Environments","hazard"
"initial access via open and federated campus environments::seasonal staffing churn adjunct and contractor accounts and stale account deprovisioning","Seasonal staffing churn, adjunct and contractor accounts, and stale account deprovisioning","Initial Access via Open and Federated Campus Environments","hazard"
"extortion leverage from minors and student data::publication of minors pii disciplinary special education and counselling records","Publication of minors' PII, disciplinary, special-education and counselling records","Extortion Leverage from Minors' and Student Data","hazard"
"extortion leverage from minors and student data::release of student psychological and medical assessments","Release of student psychological and medical assessments","Extortion Leverage from Minors' and Student Data","hazard"
"extortion leverage from minors and student data::direct contact with parents students and staff to amplify pressure triple extortion","Direct contact with parents, students and staff to amplify pressure (triple extortion)","Extortion Leverage from Minors' and Student Data","hazard"
"extortion leverage from minors and student data::leak of campus security blueprints floor plans and access control layouts","Leak of campus security blueprints, floor plans and access-control layouts","Extortion Leverage from Minors' and Student Data","hazard"
"extortion leverage from minors and student data::ferpa coppa notification exposure used as negotiating leverage","FERPA/COPPA notification exposure used as negotiating leverage","Extortion Leverage from Minors' and Student Data","hazard"
"extortion leverage from minors and student data::reputational leverage over admissions enrolment and donor confidence","Reputational leverage over admissions, enrolment and donor confidence","Extortion Leverage from Minors' and Student Data","hazard"
"extortion leverage from minors and student data::timing of attacks to term start exams enrolment or financial aid deadlines","Timing of attacks to term start, exams, enrolment or financial-aid deadlines","Extortion Leverage from Minors' and Student Data","hazard"
"extortion leverage from minors and student data::re extortion of individual institutions after a vendor has already paid","Re-extortion of individual institutions after a vendor has already paid","Extortion Leverage from Minors' and Student Data","hazard"
"extortion leverage from minors and student data::auction and resale of student datasets on leak sites","Auction and resale of student datasets on leak sites","Extortion Leverage from Minors' and Student Data","hazard"
"third party and edtech vendor concentration risk::student information system sis platform compromise","Student information system (SIS) platform compromise","Third-Party and Edtech Vendor Concentration Risk","hazard"
"third party and edtech vendor concentration risk::learning management system lms platform compromise","Learning management system (LMS) platform compromise","Third-Party and Edtech Vendor Concentration Risk","hazard"
"third party and edtech vendor concentration risk::single vendor concentration across a large book of district university insureds","Single-vendor concentration across a large book of district/university insureds","Third-Party and Edtech Vendor Concentration Risk","hazard"
"third party and edtech vendor concentration risk::downstream re extortion of individual schools using vendor stolen data","Downstream re-extortion of individual schools using vendor-stolen data","Third-Party and Edtech Vendor Concentration Risk","hazard"
"third party and edtech vendor concentration risk::managed service providers and regional education service agencies serving many districts","Managed service providers and regional education service agencies serving many districts","Third-Party and Edtech Vendor Concentration Risk","hazard"
"third party and edtech vendor concentration risk::tuition bursar and payment processor compromise","Tuition, bursar and payment processor compromise","Third-Party and Edtech Vendor Concentration Risk","hazard"
"third party and edtech vendor concentration risk::assessment proctoring transcript and admissions platforms","Assessment, proctoring, transcript and admissions platforms","Third-Party and Edtech Vendor Concentration Risk","hazard"
"third party and edtech vendor concentration risk::cloud file transfer and third party saas eg mass moveit cleo style exploitation reaching education via clop","Cloud file transfer and third-party SaaS (e.g. mass MOVEit/Cleo-style exploitation reaching education via clop)","Third-Party and Edtech Vendor Concentration Risk","hazard"
"third party and edtech vendor concentration risk::contractual gaps in vendor breach notification indemnity and data deletion assurance","Contractual gaps in vendor breach notification, indemnity and data-deletion assurance","Third-Party and Edtech Vendor Concentration Risk","hazard"
"insider and student originated threat::student credential abuse and grade or transcript alteration","Student credential abuse and grade or transcript alteration","Insider and Student-Originated Threat","hazard"
"insider and student originated threat::attacks originating from enrolled students against their own institution","Attacks originating from enrolled students against their own institution","Insider and Student-Originated Threat","hazard"
"insider and student originated threat::faculty and staff insider data theft","Faculty and staff insider data theft","Insider and Student-Originated Threat","hazard"
"insider and student originated threat::credential sharing shadow it and unauthorised saas in departments","Credential sharing, shadow IT and unauthorised SaaS in departments","Insider and Student-Originated Threat","hazard"
"insider and student originated threat::initial access broker purchase of student staff credentials from infostealer logs","Initial access broker purchase of student/staff credentials from infostealer logs","Insider and Student-Originated Threat","hazard"
"insider and student originated threat::departing staff and contractor access retention","Departing staff and contractor access retention","Insider and Student-Originated Threat","hazard"
"insider and student originated threat::negligent insiders and misconfigured shares exposing student records","Negligent insiders and misconfigured shares exposing student records","Insider and Student-Originated Threat","hazard"
"regulatory notification and litigation exposure::ferpa us student education records","FERPA (US student education records)","Regulatory, Notification and Litigation Exposure","hazard"
"regulatory notification and litigation exposure::coppa and state student privacy laws eg sopipa style statutes","COPPA and state student-privacy laws (e.g. SOPIPA-style statutes)","Regulatory, Notification and Litigation Exposure","hazard"
"regulatory notification and litigation exposure::state breach notification statutes and attorney general inquiries","State breach-notification statutes and attorney-general inquiries","Regulatory, Notification and Litigation Exposure","hazard"
"regulatory notification and litigation exposure::uk gdpr eu gdpr and ico or dpa enforcement","UK GDPR / EU GDPR and ICO or DPA enforcement","Regulatory, Notification and Litigation Exposure","hazard"
"regulatory notification and litigation exposure::hipaa exposure for university medical centres clinics and health research","HIPAA exposure for university medical centres, clinics and health research","Regulatory, Notification and Litigation Exposure","hazard"
"regulatory notification and litigation exposure::research funder irb and human subjects data obligations","Research funder, IRB and human-subjects data obligations","Regulatory, Notification and Litigation Exposure","hazard"
"regulatory notification and litigation exposure::class action litigation on behalf of students parents and staff","Class-action litigation on behalf of students, parents and staff","Regulatory, Notification and Litigation Exposure","hazard"
"regulatory notification and litigation exposure::delayed notification liability and credit monitoring remediation costs","Delayed-notification liability and credit-monitoring remediation costs","Regulatory, Notification and Litigation Exposure","hazard"
"regulatory notification and litigation exposure::public records and transparency obligations for public institutions","Public-records and transparency obligations for public institutions","Regulatory, Notification and Litigation Exposure","hazard"
"operational disruption of instruction and institutional continuity::full school or campus closure and lost instructional days","Full school or campus closure and lost instructional days","Operational Disruption of Instruction and Institutional Continuity","hazard"
"operational disruption of instruction and institutional continuity::statutory make up day and calendar extension obligations","Statutory make-up day and calendar-extension obligations","Operational Disruption of Instruction and Institutional Continuity","hazard"
"operational disruption of instruction and institutional continuity::loss of attendance gradebook timetabling and transport systems","Loss of attendance, gradebook, timetabling and transport systems","Operational Disruption of Instruction and Institutional Continuity","hazard"
"operational disruption of instruction and institutional continuity::disruption to free reduced meal programmes and student services","Disruption to free/reduced meal programmes and student services","Operational Disruption of Instruction and Institutional Continuity","hazard"
"operational disruption of instruction and institutional continuity::payroll hr and accounts payable outage","Payroll, HR and accounts-payable outage","Operational Disruption of Instruction and Institutional Continuity","hazard"
"operational disruption of instruction and institutional continuity::research interruption lost experiments and grant milestone failure","Research interruption, lost experiments and grant milestone failure","Operational Disruption of Instruction and Institutional Continuity","hazard"
"operational disruption of instruction and institutional continuity::admissions enrolment registration and financial aid disruption","Admissions, enrolment, registration and financial-aid disruption","Operational Disruption of Instruction and Institutional Continuity","hazard"
"operational disruption of instruction and institutional continuity::extended rebuild and device re imaging across large fleets","Extended rebuild and device re-imaging across large fleets","Operational Disruption of Instruction and Institutional Continuity","hazard"
"operational disruption of instruction and institutional continuity::library catalogue and digital collection outage","Library, catalogue and digital collection outage","Operational Disruption of Instruction and Institutional Continuity","hazard"
"underfunded security posture and recovery capability::small or single person it teams in k 12 districts","Small or single-person IT teams in K-12 districts","Underfunded Security Posture and Recovery Capability","hazard"
"underfunded security posture and recovery capability::legacy and end of life systems retained on constrained capital budgets","Legacy and end-of-life systems retained on constrained capital budgets","Underfunded Security Posture and Recovery Capability","hazard"
"underfunded security posture and recovery capability::backup compromise untested restores and insufficient offline copies","Backup compromise, untested restores and insufficient offline copies","Underfunded Security Posture and Recovery Capability","hazard"
"underfunded security posture and recovery capability::absence of 24 7 monitoring edr coverage gaps and alert fatigue","Absence of 24/7 monitoring, EDR coverage gaps and alert fatigue","Underfunded Security Posture and Recovery Capability","hazard"
"underfunded security posture and recovery capability::limited or absent cyber insurance and incident response retainers","Limited or absent cyber insurance and incident-response retainers","Underfunded Security Posture and Recovery Capability","hazard"
"underfunded security posture and recovery capability::slow public procurement and board approval cycles","Slow public procurement and board-approval cycles","Underfunded Security Posture and Recovery Capability","hazard"
"underfunded security posture and recovery capability::reserve depletion funding recovery british library used c40 of reserves","Reserve depletion funding recovery (British Library used c.40% of reserves)","Underfunded Security Posture and Recovery Capability","hazard"
"underfunded security posture and recovery capability::it staff burnout and turnover following incidents","IT staff burnout and turnover following incidents","Underfunded Security Posture and Recovery Capability","hazard"
"underfunded security posture and recovery capability::decentralised university it with no central authority over departmental systems","Decentralised university IT with no central authority over departmental systems","Underfunded Security Posture and Recovery Capability","hazard"
"student information systems sis and core records::enrolment demographic and household records","Enrolment, demographic and household records","Student Information Systems (SIS) and Core Records","exposure"
"student information systems sis and core records::attendance and truancy data","Attendance and truancy data","Student Information Systems (SIS) and Core Records","exposure"
"student information systems sis and core records::disciplinary and behavioural records","Disciplinary and behavioural records","Student Information Systems (SIS) and Core Records","exposure"
"student information systems sis and core records::transcripts grades and academic history","Transcripts, grades and academic history","Student Information Systems (SIS) and Core Records","exposure"
"student information systems sis and core records::special education iep 504 records","Special-education (IEP/504) records","Student Information Systems (SIS) and Core Records","exposure"
"student information systems sis and core records::immunisation and student health records held in sis","Immunisation and student health records held in SIS","Student Information Systems (SIS) and Core Records","exposure"
"student information systems sis and core records::emergency contact and guardian custody information","Emergency contact and guardian/custody information","Student Information Systems (SIS) and Core Records","exposure"
"student information systems sis and core records::free and reduced price meal eligibility income linked","Free and reduced-price meal eligibility (income-linked)","Student Information Systems (SIS) and Core Records","exposure"
"student information systems sis and core records::vendor hosted sis instances and sis data warehouses","Vendor-hosted SIS instances and SIS data warehouses","Student Information Systems (SIS) and Core Records","exposure"
"learning management systems gradebooks and instructional platforms::lms platforms canvas blackboard moodle schoology google classroom","LMS platforms (Canvas, Blackboard, Moodle, Schoology, Google Classroom)","Learning Management Systems, Gradebooks and Instructional Platforms","exposure"
"learning management systems gradebooks and instructional platforms::gradebooks and assignment submission repositories","Gradebooks and assignment/submission repositories","Learning Management Systems, Gradebooks and Instructional Platforms","exposure"
"learning management systems gradebooks and instructional platforms::private messaging between students teachers and staff","Private messaging between students, teachers and staff","Learning Management Systems, Gradebooks and Instructional Platforms","exposure"
"learning management systems gradebooks and instructional platforms::online assessment exam and remote proctoring systems","Online assessment, exam and remote-proctoring systems","Learning Management Systems, Gradebooks and Instructional Platforms","exposure"
"learning management systems gradebooks and instructional platforms::lecture capture courseware and digital content libraries","Lecture capture, courseware and digital content libraries","Learning Management Systems, Gradebooks and Instructional Platforms","exposure"
"learning management systems gradebooks and instructional platforms::plagiarism detection and academic integrity tooling","Plagiarism detection and academic-integrity tooling","Learning Management Systems, Gradebooks and Instructional Platforms","exposure"
"learning management systems gradebooks and instructional platforms::course rosters section data and lti integrations","Course rosters, section data and LTI integrations","Learning Management Systems, Gradebooks and Instructional Platforms","exposure"
"learning management systems gradebooks and instructional platforms::single sign on tokens and api keys linking lms to institutional identity","Single sign-on tokens and API keys linking LMS to institutional identity","Learning Management Systems, Gradebooks and Instructional Platforms","exposure"
"financial aid bursar payroll and payment systems::financial aid fafsa scholarship and loan records","Financial aid, FAFSA, scholarship and loan records","Financial Aid, Bursar, Payroll and Payment Systems","exposure"
"financial aid bursar payroll and payment systems::bursar tuition billing and student account systems","Bursar, tuition billing and student account systems","Financial Aid, Bursar, Payroll and Payment Systems","exposure"
"financial aid bursar payroll and payment systems::payroll hr and benefits data for staff and faculty","Payroll, HR and benefits data for staff and faculty","Financial Aid, Bursar, Payroll and Payment Systems","exposure"
"financial aid bursar payroll and payment systems::bank account and direct deposit details","Bank account and direct deposit details","Financial Aid, Bursar, Payroll and Payment Systems","exposure"
"financial aid bursar payroll and payment systems::social security numbers and taxpayer identifiers","Social Security numbers and taxpayer identifiers","Financial Aid, Bursar, Payroll and Payment Systems","exposure"
"financial aid bursar payroll and payment systems::third party tuition payment processors and gateways","Third-party tuition payment processors and gateways","Financial Aid, Bursar, Payroll and Payment Systems","exposure"
"financial aid bursar payroll and payment systems::procurement accounts payable and vendor master files","Procurement, accounts payable and vendor master files","Financial Aid, Bursar, Payroll and Payment Systems","exposure"
"financial aid bursar payroll and payment systems::campus card and stored value dining account systems","Campus card and stored-value/dining account systems","Financial Aid, Bursar, Payroll and Payment Systems","exposure"
"financial aid bursar payroll and payment systems::grant accounting and research funding administration","Grant accounting and research funding administration","Financial Aid, Bursar, Payroll and Payment Systems","exposure"
"research data intellectual property and regulated research health data::human subjects research cohorts and longitudinal study data","Human-subjects research cohorts and longitudinal study data","Research Data, Intellectual Property and Regulated Research Health Data","exposure"
"research data intellectual property and regulated research health data::clinical patient and genomic research datasets hipaa regulated","Clinical, patient and genomic research datasets (HIPAA-regulated)","Research Data, Intellectual Property and Regulated Research Health Data","exposure"
"research data intellectual property and regulated research health data::pre publication research grant applications and unpublished results","Pre-publication research, grant applications and unpublished results","Research Data, Intellectual Property and Regulated Research Health Data","exposure"
"research data intellectual property and regulated research health data::patents licensing pipelines and technology transfer records","Patents, licensing pipelines and technology-transfer records","Research Data, Intellectual Property and Regulated Research Health Data","exposure"
"research data intellectual property and regulated research health data::export controlled defence and dual use research","Export-controlled, defence and dual-use research","Research Data, Intellectual Property and Regulated Research Health Data","exposure"
"research data intellectual property and regulated research health data::industry sponsored and contract research under nda","Industry-sponsored and contract research under NDA","Research Data, Intellectual Property and Regulated Research Health Data","exposure"
"research data intellectual property and regulated research health data::hpc clusters lab instrumentation and research computing storage","HPC clusters, lab instrumentation and research computing storage","Research Data, Intellectual Property and Regulated Research Health Data","exposure"
"research data intellectual property and regulated research health data::licensed third party datasets with contractual breach penalties","Licensed third-party datasets with contractual breach penalties","Research Data, Intellectual Property and Regulated Research Health Data","exposure"
"research data intellectual property and regulated research health data::irb records and participant consent identity linkage files","IRB records and participant consent/identity linkage files","Research Data, Intellectual Property and Regulated Research Health Data","exposure"
"minors pii and sensitive student welfare records::minors names dates of birth addresses and ssns","Minors' names, dates of birth, addresses and SSNs","Minors' PII and Sensitive Student Welfare Records","exposure"
"minors pii and sensitive student welfare records::counselling mental health and psychological assessment records","Counselling, mental-health and psychological assessment records","Minors' PII and Sensitive Student Welfare Records","exposure"
"minors pii and sensitive student welfare records::child protection safeguarding and abuse reports","Child protection, safeguarding and abuse reports","Minors' PII and Sensitive Student Welfare Records","exposure"
"minors pii and sensitive student welfare records::custody foster care and guardianship arrangements","Custody, foster-care and guardianship arrangements","Minors' PII and Sensitive Student Welfare Records","exposure"
"minors pii and sensitive student welfare records::juvenile justice and prior conviction referral records","Juvenile justice and prior-conviction referral records","Minors' PII and Sensitive Student Welfare Records","exposure"
"minors pii and sensitive student welfare records::health disability and medication records","Health, disability and medication records","Minors' PII and Sensitive Student Welfare Records","exposure"
"minors pii and sensitive student welfare records::immigration status and english learner designations","Immigration status and English-learner designations","Minors' PII and Sensitive Student Welfare Records","exposure"
"minors pii and sensitive student welfare records::photographs biometrics and student id imagery","Photographs, biometrics and student ID imagery","Minors' PII and Sensitive Student Welfare Records","exposure"
"minors pii and sensitive student welfare records::long tail identity theft exposure dormant credit files of minors","Long-tail identity-theft exposure (dormant credit files of minors)","Minors' PII and Sensitive Student Welfare Records","exposure"
"campus operational technology and physical safety systems::door access control badging and electronic locking systems","Door access control, badging and electronic locking systems","Campus Operational Technology and Physical Safety Systems","exposure"
"campus operational technology and physical safety systems::cctv video surveillance and monitoring platforms","CCTV, video surveillance and monitoring platforms","Campus Operational Technology and Physical Safety Systems","exposure"
"campus operational technology and physical safety systems::fire alarm intrusion detection and emergency notification systems","Fire alarm, intrusion detection and emergency notification systems","Campus Operational Technology and Physical Safety Systems","exposure"
"campus operational technology and physical safety systems::hvac boiler and building management systems","HVAC, boiler and building management systems","Campus Operational Technology and Physical Safety Systems","exposure"
"campus operational technology and physical safety systems::dormitory and residence hall access and utilities","Dormitory and residence-hall access and utilities","Campus Operational Technology and Physical Safety Systems","exposure"
"campus operational technology and physical safety systems::bus routing fleet telematics and student transport tracking","Bus routing, fleet telematics and student transport tracking","Campus Operational Technology and Physical Safety Systems","exposure"
"campus operational technology and physical safety systems::bell schedules pa systems and lockdown emergency controls","Bell schedules, PA systems and lockdown/emergency controls","Campus Operational Technology and Physical Safety Systems","exposure"
"campus operational technology and physical safety systems::campus security floor plans blueprints and camera placement maps","Campus security floor plans, blueprints and camera placement maps","Campus Operational Technology and Physical Safety Systems","exposure"
"campus operational technology and physical safety systems::laboratory athletic facility and dining ot systems","Laboratory, athletic facility and dining OT systems","Campus Operational Technology and Physical Safety Systems","exposure"
"alumni donor and advancement databases::alumni contact employment and biographical records","Alumni contact, employment and biographical records","Alumni, Donor and Advancement Databases","exposure"
"alumni donor and advancement databases::donor giving histories and pledge commitments","Donor giving histories and pledge commitments","Alumni, Donor and Advancement Databases","exposure"
"alumni donor and advancement databases::wealth screening and capacity propensity ratings","Wealth screening and capacity/propensity ratings","Alumni, Donor and Advancement Databases","exposure"
"alumni donor and advancement databases::major gift prospect research and confidential correspondence","Major-gift prospect research and confidential correspondence","Alumni, Donor and Advancement Databases","exposure"
"alumni donor and advancement databases::payment instruments and recurring donation details","Payment instruments and recurring donation details","Alumni, Donor and Advancement Databases","exposure"
"alumni donor and advancement databases::endowment trust and planned giving records","Endowment, trust and planned-giving records","Alumni, Donor and Advancement Databases","exposure"
"alumni donor and advancement databases::board trustee and named benefactor information","Board, trustee and named-benefactor information","Alumni, Donor and Advancement Databases","exposure"
"alumni donor and advancement databases::event membership and affinity programme data","Event, membership and affinity programme data","Alumni, Donor and Advancement Databases","exposure"
"third party edtech cloud and identity infrastructure::sis lms and assessment vendors aggregation nodes","SIS, LMS and assessment vendors (aggregation nodes)","Third-Party Edtech, Cloud and Identity Infrastructure","exposure"
"third party edtech cloud and identity infrastructure::managed service providers and regional education service agencies","Managed service providers and regional education service agencies","Third-Party Edtech, Cloud and Identity Infrastructure","exposure"
"third party edtech cloud and identity infrastructure::cloud tenancies microsoft 365 google workspace and oauth token estates","Cloud tenancies (Microsoft 365, Google Workspace) and OAuth token estates","Third-Party Edtech, Cloud and Identity Infrastructure","exposure"
"third party edtech cloud and identity infrastructure::federated identity providers and sso trust fabric shibboleth incommon edugain","Federated identity providers and SSO trust fabric (Shibboleth, InCommon, eduGAIN)","Third-Party Edtech, Cloud and Identity Infrastructure","exposure"
"third party edtech cloud and identity infrastructure::managed file transfer and data exchange platforms","Managed file transfer and data exchange platforms","Third-Party Edtech, Cloud and Identity Infrastructure","exposure"
"third party edtech cloud and identity infrastructure::payment processors tuition plans and collections agencies","Payment processors, tuition plans and collections agencies","Third-Party Edtech, Cloud and Identity Infrastructure","exposure"
"third party edtech cloud and identity infrastructure::library systems catalogues e resource and publisher platforms","Library systems, catalogues, e-resource and publisher platforms","Third-Party Edtech, Cloud and Identity Infrastructure","exposure"
"third party edtech cloud and identity infrastructure::transcript credentialing admissions and enrolment verification services","Transcript, credentialing, admissions and enrolment-verification services","Third-Party Edtech, Cloud and Identity Infrastructure","exposure"
"third party edtech cloud and identity infrastructure::backup dr and archival providers","Backup, DR and archival providers","Third-Party Edtech, Cloud and Identity Infrastructure","exposure"
"third party edtech cloud and identity infrastructure::student wellbeing tutoring safety monitoring and communications apps","Student wellbeing, tutoring, safety-monitoring and communications apps","Third-Party Edtech, Cloud and Identity Infrastructure","exposure"
"initial access vectors::stolen compromised credentials ibm 1 vector at 16 eg conpet infostealer on an it admins personal device","Stolen/compromised credentials (IBM: #1 vector at 16%; e.g., Conpet infostealer on an IT admin's personal device)","Initial Access Vectors","hazard"
"initial access vectors::infostealer malware harvesting vpn wsus rdp credentials from employee or contractor devices","Infostealer malware harvesting VPN/WSUS/RDP credentials from employee or contractor devices","Initial Access Vectors","hazard"
"initial access vectors::internet facing vpn firewall and remote access appliance exploitation fortinet citrix ivanti class edge devices","Internet-facing VPN, firewall, and remote-access appliance exploitation (Fortinet/Citrix/Ivanti-class edge devices)","Initial Access Vectors","hazard"
"initial access vectors::phishing business email compromise energy utilities are hit harder by email borne attacks than most sectors","Phishing / business email compromise (energy/utilities are hit harder by email-borne attacks than most sectors)","Initial Access Vectors","hazard"
"initial access vectors::abuse of legitimate internal infrastructure eg wsus patch management to push a malicious fake update at conpet","Abuse of legitimate internal infrastructure (e.g., WSUS/patch-management to push a malicious 'fake update' at Conpet)","Initial Access Vectors","hazard"
"initial access vectors::exploitation of unpatched internet facing enterprise apps and public facing customer billing portals","Exploitation of unpatched internet-facing enterprise apps and public-facing customer/billing portals","Initial Access Vectors","hazard"
"initial access vectors::third party vendor and msp remote access compromise","Third-party/vendor and MSP remote-access compromise","Initial Access Vectors","hazard"
"extortion tactics::encryption of it systems production planning shipment tracking billing erp","Encryption of IT systems (production planning, shipment tracking, billing, ERP)","Extortion Tactics","hazard"
"extortion tactics::data exfiltration leak site publication double extortion eg alphv 150gb from creos encevo qilin 1tb from conpet","Data exfiltration + leak-site publication (double extortion; e.g., ALPHV 150GB from Creos/Encevo, Qilin ~1TB from Conpet)","Extortion Tactics","hazard"
"extortion tactics::triple extortion added pressure via press regulators and threats to customers partners whose data was stolen","Triple extortion: added pressure via press/regulators, and threats to customers/partners whose data was stolen","Extortion Tactics","hazard"
"extortion tactics::threat harassment of executives employees and petro points loyalty style customer bases","Threat/harassment of executives, employees, and Petro-Points/loyalty-style customer bases","Extortion Tactics","hazard"
"extortion tactics::ddos as an added coercion layer","DDoS as an added coercion layer","Extortion Tactics","hazard"
"extortion tactics::auctioning selling stolen files to highest bidder ransomhub model","Auctioning/selling stolen files to highest bidder (RansomHub model)","Extortion Tactics","hazard"
"extortion tactics::geopolitical hacktivist extortion and name and shame with no intent to decrypt eg handala targeting gulf oil majors","Geopolitical/hacktivist extortion and 'name-and-shame' with no intent to decrypt (e.g., Handala targeting Gulf oil majors)","Extortion Tactics","hazard"
"ot vs it risk cyber physical::precautionary ot shutdown after an it only breach colonial pipeline 6 day halt conpet isolated systems","Precautionary OT shutdown after an IT-only breach (Colonial Pipeline 6-day halt; Conpet isolated systems)","OT vs IT Risk (Cyber-Physical)","hazard"
"ot vs it risk cyber physical::flat poorly segmented it ot networks allowing lateral movement into control systems","Flat/poorly-segmented IT-OT networks allowing lateral movement into control systems","OT vs IT Risk (Cyber-Physical)","hazard"
"ot vs it risk cyber physical::scada dcs hmi historian compromise and loss of view or loss of control","SCADA / DCS / HMI / historian compromise and loss of view or loss of control","OT vs IT Risk (Cyber-Physical)","hazard"
"ot vs it risk cyber physical::ot specific ics tailored malware eg frostygoop manipulating modbus tcp 502 ekans snake targeting ics processes","OT-specific/ICS-tailored malware (e.g., FrostyGoop manipulating Modbus TCP/502; EKANS/Snake targeting ICS processes)","OT vs IT Risk (Cyber-Physical)","hazard"
"ot vs it risk cyber physical::legacy unpatchable ot assets and long ot maintenance windows","Legacy/unpatchable OT assets and long OT maintenance windows","OT vs IT Risk (Cyber-Physical)","hazard"
"ot vs it risk cyber physical::safety instrumented system sis risk and potential for physical damage to turbines pipelines transformers","Safety-instrumented-system (SIS) risk and potential for physical damage to turbines, pipelines, transformers","OT vs IT Risk (Cyber-Physical)","hazard"
"ot vs it risk cyber physical::dragos 25 of observed ot ransomware cases involved full ot site shutdown 75 caused some operational disruption","Dragos: 25% of observed OT ransomware cases involved full OT-site shutdown, 75% caused some operational disruption","OT vs IT Risk (Cyber-Physical)","hazard"
"third party and supply chain risk::oilfield services and drilling contractors as chokepoints halliburton disruption rippled to e and p customers","Oilfield-services and drilling contractors as chokepoints (Halliburton disruption rippled to E&P customers)","Third-Party & Supply-Chain Risk","hazard"
"third party and supply chain risk::ics automation vendors and remote maintenance access eg schneider electric compromise affecting industrial customers","ICS/automation vendors and remote-maintenance access (e.g., Schneider Electric compromise affecting industrial customers)","Third-Party & Supply-Chain Risk","hazard"
"third party and supply chain risk::managed service providers and shared it platforms across utility groups","Managed service providers and shared IT platforms across utility groups","Third-Party & Supply-Chain Risk","hazard"
"third party and supply chain risk::software firmware supply chain and update mechanism abuse","Software/firmware supply-chain and update-mechanism abuse","Third-Party & Supply-Chain Risk","hazard"
"third party and supply chain risk::fuel retail and payment pos processors suncor petro canada payment outage at 1500 stations","Fuel-retail and payment/POS processors (Suncor/Petro-Canada payment outage at 1,500+ stations)","Third-Party & Supply-Chain Risk","hazard"
"third party and supply chain risk::interconnected grid pipeline operators and shared scada telemetry","Interconnected grid/pipeline operators and shared SCADA telemetry","Third-Party & Supply-Chain Risk","hazard"
"third party and supply chain risk::metering ami and smart grid device supply chain","Metering, AMI, and smart-grid device supply chain","Third-Party & Supply-Chain Risk","hazard"
"insider and workforce risk::privileged it ot administrator credential theft conpet root cause","Privileged IT/OT administrator credential theft (Conpet root cause)","Insider & Human-Factor Risk","hazard"
"insider and workforce risk::use of personal unmanaged devices for work access","Use of personal/unmanaged devices for work access","Insider & Human-Factor Risk","hazard"
"insider and workforce risk::contractor and seasonal field workforce access sprawl","Contractor and seasonal/field-workforce access sprawl","Insider & Human-Factor Risk","hazard"
"insider and workforce risk::weak mfa coverage on remote access and ot jump hosts","Weak MFA coverage on remote-access and OT jump hosts","Insider & Human-Factor Risk","hazard"
"insider and workforce risk::malicious or negligent insiders with scada access","Malicious or negligent insiders with SCADA access","Insider & Human-Factor Risk","hazard"
"regulatory legal and reputational exposure::nerc cip bulk power and tsa pipeline security directive obligations","NERC CIP (bulk power) and TSA pipeline security-directive obligations","Regulatory, Legal & Reputational Exposure","hazard"
"regulatory legal and reputational exposure::cisa circia and national cert incident reporting mandates sec 8 k materiality disclosure halliburton","CISA/CIRCIA and national-CERT incident-reporting mandates; SEC 8-K materiality disclosure (Halliburton)","Regulatory, Legal & Reputational Exposure","hazard"
"regulatory legal and reputational exposure::ofac sanctions exposure when paying ransom to sanctioned russian linked groups","OFAC sanctions exposure when paying ransom to sanctioned/Russian-linked groups","Regulatory, Legal & Reputational Exposure","hazard"
"regulatory legal and reputational exposure::data protection privacy penalties gdpr in eu customer pii breaches","Data-protection/privacy penalties (GDPR in EU; customer PII breaches)","Regulatory, Legal & Reputational Exposure","hazard"
"regulatory legal and reputational exposure::state national security scrutiny and geopolitical targeting of energy assets","State/national-security scrutiny and geopolitical targeting of energy assets","Regulatory, Legal & Reputational Exposure","hazard"
"regulatory legal and reputational exposure::litigation and shareholder stock impact from disclosed material incidents","Litigation and shareholder/stock impact from disclosed material incidents","Regulatory, Legal & Reputational Exposure","hazard"
"operational technology and control systems::scada systems and rtus plcs at pipelines substations wells pump compressor stations","SCADA systems and RTUs/PLCs at pipelines, substations, wells, pump/compressor stations","Operational Technology & Control Systems","exposure"
"operational technology and control systems::distributed control systems dcs at power plants and refineries","Distributed control systems (DCS) at power plants and refineries","Operational Technology & Control Systems","exposure"
"operational technology and control systems::human machine interfaces hmis engineering workstations and ot historians","Human-machine interfaces (HMIs), engineering workstations, and OT historians","Operational Technology & Control Systems","exposure"
"operational technology and control systems::safety instrumented systems sis and protective relays","Safety-instrumented systems (SIS) and protective relays","Operational Technology & Control Systems","exposure"
"operational technology and control systems::modbus dnp3 iec 61850 industrial protocol networks","Modbus/DNP3/IEC-61850 industrial protocol networks","Operational Technology & Control Systems","exposure"
"operational technology and control systems::grid ami smart meter and distribution automation infrastructure","Grid/AMI smart-meter and distribution-automation infrastructure","Operational Technology & Control Systems","exposure"
"enterprise it and business critical applications::production planning and shipment logistics tracking systems halliburton","Production-planning and shipment/logistics-tracking systems (Halliburton)","Enterprise IT & Business-Critical Applications","exposure"
"enterprise it and business critical applications::erp scm and asset management platforms","ERP, SCM, and asset-management platforms","Enterprise IT & Business-Critical Applications","exposure"
"enterprise it and business critical applications::energy trading scheduling and settlement systems","Energy-trading, scheduling, and settlement systems","Enterprise IT & Business-Critical Applications","exposure"
"enterprise it and business critical applications::billing metering to cash and customer information systems cis","Billing, metering-to-cash, and customer-information systems (CIS)","Enterprise IT & Business-Critical Applications","exposure"
"enterprise it and business critical applications::email identity active directory and vpn remote access infrastructure","Email, identity/Active Directory, and VPN/remote-access infrastructure","Enterprise IT & Business-Critical Applications","exposure"
"enterprise it and business critical applications::backup and disaster recovery systems targeted to force payment","Backup and disaster-recovery systems (targeted to force payment)","Enterprise IT & Business-Critical Applications","exposure"
"customer facing and retail systems::fuel retail pos and electronic payment systems suncor petro canada 1500 stations to cash only","Fuel-retail POS and electronic-payment systems (Suncor/Petro-Canada: 1,500+ stations to cash-only)","Customer-Facing & Retail Systems","exposure"
"customer facing and retail systems::customer web portals and mobile apps creos enovos portals knocked offline","Customer web portals and mobile apps (Creos/Enovos portals knocked offline)","Customer-Facing & Retail Systems","exposure"
"customer facing and retail systems::loyalty rewards platforms and member databases petro points","Loyalty/rewards platforms and member databases (Petro-Points)","Customer-Facing & Retail Systems","exposure"
"customer facing and retail systems::outage reporting and customer service systems","Outage-reporting and customer-service systems","Customer-Facing & Retail Systems","exposure"
"customer facing and retail systems::prepay smart meter customer accounts","Prepay/smart-meter customer accounts","Customer-Facing & Retail Systems","exposure"
"sensitive data assets::customer pii and payment loyalty data","Customer PII and payment/loyalty data","Sensitive Data Assets","exposure"
"sensitive data assets::employee pii hr records passport id scans conpet creos","Employee PII, HR records, passport/ID scans (Conpet, Creos)","Sensitive Data Assets","exposure"
"sensitive data assets::confidential contracts agreements invoices financial records","Confidential contracts, agreements, invoices, financial records","Sensitive Data Assets","exposure"
"sensitive data assets::engineering diagrams pipeline grid schematics and control system documentation national security sensitive","Engineering diagrams, pipeline/grid schematics, and control-system documentation (national-security sensitive)","Sensitive Data Assets","exposure"
"sensitive data assets::geophysical seismic reserves and exploration ip oil and gas trade secrets","Geophysical/seismic, reserves, and exploration IP (oil & gas trade secrets)","Sensitive Data Assets","exposure"
"sensitive data assets::plaintext credentials and access secrets found in exfiltrated document troves 2270 credential bearing files at creos","Plaintext credentials and access secrets found in exfiltrated document troves (2,270+ credential-bearing files at Creos)","Sensitive Data Assets","exposure"
"third parties and interconnections::oilfield service drilling and epc contractors","Oilfield-service, drilling, and EPC contractors","Third Parties & Interconnections","exposure"
"third parties and interconnections::ics automation vendors and remote maintenance channels","ICS/automation vendors and remote-maintenance channels","Third Parties & Interconnections","exposure"
"third parties and interconnections::fuel payment processors and retail franchisees","Fuel/payment processors and retail franchisees","Third Parties & Interconnections","exposure"
"third parties and interconnections::interconnected pipeline grid operators and shared telemetry","Interconnected pipeline/grid operators and shared telemetry","Third Parties & Interconnections","exposure"
"third parties and interconnections::msps it outsourcers and shared group it platforms","MSPs, IT outsourcers, and shared group-IT platforms","Third Parties & Interconnections","exposure"
"third parties and interconnections::software firmware update supply chain wsus abuse vendor patches","Software/firmware/update supply chain (WSUS abuse, vendor patches)","Third Parties & Interconnections","exposure"
"initial access vectors::exploitation of internet facing remote access appliances eg citrix netscaler cve 2023 4966 4967 in the icbc incident","Exploitation of internet-facing remote-access appliances (e.g., Citrix NetScaler CVE-2023-4966/4967 in the ICBC incident)","Initial Access Vectors","hazard"
"initial access vectors::phishing and malicious links leading to credential endpoint compromise eg evolve bank and trust employee click","Phishing and malicious links leading to credential/endpoint compromise (e.g., Evolve Bank & Trust employee click)","Initial Access Vectors","hazard"
"initial access vectors::stolen leaked credentials sourced from infostealer logs 54 of ransomware victims per 2025 verizon dbir had prior credential exposure","Stolen/leaked credentials sourced from infostealer logs (54% of ransomware victims per 2025 Verizon DBIR had prior credential exposure)","Initial Access Vectors","hazard"
"initial access vectors::compromise via a shared downstream vendor rather than the institutions own perimeter frost citizens shared vendor deutsche bank marketing platform vendor","Compromise via a shared/downstream vendor rather than the institution's own perimeter (Frost/Citizens shared vendor; Deutsche Bank marketing-platform vendor)","Initial Access Vectors","hazard"
"initial access vectors::exploitation of unpatched known cves in edge vpn infrastructure","Exploitation of unpatched known CVEs in edge/VPN infrastructure","Initial Access Vectors","hazard"
"initial access vectors::business email compromise as a precursor to ransomware deployment","Business email compromise as a precursor to ransomware deployment","Initial Access Vectors","hazard"
"extortion tactics::encryption of core systems to force operational downtime classic single extortion","Encryption of core systems to force operational downtime (classic single extortion)","Extortion Tactics","hazard"
"extortion tactics::data exfiltration and double extortion threat of publishing stolen customer financial records dominant pattern in nearly all example incidents above","Data exfiltration and double extortion (threat of publishing stolen customer/financial records - dominant pattern in nearly all example incidents above)","Extortion Tactics","hazard"
"extortion tactics::leak site countdown deadlines to pressure fast payment eg everests 6 day deadline on frost citizens","Leak-site countdown deadlines to pressure fast payment (e.g., Everest's 6-day deadline on Frost/Citizens)","Extortion Tactics","hazard"
"extortion tactics::harassment of executives customers or regulators directly naming institutions publicly contacting affected customers","Harassment of executives, customers, or regulators directly (naming institutions publicly, contacting affected customers)","Extortion Tactics","hazard"
"extortion tactics::reputational shaming posts calling out incident response vendors or refusal to negotiate alphvs public post against fnf","Reputational/'shaming' posts calling out incident-response vendors or refusal to negotiate (ALPHV's public post against FNF)","Extortion Tactics","hazard"
"extortion tactics::threats of onward sale of data to third parties rather than public leak as a middle ground pressure tactic mapfre lapsus","Threats of onward sale of data to third parties rather than public leak, as a middle-ground pressure tactic (MAPFRE/Lapsus$)","Extortion Tactics","hazard"
"systemic and market contagion risk::disruption to trade clearing settlement causing failed deliveries at a market level icbc 62b in failed treasury settlements in a single day","Disruption to trade clearing/settlement causing failed deliveries at a market level (ICBC: $62B+ in failed Treasury settlements in a single day)","Systemic and Market-Contagion Risk","hazard"
"systemic and market contagion risk::derivatives clearing platform outages forcing manual processing across many institutions simultaneously ion group affecting 42 clients","Derivatives/clearing platform outages forcing manual processing across many institutions simultaneously (ION Group affecting 42+ clients)","Systemic and Market-Contagion Risk","hazard"
"systemic and market contagion risk::central bank national payment infrastructure targeting with potential monetary policy or public confidence implications central bank of libya","Central bank/national payment infrastructure targeting with potential monetary-policy or public-confidence implications (Central Bank of Libya)","Systemic and Market-Contagion Risk","hazard"
"systemic and market contagion risk::contagion through banking as a service and fintech partner networks where one banks compromise exposes many unaffiliated fintech brands customers evolve bank and trust","Contagion through banking-as-a-service and fintech partner networks, where one bank's compromise exposes many unaffiliated fintech brands' customers (Evolve Bank & Trust)","Systemic and Market-Contagion Risk","hazard"
"third party and supply chain risk::concentrated vendor risk a single vendor compromise affecting multiple unrelated financial institutions frost bank citizens bank via shared print fulfillment vendor","Concentrated vendor risk - a single vendor compromise affecting multiple unrelated financial institutions (Frost Bank + Citizens Bank via shared print/fulfillment vendor)","Third-Party and Supply-Chain Risk","hazard"
"third party and supply chain risk::core processor payments vendor compromise fiserv tsys type entities appearing as ransomware group targets","Core processor/payments vendor compromise (Fiserv, TSYS-type entities appearing as ransomware group targets)","Third-Party and Supply-Chain Risk","hazard"
"third party and supply chain risk::fintech baas partner network exposure cascading to end consumers who never had a direct relationship with the breached entity","Fintech/BaaS partner-network exposure cascading to end consumers who never had a direct relationship with the breached entity","Third-Party and Supply-Chain Risk","hazard"
"third party and supply chain risk::marketing loyalty platform vendors handling employee or partner data on the institutions behalf","Marketing/loyalty platform vendors handling employee or partner data on the institution's behalf","Third-Party and Supply-Chain Risk","hazard"
"third party and supply chain risk::weak contractual audit visibility into subcontractors security posture a recurring theme in post incident litigation eg glba vendor accountability suits against citizens frost","Weak contractual/audit visibility into subcontractors' security posture (a recurring theme in post-incident litigation, e.g., GLBA vendor-accountability suits against Citizens/Frost)","Third-Party and Supply-Chain Risk","hazard"
"regulatory and legal exposure::breach notification regimes with short compressed timelines contributing to elevated detection and escalation cost share per ibm 2025 34 in financial services vs 29 global","Breach notification regimes with short/compressed timelines (contributing to elevated 'detection & escalation' cost share per IBM 2025 - ~34% in financial services vs ~29% global)","Regulatory and Legal Exposure","hazard"
"regulatory and legal exposure::sector specific regulatory regimes glba in the us dora in the eu functional regulator rules for banks insurers","Sector-specific regulatory regimes (GLBA in the U.S., DORA in the EU, functional-regulator rules for banks/insurers)","Regulatory and Legal Exposure","hazard"
"regulatory and legal exposure::sec disclosure obligations for material cybersecurity incidents as invoked in the fnf sec filing","SEC disclosure obligations for material cybersecurity incidents (as invoked in the FNF SEC filing)","Regulatory and Legal Exposure","hazard"
"regulatory and legal exposure::state national data protection authority investigations eg spanish aepd scrutiny in mapfres 2021 incident","State/national data-protection authority investigations (e.g., Spanish AEPD scrutiny in MAPFRE's 2021 incident)","Regulatory and Legal Exposure","hazard"
"regulatory and legal exposure::follow on class action litigation from affected customers increasingly targeting both the breached entity and its vendors","Follow-on class-action litigation from affected customers, increasingly targeting both the breached entity and its vendors","Regulatory and Legal Exposure","hazard"
"regulatory and legal exposure::aml kyc and financial stability regulator engagement when core systems or national payment infrastructure are affected","AML/KYC and financial-stability regulator engagement when core systems or national payment infrastructure are affected","Regulatory and Legal Exposure","hazard"
"operational business continuity risk::loss of access to trading settlement systems forcing manual error prone workarounds","Loss of access to trading/settlement systems forcing manual, error-prone workarounds","Operational/Business-Continuity Risk","hazard"
"operational business continuity risk::branch call center and digital channel outages affecting customer facing service availability","Branch, call-center, and digital-channel outages affecting customer-facing service availability","Operational/Business-Continuity Risk","hazard"
"operational business continuity risk::delayed real estate closings title transactions when escrow title systems are down fnf","Delayed real estate closings/title transactions when escrow/title systems are down (FNF)","Operational/Business-Continuity Risk","hazard"
"operational business continuity risk::claims processing and underwriting delays in insurance operations","Claims-processing and underwriting delays in insurance operations","Operational/Business-Continuity Risk","hazard"
"operational business continuity risk::reputational and customer trust damage disproportionate to direct financial loss given the sectors dependence on public confidence","Reputational and customer-trust damage disproportionate to direct financial loss, given the sector's dependence on public confidence","Operational/Business-Continuity Risk","hazard"
"insider and workforce risk::single employee phishing susceptibility as a root cause evolve bank and trust","Single-employee phishing susceptibility as a root cause (Evolve Bank & Trust)","Insider and Human-Factor Risk","hazard"
"insider and workforce risk::inadequate or inconsistent security controls across a large branch subsidiary m and a footprint","Inadequate or inconsistent security controls across a large branch/subsidiary/M&A footprint","Insider and Human-Factor Risk","hazard"
"insider and workforce risk::insider threats raised as a growing concern in covewares late 2025 reporting alongside falling payment rates","Insider threats (raised as a growing concern in Coveware's late-2025 reporting alongside falling payment rates)","Insider and Human-Factor Risk","hazard"
"insider and workforce risk::vendor employee access management gaps at outsourced processors","Vendor-employee access management gaps at outsourced processors","Insider and Human-Factor Risk","hazard"
"core banking and payment systems::core banking platforms deposit loan servicing account management","Core banking platforms (deposit/loan servicing, account management)","Core Banking and Payment Systems","exposure"
"core banking and payment systems::payment rails and settlement systems ach wire swift interfaces card networks","Payment rails and settlement systems (ACH, wire, SWIFT interfaces, card networks)","Core Banking and Payment Systems","exposure"
"core banking and payment systems::trading clearing and derivatives processing platforms eg ion style trade clearing software","Trading, clearing, and derivatives-processing platforms (e.g., ION-style trade/clearing software)","Core Banking and Payment Systems","exposure"
"core banking and payment systems::atm and branch network infrastructure","ATM and branch network infrastructure","Core Banking and Payment Systems","exposure"
"core banking and payment systems::treasury and repo settlement operations systems","Treasury and repo/settlement operations systems","Core Banking and Payment Systems","exposure"
"customer and counterparty data pii pfi::personally identifiable information ssns national ids addresses dob","Personally identifiable information (SSNs/national IDs, addresses, DOB)","Customer and Counterparty Data (PII/PFI)","exposure"
"customer and counterparty data pii pfi::account numbers card pans ibans routing wire details","Account numbers, card PANs, IBANs, routing/wire details","Customer and Counterparty Data (PII/PFI)","exposure"
"customer and counterparty data pii pfi::credit income and investment portfolio data","Credit, income, and investment/portfolio data","Customer and Counterparty Data (PII/PFI)","exposure"
"customer and counterparty data pii pfi::kyc aml documentation and identity verification records","KYC/AML documentation and identity-verification records","Customer and Counterparty Data (PII/PFI)","exposure"
"customer and counterparty data pii pfi::insurance policy claims and underwriting data medical property liability details","Insurance policy, claims, and underwriting data (medical, property, liability details)","Customer and Counterparty Data (PII/PFI)","exposure"
"customer and counterparty data pii pfi::employee data and internal credentials password hashes","Employee data and internal credentials/password hashes","Customer and Counterparty Data (PII/PFI)","exposure"
"third party vendor and fintech partner ecosystem::banking as a service baas infrastructure providers and their downstream fintech clients eg evolve bank and trust exposing affirm wise mercury customers","Banking-as-a-service (BaaS) infrastructure providers and their downstream fintech clients (e.g., Evolve Bank & Trust exposing Affirm, Wise, Mercury customers)","Third-Party, Vendor, and Fintech-Partner Ecosystem","exposure"
"third party vendor and fintech partner ecosystem::statement printing mailing and document fulfillment vendors eg frost citizens shared vendor","Statement printing, mailing, and document-fulfillment vendors (e.g., Frost/Citizens shared vendor)","Third-Party, Vendor, and Fintech-Partner Ecosystem","exposure"
"third party vendor and fintech partner ecosystem::marketing loyalty and incentive platform vendors serving bank sales partners eg deutsche bank third party marketing platform","Marketing, loyalty, and incentive-platform vendors serving bank sales partners (e.g., Deutsche Bank third-party marketing platform)","Third-Party, Vendor, and Fintech-Partner Ecosystem","exposure"
"third party vendor and fintech partner ecosystem::core processing and payments technology vendors eg fiserv tsys type processors","Core-processing and payments technology vendors (e.g., Fiserv, TSYS-type processors)","Third-Party, Vendor, and Fintech-Partner Ecosystem","exposure"
"third party vendor and fintech partner ecosystem::title escrow and closing services platforms tied to real estate transactions eg fnf","Title, escrow, and closing-services platforms tied to real estate transactions (e.g., FNF)","Third-Party, Vendor, and Fintech-Partner Ecosystem","exposure"
"third party vendor and fintech partner ecosystem::credit bureaus kyc identity verification and data aggregation partners","Credit bureaus, KYC/identity-verification, and data-aggregation partners","Third-Party, Vendor, and Fintech-Partner Ecosystem","exposure"
"third party vendor and fintech partner ecosystem::managed it security service providers and outsourced call centers","Managed IT/security service providers and outsourced call centers","Third-Party, Vendor, and Fintech-Partner Ecosystem","exposure"
"market infrastructure and institutional systems::derivatives and securities clearing settlement pipelines","Derivatives and securities clearing/settlement pipelines","Market Infrastructure and Institutional Systems","exposure"
"market infrastructure and institutional systems::central bank and national payment system infrastructure","Central bank and national payment-system infrastructure","Market Infrastructure and Institutional Systems","exposure"
"market infrastructure and institutional systems::correspondent banking and interbank messaging systems","Correspondent banking and interbank messaging systems","Market Infrastructure and Institutional Systems","exposure"
"market infrastructure and institutional systems::credit union and community bank shared service platforms","Credit union and community bank shared-service platforms","Market Infrastructure and Institutional Systems","exposure"
"market infrastructure and institutional systems::regulatory reporting and financial market utility interfaces","Regulatory reporting and financial-market-utility interfaces","Market Infrastructure and Institutional Systems","exposure"
"digital and remote access channels::online and mobile banking insurance portals","Online and mobile banking/insurance portals","Digital and Remote-Access Channels","exposure"
"digital and remote access channels::remote access and vpn citrix infrastructure a documented entry point eg icbc cve 2023 4966 4967","Remote-access and VPN/Citrix infrastructure (a documented entry point, e.g., ICBC/CVE-2023-4966-4967)","Digital and Remote-Access Channels","exposure"
"digital and remote access channels::email and collaboration systems","Email and collaboration systems","Digital and Remote-Access Channels","exposure"
"digital and remote access channels::call center and customer service platforms","Call center and customer service platforms","Digital and Remote-Access Channels","exposure"
"digital and remote access channels::employee remote work endpoints and credentials","Employee remote-work endpoints and credentials","Digital and Remote-Access Channels","exposure"
"corporate legal and governance records::board executive communications and m and a sensitive information","Board/executive communications and M&A-sensitive information","Corporate, Legal, and Governance Records","exposure"
"corporate legal and governance records::internal audit compliance and regulatory exam records","Internal audit, compliance, and regulatory-exam records","Corporate, Legal, and Governance Records","exposure"
"corporate legal and governance records::litigation and legal hold materials","Litigation and legal-hold materials","Corporate, Legal, and Governance Records","exposure"
"corporate legal and governance records::vendor contracts and risk assessment documentation","Vendor contracts and risk-assessment documentation","Corporate, Legal, and Governance Records","exposure"
"corporate legal and governance records::employee hr and payroll records","Employee HR and payroll records","Corporate, Legal, and Governance Records","exposure"
"initial access vectors::exploitation of unpatched internet facing vpn remote access appliances and edge devices a leading verizon dbir cited vector for healthcare breaches up sharply year over year","Exploitation of unpatched, internet-facing VPN/remote-access appliances and edge devices (a leading Verizon DBIR-cited vector for healthcare breaches, up sharply year over year)","Initial Access Vectors","hazard"
"initial access vectors::compromised or purchased vpn rdp citrix credentials including credentials harvested by infostealer malware from employee or third party devices ransomwarelive infostealer telemetry shows large stealer log exposure tied to healthcare victims eg medibank","Compromised or purchased VPN/RDP/Citrix credentials, including credentials harvested by infostealer malware from employee or third-party devices (ransomware.live 'infostealer' telemetry shows large stealer-log exposure tied to healthcare victims, e.g. Medibank)","Initial Access Vectors","hazard"
"initial access vectors::phishing and business email compromise targeting clinical billing and admin staff","Phishing and business-email-compromise targeting clinical, billing, and admin staff","Initial Access Vectors","hazard"
"initial access vectors::compromise of managed service providers msps it vendors and ehr practice management software resellers who hold privileged access across many small provider networks","Compromise of managed service providers (MSPs), IT vendors, and EHR/practice-management software resellers who hold privileged access across many small provider networks","Initial Access Vectors","hazard"
"initial access vectors::exploitation of vulnerabilities in widely deployed healthcare adjacent software file transfer tools voip telehealth platforms backup software as mass one to many entry points","Exploitation of vulnerabilities in widely-deployed healthcare-adjacent software (file-transfer tools, VoIP/telehealth platforms, backup software) as mass 'one-to-many' entry points","Initial Access Vectors","hazard"
"initial access vectors::insider enabled access or credential sale by disgruntled or compromised employees contractors","Insider-enabled access or credential sale by disgruntled or compromised employees/contractors","Initial Access Vectors","hazard"
"extortion tactics::encryption of clinical administrative and financial systems ehr pacs pharmacy lab scheduling forcing downtime procedures and patient diversion","Encryption of clinical, administrative, and financial systems (EHR, PACS, pharmacy, lab, scheduling) forcing 'downtime procedures' and patient diversion","Extortion Tactics","hazard"
"extortion tactics::data exfiltration and double triple extortion publishing or threatening to publish stolen phi on leak sites roughly three quarters of recent healthcare cases reportedly involve exfiltration per coveware","Data exfiltration and double/triple extortion — publishing or threatening to publish stolen PHI on leak sites (roughly three-quarters of recent healthcare cases reportedly involve exfiltration, per Coveware)","Extortion Tactics","hazard"
"extortion tactics::targeted harassment of especially vulnerable patients using stolen sensitive records eg alphv blackcats publication of nude cancer patient treatment photos at lehigh valley health network medibank attackers publishing abortion and addiction treatment records to increase payment pressure","Targeted harassment of especially vulnerable patients using stolen sensitive records (e.g., ALPHV/BlackCat's publication of nude cancer-patient treatment photos at Lehigh Valley Health Network; Medibank attackers publishing abortion and addiction-treatment records) to increase payment pressure","Extortion Tactics","hazard"
"extortion tactics::direct extortion emails calls to patients or plan members threatening individual data release unless the organization or the individual pays","Direct extortion emails/calls to patients or plan members threatening individual data release unless the organization (or the individual) pays","Extortion Tactics","hazard"
"extortion tactics::ddos attacks layered on top of encryption exfiltration to pressure incident response teams","DDoS attacks layered on top of encryption/exfiltration to pressure incident-response teams","Extortion Tactics","hazard"
"extortion tactics::re victimization re posting or re selling the same stolen healthcare dataset by multiple groups or brokers after an initial attack dispossessor second hand leak listings observed in the dataset","'Re-victimization' — re-posting or re-selling the same stolen healthcare dataset by multiple groups or brokers after an initial attack (dispossessor/second-hand leak listings observed in the dataset)","Extortion Tactics","hazard"
"third party and supply chain risk::claims clearinghouse revenue cycle processor compromise change healthcare optum processes 15 billion transactions year roughly a third of us patient records per reporting causing nationwide billing and pharmacy disruption far beyond the direct victim","Claims clearinghouse / revenue-cycle processor compromise (Change Healthcare/Optum — processes ~15 billion transactions/year, roughly a third of US patient records, per reporting) causing nationwide billing and pharmacy disruption far beyond the direct victim","Third-Party / Supply-Chain Risk","hazard"
"third party and supply chain risk::pathology lab and diagnostic services partner compromise synnovis attack on nhs london trusts halting blood testing and surgeries at hospitals that never touched the attacker directly","Pathology, lab, and diagnostic-services partner compromise (Synnovis attack on NHS London trusts) halting blood testing and surgeries at hospitals that never touched the attacker directly","Third-Party / Supply-Chain Risk","hazard"
"third party and supply chain risk::ehr practice management and medical billing software vendor compromise cascading to hundreds of downstream clinics practices","EHR, practice-management, and medical-billing software vendor compromise cascading to hundreds of downstream clinics/practices","Third-Party / Supply-Chain Risk","hazard"
"third party and supply chain risk::managed it security services provider compromise granting simultaneous access to many hospital or clinic networks","Managed IT/security services provider compromise granting simultaneous access to many hospital or clinic networks","Third-Party / Supply-Chain Risk","hazard"
"third party and supply chain risk::business associate and vendor risk under hipaa breach liability extending to the covered entity even when the incident originates at a subcontractor","Business-associate and vendor risk under HIPAA — breach liability extending to the covered entity even when the incident originates at a subcontractor","Third-Party / Supply-Chain Risk","hazard"
"third party and supply chain risk::group purchasing supply and medical device maintenance vendors as pivot points into hospital networks","Group-purchasing, supply, and medical-device-maintenance vendors as pivot points into hospital networks","Third-Party / Supply-Chain Risk","hazard"
"ot medical device and clinical operations risk::forced downtime diversion of ambulances and emergency departments during ehr outages documented at uhs 2020 and other hospital system attacks","Forced downtime/diversion of ambulances and emergency departments during EHR outages (documented at UHS 2020 and other hospital-system attacks)","OT / Medical-Device and Clinical-Operations Risk","hazard"
"ot medical device and clinical operations risk::disruption of networked medical devices infusion pumps imaging pacs systems and lab analyzers that depend on now encrypted or isolated networks","Disruption of networked medical devices, infusion pumps, imaging/PACS systems, and lab analyzers that depend on now-encrypted or isolated networks","OT / Medical-Device and Clinical-Operations Risk","hazard"
"ot medical device and clinical operations risk::delayed or cancelled surgeries chemotherapy dialysis and elective procedures during recovery windows","Delayed or cancelled surgeries, chemotherapy, dialysis, and elective procedures during recovery windows","OT / Medical-Device and Clinical-Operations Risk","hazard"
"ot medical device and clinical operations risk::documented contribution to patient harm death from care delays uk coroner findings tied delayed blood test results after the synnovis attack to a patient death","Documented contribution to patient harm/death from care delays (UK Coroner findings tied delayed blood-test results after the Synnovis attack to a patient death)","OT / Medical-Device and Clinical-Operations Risk","hazard"
"ot medical device and clinical operations risk::reversion to paper based manual clinical documentation for weeks increasing medication and diagnostic error risk","Reversion to paper-based/manual clinical documentation for weeks, increasing medication and diagnostic error risk","OT / Medical-Device and Clinical-Operations Risk","hazard"
"ot medical device and clinical operations risk::ot it convergence risk in hospital facilities systems hvac building access refrigeration for pharmaceuticals blood products","OT/IT convergence risk in hospital facilities systems (HVAC, building access, refrigeration for pharmaceuticals/blood products)","OT / Medical-Device and Clinical-Operations Risk","hazard"
"regulatory and legal exposure::hipaa hhs ocr breach notification investigation and potential civil monetary penalties us","HIPAA/HHS OCR breach notification, investigation, and potential civil monetary penalties (US)","Regulatory and Legal Exposure","hazard"
"regulatory and legal exposure::state attorney general actions and multistate settlements","State attorney-general actions and multistate settlements","Regulatory and Legal Exposure","hazard"
"regulatory and legal exposure::mass tort class action litigation from affected patients eg 65m lehigh valley health network settlement commonspirit and hca class actions","Mass tort / class-action litigation from affected patients (e.g., $65M Lehigh Valley Health Network settlement; CommonSpirit and HCA class actions)","Regulatory and Legal Exposure","hazard"
"regulatory and legal exposure::gdpr and equivalent international health data protection regimes for multinational providers and insurers","GDPR and equivalent international health-data protection regimes for multinational providers and insurers","Regulatory and Legal Exposure","hazard"
"regulatory and legal exposure::government parliamentary inquiries and mandatory incident reporting for public health systems irelands hse uk nhs","Government/parliamentary inquiries and mandatory incident reporting for public health systems (Ireland's HSE, UK NHS)","Regulatory and Legal Exposure","hazard"
"regulatory and legal exposure::loss of accreditation payer contract or medicare medicaid compliance risk tied to prolonged system unavailability","Loss of accreditation, payer contract, or Medicare/Medicaid compliance risk tied to prolonged system unavailability","Regulatory and Legal Exposure","hazard"
"regulatory and legal exposure::cyber insurance coverage disputes and sub limits given the scale of potential claims in this sector","Cyber-insurance coverage disputes and sub-limits given the scale of potential claims in this sector","Regulatory and Legal Exposure","hazard"
"insider and workforce risk::widespread broad ehr access privileges among clinical staff increasing blast radius of a single compromised account","Widespread, broad EHR access privileges among clinical staff increasing blast radius of a single compromised account","Insider and Workforce Risk","hazard"
"insider and workforce risk::credential reuse and shadow it tools eg unsanctioned messaging file sharing apps used by clinicians bypassing security controls","Credential reuse and shadow-IT tools (e.g., unsanctioned messaging/file-sharing apps used by clinicians) bypassing security controls","Insider and Workforce Risk","hazard"
"insider and workforce risk::chronic cybersecurity staffing budget shortfalls relative to it complexity especially at rural hospitals nursing homes and behavioral health social assistance providers","Chronic cybersecurity staffing/budget shortfalls relative to IT complexity, especially at rural hospitals, nursing homes, and behavioral-health/social-assistance providers","Insider and Workforce Risk","hazard"
"insider and workforce risk::third party staffing and locum travel clinician access management gaps","Third-party staffing and locum/travel clinician access management gaps","Insider and Workforce Risk","hazard"
"insider and workforce risk::social engineering of help desk password reset workflows a rising vector per 2025 2026 reporting including at change healthcare adjacent and other large health system incidents","Social engineering of help-desk/password-reset workflows (a rising vector per 2025-2026 reporting, including at Change Healthcare-adjacent and other large-health-system incidents)","Insider and Workforce Risk","hazard"
"electronic health record ehr and clinical documentation systems::hospital health system ehr platforms epic oracle health cerner meditech etc","Hospital/health-system EHR platforms (Epic, Oracle Health/Cerner, MEDITECH, etc.)","Electronic Health Record (EHR) and Clinical Documentation Systems","exposure"
"electronic health record ehr and clinical documentation systems::ambulatory practice management systems for clinics and physician groups","Ambulatory/practice-management systems for clinics and physician groups","Electronic Health Record (EHR) and Clinical Documentation Systems","exposure"
"electronic health record ehr and clinical documentation systems::behavioral health and long term care nursing home record systems","Behavioral health and long-term-care/nursing-home record systems","Electronic Health Record (EHR) and Clinical Documentation Systems","exposure"
"electronic health record ehr and clinical documentation systems::clinical order entry and e prescribing systems","Clinical order-entry and e-prescribing systems","Electronic Health Record (EHR) and Clinical Documentation Systems","exposure"
"medical imaging lab and diagnostic systems::pacs picture archiving and communication systems and radiology imaging archives","PACS (Picture Archiving and Communication Systems) and radiology imaging archives","Medical Imaging, Lab, and Diagnostic Systems","exposure"
"medical imaging lab and diagnostic systems::laboratory information systems lis and pathology blood testing platforms eg synnovis","Laboratory Information Systems (LIS) and pathology/blood-testing platforms (e.g., Synnovis)","Medical Imaging, Lab, and Diagnostic Systems","exposure"
"medical imaging lab and diagnostic systems::connected medical iot devices infusion pumps monitors ventilators imaging modalities","Connected medical IoT devices (infusion pumps, monitors, ventilators, imaging modalities)","Medical Imaging, Lab, and Diagnostic Systems","exposure"
"medical imaging lab and diagnostic systems::genomic molecular diagnostics data","Genomic/molecular diagnostics data","Medical Imaging, Lab, and Diagnostic Systems","exposure"
"claims billing and revenue cycle infrastructure::claims clearinghouses and eligibility verification platforms eg change healthcare optum","Claims clearinghouses and eligibility-verification platforms (e.g., Change Healthcare/Optum)","Claims, Billing, and Revenue-Cycle Infrastructure","exposure"
"claims billing and revenue cycle infrastructure::medical billing and coding service providers","Medical billing and coding service providers","Claims, Billing, and Revenue-Cycle Infrastructure","exposure"
"claims billing and revenue cycle infrastructure::prior authorization and utilization management systems","Prior-authorization and utilization-management systems","Claims, Billing, and Revenue-Cycle Infrastructure","exposure"
"claims billing and revenue cycle infrastructure::pharmacy benefit and prescription processing networks","Pharmacy benefit and prescription-processing networks","Claims, Billing, and Revenue-Cycle Infrastructure","exposure"
"claims billing and revenue cycle infrastructure::payment reimbursement processing tied to medicare medicaid and commercial payers","Payment/reimbursement processing tied to Medicare/Medicaid and commercial payers","Claims, Billing, and Revenue-Cycle Infrastructure","exposure"
"telehealth and remote care platforms::telehealth video visit platforms","Telehealth/video-visit platforms","Telehealth and Remote-Care Platforms","exposure"
"telehealth and remote care platforms::remote patient monitoring and wearable device data feeds","Remote patient monitoring and wearable-device data feeds","Telehealth and Remote-Care Platforms","exposure"
"telehealth and remote care platforms::patient portals and appointment scheduling systems","Patient portals and appointment-scheduling systems","Telehealth and Remote-Care Platforms","exposure"
"protected health information phi and personal data::patient demographic and insurance medicare medicaid identifiers","Patient demographic and insurance/Medicare-Medicaid identifiers","Protected Health Information (PHI) and Personal Data","exposure"
"protected health information phi and personal data::clinical treatment records including mental health substance abuse and reproductive health data","Clinical/treatment records including mental health, substance-abuse, and reproductive-health data","Protected Health Information (PHI) and Personal Data","exposure"
"protected health information phi and personal data::sensitive images eg oncology treatment photos leaked at lehigh valley health network","Sensitive images (e.g., oncology treatment photos leaked at Lehigh Valley Health Network)","Protected Health Information (PHI) and Personal Data","exposure"
"protected health information phi and personal data::genetic and biometric data","Genetic and biometric data","Protected Health Information (PHI) and Personal Data","exposure"
"protected health information phi and personal data::social security numbers financial and payment card data collected for billing","Social Security numbers, financial and payment-card data collected for billing","Protected Health Information (PHI) and Personal Data","exposure"
"third party and vendor ecosystem::ehr practice management and health it software vendors","EHR, practice-management, and health IT software vendors","Third-Party and Vendor Ecosystem","exposure"
"third party and vendor ecosystem::managed service providers msps and it outsourcers serving multiple clinics hospitals","Managed service providers (MSPs) and IT outsourcers serving multiple clinics/hospitals","Third-Party and Vendor Ecosystem","exposure"
"third party and vendor ecosystem::medical billing collections and revenue cycle management firms","Medical billing/collections and revenue-cycle-management firms","Third-Party and Vendor Ecosystem","exposure"
"third party and vendor ecosystem::lab imaging and pathology outsourcing partners","Lab, imaging, and pathology outsourcing partners","Third-Party and Vendor Ecosystem","exposure"
"third party and vendor ecosystem::staffing agencies and home health senior care service providers","Staffing agencies and home-health/senior-care service providers","Third-Party and Vendor Ecosystem","exposure"
"third party and vendor ecosystem::health insurers and third party administrators handling member phi","Health insurers and third-party administrators handling member PHI","Third-Party and Vendor Ecosystem","exposure"
"physical operational continuity systems::ambulance ems dispatch and diversion coordination","Ambulance/EMS dispatch and diversion coordination","Physical/Operational Continuity Systems","exposure"
"physical operational continuity systems::pharmacy and blood bank inventory cold chain management systems","Pharmacy and blood-bank inventory/cold-chain management systems","Physical/Operational Continuity Systems","exposure"
"physical operational continuity systems::hospital building management access control systems","Hospital building management/access-control systems","Physical/Operational Continuity Systems","exposure"
"physical operational continuity systems::emergency department and or scheduling systems","Emergency department and OR scheduling systems","Physical/Operational Continuity Systems","exposure"
"initial access vectors::exploitation of internet facing vpn and edge appliances eg palo alto globalprotect at ingram micro fortinet citrix microsoft exchange as used against acer","Exploitation of internet-facing/VPN and edge appliances (e.g., Palo Alto GlobalProtect at Ingram Micro, Fortinet/Citrix, Microsoft Exchange as used against Acer)","Initial Access Vectors","hazard"
"initial access vectors::exploitation of managed file transfer edge software moveit goanywhere accellion for mass exfiltration","Exploitation of managed file transfer / edge software (MOVEit, GoAnywhere, Accellion) for mass exfiltration","Initial Access Vectors","hazard"
"initial access vectors::leaked or purchased credentials and infostealer logs initial access broker marketplaces","Leaked or purchased credentials and infostealer logs (initial-access-broker marketplaces)","Initial Access Vectors","hazard"
"initial access vectors::abuse of remote monitoring and management rmm and remote access tooling","Abuse of remote monitoring & management (RMM) and remote-access tooling","Initial Access Vectors","hazard"
"initial access vectors::phishing social engineering of admins and developers","Phishing / social engineering of admins and developers","Initial Access Vectors","hazard"
"initial access vectors::exploitation of zero day n day vulnerabilities in the vendors own shipped products turning the product into an attack vector against customers","Exploitation of zero-day/n-day vulnerabilities in the vendor's own shipped products, turning the product into an attack vector against customers","Initial Access Vectors","hazard"
"extortion tactics::encryption of production build ci cd and virtualization vmware esxi systems","Encryption of production, build/CI-CD and virtualization (VMware ESXi) systems","Extortion Tactics","hazard"
"extortion tactics::data exfiltration and public leak site publication double extortion","Data exfiltration and public leak-site publication (double extortion)","Extortion Tactics","hazard"
"extortion tactics::triple quadruple extortion ddos and direct harassment of the victims downstream customers partners and employees","Triple/quadruple extortion: DDoS and direct harassment of the victim's downstream customers, partners and employees","Extortion Tactics","hazard"
"extortion tactics::threatened disclosure of source code product blueprints and signing keys certificates","Threatened disclosure of source code, product blueprints and signing keys/certificates","Extortion Tactics","hazard"
"extortion tactics::ransom escalation and event timed pressure eg revil publicizing quanta apple leak during apples launch event","Ransom escalation and event-timed pressure (e.g., REvil publicizing Quanta/Apple leak during Apple's launch event)","Extortion Tactics","hazard"
"supply chain and downstream cascade risk::msp rmm platform compromise cascading to managed clients kaseya vsa up to 1500 downstream businesses","MSP/RMM platform compromise cascading to managed clients (Kaseya VSA -> up to ~1,500 downstream businesses)","Supply-Chain and Downstream Cascade Risk","hazard"
"supply chain and downstream cascade risk::saas hosted platform outage cascading to customer operations cdk global 15000 dealerships","SaaS/hosted-platform outage cascading to customer operations (CDK Global -> ~15,000 dealerships)","Supply-Chain and Downstream Cascade Risk","hazard"
"supply chain and downstream cascade risk::distribution reseller channel disruption halting downstream commerce ingram micro order processing","Distribution/reseller channel disruption halting downstream commerce (Ingram Micro order processing)","Supply-Chain and Downstream Cascade Risk","hazard"
"supply chain and downstream cascade risk::software supply chain trojanized update or embedded product vulnerability propagation moveit 2700 organizations","Software-supply-chain / trojanized-update or embedded-product-vulnerability propagation (MOVEit -> 2,700+ organizations)","Supply-Chain and Downstream Cascade Risk","hazard"
"supply chain and downstream cascade risk::cloud subprocessor concentration and single points of failure shared across many tenants","Cloud/subprocessor concentration and single-points-of-failure shared across many tenants","Supply-Chain and Downstream Cascade Risk","hazard"
"intellectual property and source code theft::product designs and hardware blueprints quanta apple device schematics","Product designs and hardware blueprints (Quanta/Apple device schematics)","Intellectual Property and Source Code Theft","hazard"
"intellectual property and source code theft::semiconductor chip design and eda data arm synopsys as recent leak site claims","Semiconductor / chip design and EDA data (ARM, Synopsys as recent leak-site claims)","Intellectual Property and Source Code Theft","hazard"
"intellectual property and source code theft::proprietary source code and algorithms","Proprietary source code and algorithms","Intellectual Property and Source Code Theft","hazard"
"intellectual property and source code theft::code signing keys certificates and secrets enabling further supply chain abuse","Code-signing keys, certificates and secrets enabling further supply-chain abuse","Intellectual Property and Source Code Theft","hazard"
"intellectual property and source code theft::trade secrets roadmaps and confidential customer contracts","Trade secrets, roadmaps and confidential customer contracts","Intellectual Property and Source Code Theft","hazard"
"third party vendor and concentration risk::shared cloud hosting infrastructure and multi tenant architecture","Shared cloud/hosting infrastructure and multi-tenant architecture","Third-Party, Vendor and Concentration Risk","hazard"
"third party vendor and concentration risk::subprocessor and nested vendor dependency chains","Subprocessor and nested-vendor dependency chains","Third-Party, Vendor and Concentration Risk","hazard"
"third party vendor and concentration risk::data processor liability for downstream clients data held on behalf of customers","Data-processor liability for downstream clients' data held on behalf of customers","Third-Party, Vendor and Concentration Risk","hazard"
"third party vendor and concentration risk::concentration of many customers on one platform systemic insurer accumulation risk","Concentration of many customers on one platform (systemic insurer accumulation risk)","Third-Party, Vendor and Concentration Risk","hazard"
"regulatory and legal exposure::sec cyber incident disclosure obligations and investigations sec probe of progress software moveit","SEC cyber-incident disclosure obligations and investigations (SEC probe of Progress Software/MOVEit)","Regulatory, Legal and Contractual Exposure","hazard"
"regulatory and legal exposure::gdpr and global breach notification statutes across many jurisdictions","GDPR and global breach-notification statutes across many jurisdictions","Regulatory, Legal and Contractual Exposure","hazard"
"regulatory and legal exposure::mass class action litigation moveit spawned dozens of suits 40m claimants","Mass class-action litigation (MOVEit spawned dozens of suits, 40M+ claimants)","Regulatory, Legal and Contractual Exposure","hazard"
"regulatory and legal exposure::contractual sla penalties indemnities and customer breach of contract claims","Contractual SLA penalties, indemnities and customer breach-of-contract claims","Regulatory, Legal and Contractual Exposure","hazard"
"regulatory and legal exposure::cross border data transfer and sovereignty complications","Cross-border data-transfer and sovereignty complications","Regulatory, Legal and Contractual Exposure","hazard"
"insider identity and privileged access risk::compromise of privileged admin domain admin and cloud root credentials","Compromise of privileged admin / domain-admin and cloud root credentials","Insider, Identity and Privileged-Access Risk","hazard"
"insider identity and privileged access risk::developer credential and secrets theft repo tokens api keys","Developer credential and secrets theft (repo tokens, API keys)","Insider, Identity and Privileged-Access Risk","hazard"
"insider identity and privileged access risk::initial access broker recruitment and insider collusion","Initial-access-broker recruitment and insider collusion","Insider, Identity and Privileged-Access Risk","hazard"
"insider identity and privileged access risk::weak mfa sso federation abuse across tenants","Weak MFA / SSO federation abuse across tenants","Insider, Identity and Privileged-Access Risk","hazard"
"infrastructure and availability risk it data center::data center colocation and network operations disruption","Data-center / colocation and network-operations disruption","Infrastructure and Availability Risk (IT/Data-Center)","hazard"
"infrastructure and availability risk it data center::backup and disaster recovery system targeting attackers delete encrypt backups first","Backup and disaster-recovery system targeting (attackers delete/encrypt backups first)","Infrastructure and Availability Risk (IT/Data-Center)","hazard"
"infrastructure and availability risk it data center::virtualization and hypervisor mass encryption esxi","Virtualization and hypervisor mass-encryption (ESXi)","Infrastructure and Availability Risk (IT/Data-Center)","hazard"
"infrastructure and availability risk it data center::prolonged availability loss and business interruption for both victim and downstream customers","Prolonged availability loss and business-interruption for both victim and downstream customers","Infrastructure and Availability Risk (IT/Data-Center)","hazard"
"software development and source code assets::source code repositories git github gitlab bitbucket","Source-code repositories (Git/GitHub/GitLab/Bitbucket)","Software Development and Source-Code Assets","exposure"
"software development and source code assets::ci cd build and release pipelines","CI/CD build and release pipelines","Software Development and Source-Code Assets","exposure"
"software development and source code assets::code signing keys and certificates","Code-signing keys and certificates","Software Development and Source-Code Assets","exposure"
"software development and source code assets::container registries and artifact stores","Container registries and artifact stores","Software Development and Source-Code Assets","exposure"
"software development and source code assets::product designs hardware blueprints and chip eda design data","Product designs, hardware blueprints and chip/EDA design data","Software Development and Source-Code Assets","exposure"
"customer facing saas cloud platforms::production application and hosting environments","Production application and hosting environments","Customer-Facing SaaS / Cloud Platforms","exposure"
"customer facing saas cloud platforms::multi tenant customer databases and data lakes","Multi-tenant customer databases and data lakes","Customer-Facing SaaS / Cloud Platforms","exposure"
"customer facing saas cloud platforms::customer portals dashboards and public apis","Customer portals, dashboards and public APIs","Customer-Facing SaaS / Cloud Platforms","exposure"
"customer facing saas cloud platforms::licensing provisioning and entitlement systems","Licensing, provisioning and entitlement systems","Customer-Facing SaaS / Cloud Platforms","exposure"
"managed services and remote management infrastructure::rmm platforms eg kaseya vsa","RMM platforms (e.g., Kaseya VSA)","Managed-Services and Remote-Management Infrastructure","exposure"
"managed services and remote management infrastructure::msp management consoles and multi tenant admin planes","MSP management consoles and multi-tenant admin planes","Managed-Services and Remote-Management Infrastructure","exposure"
"managed services and remote management infrastructure::remote access jump hosts and privileged access management","Remote-access/jump hosts and privileged-access management","Managed-Services and Remote-Management Infrastructure","exposure"
"managed services and remote management infrastructure::monitoring patching and orchestration tooling","Monitoring, patching and orchestration tooling","Managed-Services and Remote-Management Infrastructure","exposure"
"corporate it identity and edge systems::active directory entra id and sso identity federation","Active Directory / Entra ID and SSO/identity federation","Corporate IT, Identity and Edge Systems","exposure"
"corporate it identity and edge systems::vpn and internet facing edge appliances globalprotect fortinet citrix","VPN and internet-facing edge appliances (GlobalProtect, Fortinet, Citrix)","Corporate IT, Identity and Edge Systems","exposure"
"corporate it identity and edge systems::managed file transfer appliances moveit goanywhere","Managed file transfer appliances (MOVEit, GoAnywhere)","Corporate IT, Identity and Edge Systems","exposure"
"corporate it identity and edge systems::virtualization vmware esxi email and collaboration systems","Virtualization (VMware ESXi), email and collaboration systems","Corporate IT, Identity and Edge Systems","exposure"
"corporate it identity and edge systems::backup and disaster recovery infrastructure","Backup and disaster-recovery infrastructure","Corporate IT, Identity and Edge Systems","exposure"
"customer employee and third party data::customer pii and account credentials","Customer PII and account credentials","Customer, Employee and Third-Party Data","exposure"
"customer employee and third party data::contract service order and billing data eg ntt com 17891 organizations","Contract, service-order and billing data (e.g., NTT Com 17,891 organizations)","Customer, Employee and Third-Party Data","exposure"
"customer employee and third party data::employee and applicant records eg ingram micro 42000 records","Employee and applicant records (e.g., Ingram Micro ~42,000 records)","Customer, Employee and Third-Party Data","exposure"
"customer employee and third party data::downstream clients data held as a data processor","Downstream clients' data held as a data processor","Customer, Employee and Third-Party Data","exposure"
"customer employee and third party data::confidential customer contracts purchase orders and roadmaps tata technologies leak","Confidential customer contracts, purchase orders and roadmaps (Tata Technologies leak)","Customer, Employee and Third-Party Data","exposure"
"distribution logistics and commerce systems::order processing and e commerce systems ingram micro","Order-processing and e-commerce systems (Ingram Micro)","Distribution, Logistics and Commerce Systems","exposure"
"distribution logistics and commerce systems::erp inventory and channel management platforms","ERP, inventory and channel-management platforms","Distribution, Logistics and Commerce Systems","exposure"
"distribution logistics and commerce systems::dealer reseller management saas cdk global dms","Dealer/reseller management SaaS (CDK Global DMS)","Distribution, Logistics and Commerce Systems","exposure"
"distribution logistics and commerce systems::payment and licensing activation systems","Payment and licensing/activation systems","Distribution, Logistics and Commerce Systems","exposure"
"downstream ecosystem and supply chain relationships::msp managed client estates","MSP-managed client estates","Downstream Ecosystem and Supply-Chain Relationships","exposure"
"downstream ecosystem and supply chain relationships::reseller distributor channel and end customers","Reseller/distributor channel and end customers","Downstream Ecosystem and Supply-Chain Relationships","exposure"
"downstream ecosystem and supply chain relationships::subprocessors cloud providers and integration partners","Subprocessors, cloud providers and integration partners","Downstream Ecosystem and Supply-Chain Relationships","exposure"
"downstream ecosystem and supply chain relationships::hardware and component supply chain oem odm relationships eg quanta as apple odm","Hardware and component supply chain (OEM/ODM relationships, e.g., Quanta as Apple ODM)","Downstream Ecosystem and Supply-Chain Relationships","exposure"
"intellectual property and trade secrets::semiconductor and chip design ip eda data","Semiconductor and chip-design IP / EDA data","Intellectual Property and Trade Secrets","exposure"
"intellectual property and trade secrets::proprietary algorithms models and product roadmaps","Proprietary algorithms, models and product roadmaps","Intellectual Property and Trade Secrets","exposure"
"intellectual property and trade secrets::unreleased product blueprints and schematics","Unreleased product blueprints and schematics","Intellectual Property and Trade Secrets","exposure"
"intellectual property and trade secrets::trade secrets and competitive strategic documents","Trade secrets and competitive/strategic documents","Intellectual Property and Trade Secrets","exposure"
"initial access vectors::exposed unsecured rdp and remote access services documented initial vector in the honda ekans 2020 case","Exposed/unsecured RDP and remote-access services (documented initial vector in the Honda/EKANS 2020 case)","Initial Access Vectors","hazard"
"initial access vectors::exploited public facing vulnerabilities leading root cause per sophos 2025 32 of manufacturing incidents eg citrix netscaler cve exploited by inc ransom","Exploited public-facing vulnerabilities (leading root cause per Sophos 2025, 32% of manufacturing incidents; e.g., Citrix NetScaler CVE exploited by INC Ransom)","Initial Access Vectors","hazard"
"initial access vectors::phishing spearphishing and malicious email attachments norsk hydros lockergoga entry point","Phishing/spearphishing and malicious email attachments (Norsk Hydro's LockerGoga entry point)","Initial Access Vectors","hazard"
"initial access vectors::compromised stolen credentials including via infostealer malware","Compromised/stolen credentials, including via infostealer malware","Initial Access Vectors","hazard"
"initial access vectors::malicious browser downloads by employees continental ag 2022 vector","Malicious browser downloads by employees (Continental AG 2022 vector)","Initial Access Vectors","hazard"
"initial access vectors::third party vendor msp remote access compromise","Third-party/vendor/MSP remote-access compromise","Initial Access Vectors","hazard"
"extortion tactics::encryption of production it systems traditional single extortion eg norsk hydro honda","Encryption of production/IT systems (traditional single-extortion, e.g. Norsk Hydro, Honda)","Extortion Tactics","hazard"
"extortion tactics::data exfiltration and double extortion leak site publication threats eg continental nissan yamaha","Data exfiltration and double-extortion (leak-site publication threats, e.g. Continental, Nissan, Yamaha)","Extortion Tactics","hazard"
"extortion tactics::backup destruction to eliminate recovery options and increase payment pressure foxconn mexico 20 30tb of backups deleted","Backup destruction to eliminate recovery options and increase payment pressure (Foxconn Mexico: 20-30TB of backups deleted)","Extortion Tactics","hazard"
"extortion tactics::deadline driven public leak site pressure campaigns","Deadline-driven public leak-site pressure campaigns","Extortion Tactics","hazard"
"extortion tactics::triple extortion secondary harassment of customers partners named in stolen data or ddos layered on top","Triple extortion (secondary harassment of customers/partners named in stolen data, or DDoS layered on top)","Extortion Tactics","hazard"
"extortion tactics::direct sale of stolen ip data to third parties independent of ransom negotiation continental data offered for sale at 50m 40m","Direct sale of stolen IP/data to third parties independent of ransom negotiation (Continental data offered for sale at $50M/$40M)","Extortion Tactics","hazard"
"ot vs it risk differentiation::pure it compromises with data theft only impact and limited production disruption","Pure-IT compromises with data-theft-only impact and limited production disruption","OT vs. IT Risk Differentiation","hazard"
"ot vs it risk differentiation::it to ot lateral movement causing plant production shutdowns","IT-to-OT lateral movement causing plant/production shutdowns","OT vs. IT Risk Differentiation","hazard"
"ot vs it risk differentiation::purpose built ot ics targeting malware eg snake ekans designed to kill scada associated processes","Purpose-built OT/ICS-targeting malware (e.g., Snake/EKANS designed to kill SCADA-associated processes)","OT vs. IT Risk Differentiation","hazard"
"ot vs it risk differentiation::precautionary self imposed shutdowns to contain spread bridgestones proactive disconnection of 30 plants","Precautionary self-imposed shutdowns to contain spread (Bridgestone's proactive disconnection of ~30 plants)","OT vs. IT Risk Differentiation","hazard"
"ot vs it risk differentiation::safety system and physical safety risk where ot compromise intersects with worker product safety","Safety-system and physical-safety risk where OT compromise intersects with worker/product safety","OT vs. IT Risk Differentiation","hazard"
"supply chain and business interruption risk::contingent business interruption to downstream oem customers relying on jit delivery","Contingent business interruption to downstream OEM customers relying on JIT delivery","Supply Chain and Business Interruption Risk","hazard"
"supply chain and business interruption risk::upstream supplier sub contractor compromise propagating into the manufacturers network","Upstream supplier/sub-contractor compromise propagating into the manufacturer's network","Supply Chain and Business Interruption Risk","hazard"
"supply chain and business interruption risk::multi plant multi region shutdowns from a single network wide compromise bridgestone 30 plants 10 days","Multi-plant/multi-region shutdowns from a single network-wide compromise (Bridgestone: ~30 plants, 10 days)","Supply Chain and Business Interruption Risk","hazard"
"supply chain and business interruption risk::extended full recovery timelines 100 days per sophos 2024 data prolonging revenue loss beyond initial outage","Extended full-recovery timelines (100+ days per Sophos 2024 data) prolonging revenue loss beyond initial outage","Supply Chain and Business Interruption Risk","hazard"
"third party and vendor msp risk::compromise via managed service providers or ot system integrators with standing remote access","Compromise via managed service providers or OT system integrators with standing remote access","Third-Party and Vendor/MSP Risk","hazard"
"third party and vendor msp risk::shared interconnected supplier portals and edi systems as lateral movement paths","Shared/interconnected supplier portals and EDI systems as lateral-movement paths","Third-Party and Vendor/MSP Risk","hazard"
"third party and vendor msp risk::cloud erp mes vendor compromise cascading to multiple manufacturing clients","Cloud ERP/MES vendor compromise cascading to multiple manufacturing clients","Third-Party and Vendor/MSP Risk","hazard"
"third party and vendor msp risk::sub tier supplier ransomware indirectly halting the insureds production contingent bi exposure","Sub-tier supplier ransomware indirectly halting the insured's production (contingent BI exposure)","Third-Party and Vendor/MSP Risk","hazard"
"insider and workforce risk::employee initiated compromise malicious downloads credential reuse phishing susceptibility","Employee-initiated compromise (malicious downloads, credential reuse, phishing susceptibility)","Insider and Human-Factor Risk","hazard"
"insider and workforce risk::insufficient in house security expertise to detect respond in time cited by 425 of manufacturing ransomware victims per sophos 2025","Insufficient in-house security expertise to detect/respond in time (cited by 42.5% of manufacturing ransomware victims per Sophos 2025)","Insider and Human-Factor Risk","hazard"
"insider and workforce risk::disgruntled or negligent insiders with ot production system access","Disgruntled or negligent insiders with OT/production-system access","Insider and Human-Factor Risk","hazard"
"insider and workforce risk::contractor and temporary worker access control gaps on factory floors","Contractor and temporary-worker access-control gaps on factory floors","Insider and Human-Factor Risk","hazard"
"regulatory legal and notification exposure::multi jurisdictional breach notification requirements for exposed employee customer pii eg nissans 100000 person notification across australia new zealand","Multi-jurisdictional breach-notification requirements for exposed employee/customer PII (e.g., Nissan's ~100,000-person notification across Australia/New Zealand)","Regulatory, Legal, and Notification Exposure","hazard"
"regulatory legal and notification exposure::government id and financial data exposure triggering elevated regulatory scrutiny medicare numbers drivers licenses passports tax file numbers ssns banking data seen across the example incidents","Government-ID and financial-data exposure triggering elevated regulatory scrutiny (Medicare numbers, driver's licenses, passports, tax file numbers, SSNs, banking data seen across the example incidents)","Regulatory, Legal, and Notification Exposure","hazard"
"regulatory legal and notification exposure::export control and trade secret protection obligations for defense aerospace adjacent manufacturers","Export-control and trade-secret protection obligations for defense/aerospace-adjacent manufacturers","Regulatory, Legal, and Notification Exposure","hazard"
"regulatory legal and notification exposure::securities disclosure obligations for publicly traded manufacturers material incident 8 k style disclosures","Securities-disclosure obligations for publicly traded manufacturers (material incident/8-K-style disclosures)","Regulatory, Legal, and Notification Exposure","hazard"
"regulatory legal and notification exposure::cross border data transfer and subsidiary notification complexity for multinational manufacturers","Cross-border data-transfer and subsidiary-notification complexity for multinational manufacturers","Regulatory, Legal, and Notification Exposure","hazard"
"operational technology industrial control systems ot ics scada::programmable logic controllers plcs and distributed control systems dcs","Programmable Logic Controllers (PLCs) and Distributed Control Systems (DCS)","Operational Technology / Industrial Control Systems (OT/ICS/SCADA)","exposure"
"operational technology industrial control systems ot ics scada::scada hmi supervisory systems","SCADA/HMI supervisory systems","Operational Technology / Industrial Control Systems (OT/ICS/SCADA)","exposure"
"operational technology industrial control systems ot ics scada::industrial iot iiot sensors and connected machinery","Industrial IoT (IIoT) sensors and connected machinery","Operational Technology / Industrial Control Systems (OT/ICS/SCADA)","exposure"
"operational technology industrial control systems ot ics scada::robotics and automated assembly line controllers","Robotics and automated assembly-line controllers","Operational Technology / Industrial Control Systems (OT/ICS/SCADA)","exposure"
"operational technology industrial control systems ot ics scada::building plant management systems hvac energy safety interlocks converged with it networks","Building/plant management systems (HVAC, energy, safety interlocks) converged with IT networks","Operational Technology / Industrial Control Systems (OT/ICS/SCADA)","exposure"
"operational technology industrial control systems ot ics scada::legacy unpatched ot systems with long refresh cycles 10 20 year equipment lifespans","Legacy/unpatched OT systems with long refresh cycles (10-20+ year equipment lifespans)","Operational Technology / Industrial Control Systems (OT/ICS/SCADA)","exposure"
"production and manufacturing execution systems::manufacturing execution systems mes","Manufacturing Execution Systems (MES)","Production and Manufacturing Execution Systems","exposure"
"production and manufacturing execution systems::erp systems tied to production scheduling and inventory sap oracle etc","ERP systems tied to production scheduling and inventory (SAP, Oracle, etc.)","Production and Manufacturing Execution Systems","exposure"
"production and manufacturing execution systems::quality control and batch lot tracking systems","Quality-control and batch/lot-tracking systems","Production and Manufacturing Execution Systems","exposure"
"production and manufacturing execution systems::warehouse management and inventory control systems","Warehouse management and inventory-control systems","Production and Manufacturing Execution Systems","exposure"
"production and manufacturing execution systems::historian data collection servers bridging it and ot","Historian/data-collection servers bridging IT and OT","Production and Manufacturing Execution Systems","exposure"
"intellectual property and trade secrets::cad cam design files and product blueprints","CAD/CAM design files and product blueprints","Intellectual Property and Trade Secrets","exposure"
"intellectual property and trade secrets::source code for embedded firmware systems in products","Source code for embedded/firmware systems in products","Intellectual Property and Trade Secrets","exposure"
"intellectual property and trade secrets::r and d data and pre release product specifications","R&D data and pre-release product specifications","Intellectual Property and Trade Secrets","exposure"
"intellectual property and trade secrets::proprietary manufacturing process recipe data","Proprietary manufacturing process/recipe data","Intellectual Property and Trade Secrets","exposure"
"intellectual property and trade secrets::patents and trade secret documentation","Patents and trade-secret documentation","Intellectual Property and Trade Secrets","exposure"
"supply chain and third party vendor networks::tier 1 2 3 supplier and subcontractor network connections edi vpn shared portals","Tier 1/2/3 supplier and subcontractor network connections (EDI, VPN, shared portals)","Supply Chain and Third-Party/Vendor Networks","exposure"
"supply chain and third party vendor networks::just in time jit logistics and shipping freight coordination systems","Just-in-time (JIT) logistics and shipping/freight coordination systems","Supply Chain and Third-Party/Vendor Networks","exposure"
"supply chain and third party vendor networks::contract manufacturers and oem odm partners","Contract manufacturers and OEM/ODM partners","Supply Chain and Third-Party/Vendor Networks","exposure"
"supply chain and third party vendor networks::third party msps ot integrators with remote access credentials","Third-party MSPs/OT integrators with remote access credentials","Supply Chain and Third-Party/Vendor Networks","exposure"
"supply chain and third party vendor networks::raw material and component sourcing platforms","Raw material and component sourcing platforms","Supply Chain and Third-Party/Vendor Networks","exposure"
"enterprise it and corporate data::employee pii hr records payroll ssns government id data as seen in bridgestone nissan incidents","Employee PII/HR records (payroll, SSNs, government ID data — as seen in Bridgestone, Nissan incidents)","Enterprise IT and Corporate Data","exposure"
"enterprise it and corporate data::financial and banking data","Financial and banking data","Enterprise IT and Corporate Data","exposure"
"enterprise it and corporate data::customer and dealer distributor records","Customer and dealer/distributor records","Enterprise IT and Corporate Data","exposure"
"enterprise it and corporate data::email and collaboration systems","Email and collaboration systems","Enterprise IT and Corporate Data","exposure"
"enterprise it and corporate data::backup and disaster recovery infrastructure frequently targeted for deletion as in the foxconn mexico case","Backup and disaster-recovery infrastructure (frequently targeted for deletion, as in the Foxconn Mexico case)","Enterprise IT and Corporate Data","exposure"
"physical plant and multi site infrastructure::multiple manufacturing plants sites on shared corporate networks","Multiple manufacturing plants/sites on shared corporate networks","Physical Plant and Multi-Site Infrastructure","exposure"
"physical plant and multi site infrastructure::regional subsidiary networks with varying security maturity eg overseas subsidiaries","Regional/subsidiary networks with varying security maturity (e.g., overseas subsidiaries)","Physical Plant and Multi-Site Infrastructure","exposure"
"physical plant and multi site infrastructure::industrial network segmentation boundaries it ot air gaps or lack thereof","Industrial network segmentation boundaries (IT/OT air gaps or lack thereof)","Physical Plant and Multi-Site Infrastructure","exposure"
"physical plant and multi site infrastructure::remote unmanned facility connections","Remote/unmanned facility connections","Physical Plant and Multi-Site Infrastructure","exposure"
"initial access vectors::voice phishing vishing targeting it helpdesk employees to obtain saas crm credentials cushman and wakefield shinyhunters pattern","Voice phishing (vishing) targeting IT helpdesk/employees to obtain SaaS/CRM credentials (Cushman & Wakefield/ShinyHunters pattern)","Initial access vectors","hazard"
"initial access vectors::business email compromise spear phishing against client facing consulting legal and accounting staff","Business email compromise / spear-phishing against client-facing consulting, legal, and accounting staff","Initial access vectors","hazard"
"initial access vectors::exploited vpn rdp and edge device vulnerabilities into msp and it services provider networks","Exploited VPN/RDP and edge-device vulnerabilities into MSP and IT-services provider networks","Initial access vectors","hazard"
"initial access vectors::infostealer malware harvesting employee and third party credentials redline lumma generic stealers observed heavily across ransomwarelive business services listings","Infostealer malware harvesting employee and third-party credentials (RedLine, Lumma, generic stealers observed heavily across ransomware.live Business Services listings)","Initial access vectors","hazard"
"initial access vectors::compromise of exposed edi order processing and warehouse management portals in wholesale distribution firms","Compromise of exposed EDI, order-processing, and warehouse-management portals in wholesale/distribution firms","Initial access vectors","hazard"
"initial access vectors::compromised msp rmm tooling providing one to many access into multiple downstream client environments","Compromised MSP/RMM tooling providing one-to-many access into multiple downstream client environments","Initial access vectors","hazard"
"extortion tactics::double extortion encryption plus exfiltration threat of client case data law accounting consulting firms","Double extortion: encryption plus exfiltration threat of client/case data (law, accounting, consulting firms)","Extortion tactics","hazard"
"extortion tactics::pure data exfiltration extortion without encryption increasingly common via saas crm compromise no file encryption downtime but reputational regulatory leverage","Pure data-exfiltration extortion without encryption, increasingly common via SaaS/CRM compromise (no file-encryption downtime, but reputational/regulatory leverage)","Extortion tactics","hazard"
"extortion tactics::leak site countdown publication of stolen client and employee data to pressure payment","Leak-site 'countdown' publication of stolen client and employee data to pressure payment","Extortion tactics","hazard"
"extortion tactics::multi group competing extortion claims on the same victim seen with cushman and wakefield claimed by both shinyhunters and qilin complicating incident response and negotiation","Multi-group/competing extortion claims on the same victim (seen with Cushman & Wakefield, claimed by both ShinyHunters and Qilin) complicating incident response and negotiation","Extortion tactics","hazard"
"extortion tactics::harassment of downstream clients customers whose data was exposed used as secondary leverage against the professional services victim","Harassment of downstream clients/customers whose data was exposed, used as secondary leverage against the professional-services victim","Extortion tactics","hazard"
"extortion tactics::ddos as an auxiliary pressure tactic during negotiation stand offs","DDoS as an auxiliary pressure tactic during negotiation stand-offs","Extortion tactics","hazard"
"third party and supply chain risk::msp it services compromise cascading into many downstream client organizations cognizant accenture sopra steria pattern","MSP/IT-services compromise cascading into many downstream client organizations (Cognizant, Accenture, Sopra Steria pattern)","Third-party / supply-chain risk","hazard"
"third party and supply chain risk::sap erp consultancy and implementation partner compromise exposing multiple enterprise clients back office systems eg megawork sap consultancy incident","SAP/ERP consultancy and implementation-partner compromise exposing multiple enterprise clients' back-office systems (e.g., Megawork/SAP consultancy incident)","Third-party / supply-chain risk","hazard"
"third party and supply chain risk::bpo back office outsourcing compromise exposing data the vendor processes on behalf of many end clients across other regulated industries conduent processing healthcare claims and payments for numerous government commercial clients","BPO/back-office outsourcing compromise exposing data the vendor processes on behalf of many end clients across other regulated industries (Conduent processing healthcare claims and payments for numerous government/commercial clients)","Third-party / supply-chain risk","hazard"
"third party and supply chain risk::saas crm platform eg salesforce compromise via a single vendor or employee credential exposing aggregated client contact pii data across an entire real estate or professional services portfolio","SaaS/CRM platform (e.g., Salesforce) compromise via a single vendor or employee credential exposing aggregated client contact/PII data across an entire real estate or professional-services portfolio","Third-party / supply-chain risk","hazard"
"third party and supply chain risk::franchise staffing agency and subcontractor network risk in wholesale distribution and real estate where security posture varies widely by location","Franchise, staffing-agency, and subcontractor network risk in wholesale distribution and real estate where security posture varies widely by location","Third-party / supply-chain risk","hazard"
"confidentiality privileged data risk::attorney client privileged case files and litigation strategy documents law firms","Attorney-client privileged case files and litigation strategy documents (law firms)","Confidentiality / privileged-data risk","hazard"
"confidentiality privileged data risk::m and a due diligence financial audit and pre earnings material non public information accounting consulting firms","M&A due-diligence, financial audit, and pre-earnings material non-public information (accounting/consulting firms)","Confidentiality / privileged-data risk","hazard"
"confidentiality privileged data risk::engineering drawings architectural plans and technical ip engineering technical consultancies","Engineering drawings, architectural plans, and technical IP (engineering/technical consultancies)","Confidentiality / privileged-data risk","hazard"
"confidentiality privileged data risk::aggregated multi client pii phi held by bpos and claims processors creating breach exposure that multiplies across every underlying client","Aggregated multi-client PII/PHI held by BPOs and claims processors, creating breach exposure that multiplies across every underlying client","Confidentiality / privileged-data risk","hazard"
"operational logistics disruption::warehouse management system wms and inventory database encryption halting order fulfillment","Warehouse management system (WMS) and inventory database encryption halting order fulfillment","Operational / logistics disruption","hazard"
"operational logistics disruption::freight transportation management system tms and dispatch scheduling outages delaying deliveries","Freight/transportation management system (TMS) and dispatch/scheduling outages delaying deliveries","Operational / logistics disruption","hazard"
"operational logistics disruption::edi order processing system disruption breaking automated b2b ordering pipelines with retail wholesale customers","EDI/order-processing system disruption breaking automated B2B ordering pipelines with retail/wholesale customers","Operational / logistics disruption","hazard"
"operational logistics disruption::customer facing portal outages eg mytoll style portals degrading service visibility even when core freight movement continues","Customer-facing portal outages (e.g., MyToll-style portals) degrading service visibility even when core freight movement continues","Operational / logistics disruption","hazard"
"insider and credential risk::large contractor gig and franchise workforces with inconsistent endpoint security and access controls","Large contractor/gig and franchise workforces with inconsistent endpoint security and access controls","Insider and credential risk","hazard"
"insider and credential risk::privileged access by outsourced it helpdesk staff susceptible to social engineering","Privileged access by outsourced IT/helpdesk staff susceptible to social engineering","Insider and credential risk","hazard"
"insider and credential risk::departing employee credential misuse in high turnover brokerage consulting environments","Departing-employee credential misuse in high-turnover brokerage/consulting environments","Insider and credential risk","hazard"
"regulatory and legal exposure::multi state breach notification obligations when a single incident exposes data spanning many client industries and jurisdictions conduent multi state ag enforcement 10 class actions","Multi-state breach notification obligations when a single incident exposes data spanning many client industries and jurisdictions (Conduent: multi-state AG enforcement, ~10+ class actions)","Regulatory and contractual exposure","hazard"
"regulatory and legal exposure::contractual indemnification and liability clauses with enterprise clients whose data was exposed via the vendor","Contractual indemnification and liability clauses with enterprise clients whose data was exposed via the vendor","Regulatory and contractual exposure","hazard"
"regulatory and legal exposure::sec disclosure obligations for publicly traded professional services firms cognizant sopra steria accenture conduent all filed material impact disclosures","SEC disclosure obligations for publicly traded professional-services firms (Cognizant, Sopra Steria, Accenture, Conduent all filed material-impact disclosures)","Regulatory and contractual exposure","hazard"
"regulatory and legal exposure::professional licensing ethics exposure for law and accounting firms following confidentiality breaches","Professional licensing/ethics exposure for law and accounting firms following confidentiality breaches","Regulatory and contractual exposure","hazard"
"client and case data::legal case files and privileged communications","Legal case files and privileged communications","Client and case data","exposure"
"client and case data::financial audit workpapers and tax filings","Financial audit workpapers and tax filings","Client and case data","exposure"
"client and case data::m and a due diligence data rooms","M&A/due-diligence data rooms","Client and case data","exposure"
"client and case data::consulting deliverables and strategic plans","Consulting deliverables and strategic plans","Client and case data","exposure"
"client and case data::engineering designs architectural plans and technical specifications","Engineering designs, architectural plans, and technical specifications","Client and case data","exposure"
"crm sales and saas platforms::salesforce and other crm instances holding client and prospect pii cushman and wakefield","Salesforce and other CRM instances holding client and prospect PII (Cushman & Wakefield)","CRM, sales, and SaaS platforms","exposure"
"crm sales and saas platforms::marketing automation and email platforms","Marketing automation and email platforms","CRM, sales, and SaaS platforms","exposure"
"crm sales and saas platforms::cloud collaboration suites m365 google workspace and file sharing repositories","Cloud collaboration suites (M365/Google Workspace) and file-sharing repositories","CRM, sales, and SaaS platforms","exposure"
"erp back office and bpo processing systems::sap and other erp implementations managed by consultancies for enterprise clients","SAP and other ERP implementations managed by consultancies for enterprise clients","ERP, back-office, and BPO processing systems","exposure"
"erp back office and bpo processing systems::payment processing healthcare claims processing and payroll systems run by bpos conduent style exposure","Payment processing, healthcare-claims processing, and payroll systems run by BPOs (Conduent-style exposure)","ERP, back-office, and BPO processing systems","exposure"
"erp back office and bpo processing systems::hr staffing databases and applicant records","HR/staffing databases and applicant records","ERP, back-office, and BPO processing systems","exposure"
"real estate specific systems and data::property management and lease tenant databases","Property management and lease/tenant databases","Real estate-specific systems and data","exposure"
"real estate specific systems and data::building access control and physical security systems eg open options access control platform incident","Building access-control and physical security systems (e.g., Open Options access-control platform incident)","Real estate-specific systems and data","exposure"
"real estate specific systems and data::title escrow and transaction closing data","Title, escrow, and transaction-closing data","Real estate-specific systems and data","exposure"
"real estate specific systems and data::facilities iot building management systems","Facilities/IoT building-management systems","Real estate-specific systems and data","exposure"
"wholesale trade and logistics systems::warehouse management systems wms and inventory databases","Warehouse management systems (WMS) and inventory databases","Wholesale trade and logistics systems","exposure"
"wholesale trade and logistics systems::freight transportation management and dispatch systems","Freight/transportation management and dispatch systems","Wholesale trade and logistics systems","exposure"
"wholesale trade and logistics systems::edi and automated b2b order processing pipelines","EDI and automated B2B order-processing pipelines","Wholesale trade and logistics systems","exposure"
"wholesale trade and logistics systems::customer facing tracking shipping portals","Customer-facing tracking/shipping portals","Wholesale trade and logistics systems","exposure"
"employee contractor and third party data::employee pii and payroll benefits records","Employee PII and payroll/benefits records","Employee, contractor, and third-party data","exposure"
"employee contractor and third party data::contractor and subcontractor databases","Contractor and subcontractor databases","Employee, contractor, and third-party data","exposure"
"employee contractor and third party data::franchise network partner data","Franchise-network partner data","Employee, contractor, and third-party data","exposure"
"employee contractor and third party data::third party vendor and supply chain contact information","Third-party vendor and supply-chain contact information","Employee, contractor, and third-party data","exposure"
"cloud msp infrastructure and credentials::msp rmm remote management tooling with privileged access to multiple client networks","MSP/RMM remote-management tooling with privileged access to multiple client networks","Cloud/MSP infrastructure and credentials","exposure"
"cloud msp infrastructure and credentials::domain admin and active directory credentials","Domain admin and Active Directory credentials","Cloud/MSP infrastructure and credentials","exposure"
"cloud msp infrastructure and credentials::api keys and service account credentials for interconnected client systems","API keys and service-account credentials for interconnected client systems","Cloud/MSP infrastructure and credentials","exposure"
"intellectual property and trade secrets::r and d and engineering ip","R&D and engineering IP","Intellectual property and trade secrets","exposure"
"intellectual property and trade secrets::proprietary methodologies and software eg custom crm software platforms like all gather crm","Proprietary methodologies and software (e.g., custom CRM/software platforms like All Gather CRM)","Intellectual property and trade secrets","exposure"
"intellectual property and trade secrets::competitive strategic business intelligence","Competitive/strategic business intelligence","Intellectual property and trade secrets","exposure"
"initial access vectors::exploitation of unpatched internet facing systems and legacy end of life software vpn concentrators citrix rdp gateways exchange file transfer appliances like moveit common in underfunded agencies","Exploitation of unpatched internet-facing systems and legacy/end-of-life software (VPN concentrators, Citrix/RDP gateways, Exchange, file-transfer appliances like MOVEit) common in underfunded agencies","Initial Access Vectors","hazard"
"initial access vectors::exposed brute forced remote desktop protocol rdp the classic samsam vector used against atlanta","Exposed / brute-forced Remote Desktop Protocol (RDP) - the classic SamSam vector used against Atlanta","Initial Access Vectors","hazard"
"initial access vectors::phishing and business email compromise against government email accounts and elected officials","Phishing and business-email-compromise against government email accounts and elected officials","Initial Access Vectors","hazard"
"initial access vectors::stolen valid credentials and weak or absent mfa on remote access and privileged accounts","Stolen/valid credentials and weak or absent MFA on remote-access and privileged accounts","Initial Access Vectors","hazard"
"initial access vectors::compromise via managed service providers msps and shared statewide county it systems that serve many agencies at once","Compromise via managed service providers (MSPs) and shared statewide/county IT systems that serve many agencies at once","Initial Access Vectors","hazard"
"initial access vectors::third party software supply chain compromise eg mass exploited file transfer and remote management tools","Third-party/software supply-chain compromise (e.g. mass-exploited file-transfer and remote-management tools)","Initial Access Vectors","hazard"
"extortion tactics::encryption of servers endpoints halting citizen facing and back office services double extortion base case","Encryption of servers/endpoints halting citizen-facing and back-office services (double-extortion base case)","Extortion Tactics","hazard"
"extortion tactics::data exfiltration public leak site posting when governments refuse to pay eg rhysida dumping 600gb from the british library interlock posting 43gb from st paul play leaking oakland data","Data exfiltration + public leak-site posting when governments refuse to pay (e.g. Rhysida dumping ~600GB from the British Library; Interlock posting 43GB from St. Paul; Play leaking Oakland data)","Extortion Tactics","hazard"
"extortion tactics::publication auctioning of citizen pii employee hr payroll files and law enforcement records to shame and pressure","Publication/auctioning of citizen PII, employee HR/payroll files, and law-enforcement records to shame and pressure","Extortion Tactics","hazard"
"extortion tactics::direct harassment notification of affected citizens and media to amplify political pressure on officials","Direct harassment / notification of affected citizens and media to amplify political pressure on officials","Extortion Tactics","hazard"
"extortion tactics::framing attacks as acts of terrorism national security events costa rica to maximize coercion","Framing attacks as acts of 'terrorism' / national-security events (Costa Rica) to maximize coercion","Extortion Tactics","hazard"
"extortion tactics::ddos and repeat attack threats layered on top of encryption triple extortion","DDoS and repeat-attack threats layered on top of encryption (triple-extortion)","Extortion Tactics","hazard"
"service disruption availability risk mission critical public services::911 emergency dispatch and first responder cad systems impacted in dallas","911 / emergency dispatch and first-responder CAD systems (impacted in Dallas)","Service-Disruption / Availability Risk (mission-critical public services)","hazard"
"service disruption availability risk mission critical public services::tax revenue customs and treasury collection systems costa rica hacienda baltimore property transfers","Tax, revenue, customs, and treasury collection systems (Costa Rica Hacienda; Baltimore property transfers)","Service-Disruption / Availability Risk (mission-critical public services)","hazard"
"service disruption availability risk mission critical public services::benefits social security and public assistance payment systems costa rican ccss social security fund","Benefits, social-security, and public-assistance payment systems (Costa Rican CCSS social security fund)","Service-Disruption / Availability Risk (mission-critical public services)","hazard"
"service disruption availability risk mission critical public services::courts permitting licensing vital records and land property registries","Courts, permitting, licensing, vital records, and land/property registries","Service-Disruption / Availability Risk (mission-critical public services)","hazard"
"service disruption availability risk mission critical public services::public utilities billing water electricity administrative systems and municipal payment portals","Public utilities billing, water/electricity administrative systems, and municipal payment portals","Service-Disruption / Availability Risk (mission-critical public services)","hazard"
"service disruption availability risk mission critical public services::prolonged recovery windows months driven by legacy systems and limited in house restoration capacity","Prolonged recovery windows (months) driven by legacy systems and limited in-house restoration capacity","Service-Disruption / Availability Risk (mission-critical public services)","hazard"
"ot critical infrastructure adjacency::municipal water and wastewater scada ot overseen by public works departments","Municipal water and wastewater SCADA/OT overseen by public works departments","OT / Critical-Infrastructure Adjacency","hazard"
"ot critical infrastructure adjacency::traffic management transit and public lighting control systems","Traffic-management, transit, and public-lighting control systems","OT / Critical-Infrastructure Adjacency","hazard"
"ot critical infrastructure adjacency::public utility electric water operational systems run by state municipal authorities","Public-utility (electric/water) operational systems run by state/municipal authorities","OT / Critical-Infrastructure Adjacency","hazard"
"ot critical infrastructure adjacency::emergency communications and radio infrastructure","Emergency communications and radio infrastructure","OT / Critical-Infrastructure Adjacency","hazard"
"ot critical infrastructure adjacency::it ot flat network convergence in small municipalities lacking segmentation","IT/OT flat-network convergence in small municipalities lacking segmentation","OT / Critical-Infrastructure Adjacency","hazard"
"third party supply chain and aggregation risk::managed service providers msps and it contractors serving multiple municipalities simultaneously","Managed service providers (MSPs) and IT contractors serving multiple municipalities simultaneously","Third-Party, Supply-Chain & Aggregation Risk","hazard"
"third party supply chain and aggregation risk::shared statewide platforms county data centers and regional cooperatives single point of failure for many agencies","Shared statewide platforms, county data centers, and regional cooperatives (single point of failure for many agencies)","Third-Party, Supply-Chain & Aggregation Risk","hazard"
"third party supply chain and aggregation risk::saas cloud vendors holding benefits tax and records data on behalf of agencies","SaaS/cloud vendors holding benefits, tax, and records data on behalf of agencies","Third-Party, Supply-Chain & Aggregation Risk","hazard"
"third party supply chain and aggregation risk::file transfer and remote management software mass exploitation events hitting many governments at once","File-transfer and remote-management software mass-exploitation events hitting many governments at once","Third-Party, Supply-Chain & Aggregation Risk","hazard"
"third party supply chain and aggregation risk::election system and voter registration vendor exposure integrity and confidence risk","Election-system and voter-registration vendor exposure (integrity and confidence risk)","Third-Party, Supply-Chain & Aggregation Risk","hazard"
"insider and workforce risk::negligent insiders credential reuse susceptibility to phishing workaround shadow it during outages","Negligent insiders (credential reuse, susceptibility to phishing, workaround shadow-IT during outages)","Insider & Human-Factor Risk","hazard"
"insider and workforce risk::malicious disgruntled insiders and access broker recruitment costa rica alleged in country facilitators","Malicious/disgruntled insiders and access-broker recruitment (Costa Rica alleged in-country facilitators)","Insider & Human-Factor Risk","hazard"
"insider and workforce risk::weak privileged access governance and over provisioned admin accounts","Weak privileged-access governance and over-provisioned admin accounts","Insider & Human-Factor Risk","hazard"
"insider and workforce risk::elected official and executive account targeting high value low training","Elected-official and executive account targeting (high-value, low-training)","Insider & Human-Factor Risk","hazard"
"regulatory legal and political exposure::breach notification and data protection obligations state breach laws gdpr uk gdpr for foreign governments sector rules","Breach-notification and data-protection obligations (state breach laws, GDPR/UK-GDPR for foreign governments, sector rules)","Regulatory, Legal & Political Exposure","hazard"
"regulatory legal and political exposure::class action litigation by affected citizens and employees over exposed pii","Class-action litigation by affected citizens and employees over exposed PII","Regulatory, Legal & Political Exposure","hazard"
"regulatory legal and political exposure::public records foia scrutiny legislative inquiries and audits of the response","Public-records/FOIA scrutiny, legislative inquiries, and audits of the response","Regulatory, Legal & Political Exposure","hazard"
"regulatory legal and political exposure::ofac sanctions risk when a ransom would flow to a sanctioned group constrains payment even if desired","OFAC sanctions risk when a ransom would flow to a sanctioned group (constrains payment even if desired)","Regulatory, Legal & Political Exposure","hazard"
"regulatory legal and political exposure::political and electoral fallout loss of public trust and pressure on officials to restore service fast","Political and electoral fallout, loss of public trust, and pressure on officials to restore service fast","Regulatory, Legal & Political Exposure","hazard"
"regulatory legal and political exposure::national security escalation for attacks on central government institutions","National-security escalation for attacks on central-government institutions","Regulatory, Legal & Political Exposure","hazard"
"threat actor landscape::financially motivated raas crews prominent against government royal rhysida play lockbit blackcat alphv medusa interlock conti defunct","Financially-motivated RaaS crews prominent against government: Royal, Rhysida, Play, LockBit, BlackCat/ALPHV, Medusa, Interlock, Conti (defunct)","Threat-Actor Landscape","hazard"
"threat actor landscape::state nexus apt actors where extortion overlaps with espionage verizon 2025 espionage breaches up 163 28 also financially motivated","State-nexus / APT actors where extortion overlaps with espionage (Verizon 2025: espionage breaches up 163%, 28% also financially motivated)","Threat-Actor Landscape","hazard"
"threat actor landscape::nation linked operators iranian samsam actors indicted for atlanta pro russian conti against costa rica","Nation-linked operators (Iranian SamSam actors indicted for Atlanta; pro-Russian Conti against Costa Rica)","Threat-Actor Landscape","hazard"
"threat actor landscape::initial access brokers selling footholds into government networks","Initial-access brokers selling footholds into government networks","Threat-Actor Landscape","hazard"
"citizen and employee data assets::citizen pii names ssns national ids addresses dates of birth","Citizen PII (names, SSNs/national IDs, addresses, dates of birth)","Citizen & Employee Data Assets","exposure"
"citizen and employee data assets::employee hr and payroll data including retirees and dependents dallas 27000 notified columbus 500000 files","Employee/HR and payroll data, including retirees and dependents (Dallas: 27,000+ notified; Columbus: ~500,000 files)","Citizen & Employee Data Assets","exposure"
"citizen and employee data assets::tax financial and benefits records held by revenue and social services agencies","Tax, financial, and benefits records held by revenue and social-services agencies","Citizen & Employee Data Assets","exposure"
"citizen and employee data assets::health phi held by public health medicaid and social services departments","Health/PHI held by public health, Medicaid, and social-services departments","Citizen & Employee Data Assets","exposure"
"citizen and employee data assets::law enforcement records case files and investigative data","Law-enforcement records, case files, and investigative data","Citizen & Employee Data Assets","exposure"
"citizen and employee data assets::vital records birth death marriage land property registries and court records","Vital records (birth/death/marriage), land/property registries, and court records","Citizen & Employee Data Assets","exposure"
"citizen and employee data assets::library patron and crm databases british library 500000 files incl user and staff data","Library/patron and CRM databases (British Library: ~500,000 files incl. user and staff data)","Citizen & Employee Data Assets","exposure"
"core it and enterprise systems::active directory identity and access management prime ransomware target for domain wide encryption","Active Directory / identity and access management (prime ransomware target for domain-wide encryption)","Core IT & Enterprise Systems","exposure"
"core it and enterprise systems::email and collaboration platforms baltimore staff forced to gmail workarounds","Email and collaboration platforms (Baltimore staff forced to Gmail workarounds)","Core IT & Enterprise Systems","exposure"
"core it and enterprise systems::erp finance procurement and payroll systems","ERP / finance / procurement and payroll systems","Core IT & Enterprise Systems","exposure"
"core it and enterprise systems::file servers document management and records systems","File servers, document-management and records systems","Core IT & Enterprise Systems","exposure"
"core it and enterprise systems::endpoints and laptops sophos 56 of government machines impacted on average per attack","Endpoints and laptops (Sophos: ~56% of government machines impacted on average per attack)","Core IT & Enterprise Systems","exposure"
"core it and enterprise systems::backup and disaster recovery infrastructure targeted to prevent restoration","Backup and disaster-recovery infrastructure (targeted to prevent restoration)","Core IT & Enterprise Systems","exposure"
"citizen facing service platforms::online payment portals and municipal e services st paul baltimore","Online payment portals and municipal e-services (St. Paul, Baltimore)","Citizen-Facing Service Platforms","exposure"
"citizen facing service platforms::permitting licensing and business registration systems","Permitting, licensing, and business-registration systems","Citizen-Facing Service Platforms","exposure"
"citizen facing service platforms::tax revenue and customs collection systems costa rica baltimore","Tax/revenue and customs collection systems (Costa Rica; Baltimore)","Citizen-Facing Service Platforms","exposure"
"citizen facing service platforms::benefits social security and public assistance disbursement systems","Benefits, social-security, and public-assistance disbursement systems","Citizen-Facing Service Platforms","exposure"
"citizen facing service platforms::court e filing and case management systems","Court e-filing and case-management systems","Citizen-Facing Service Platforms","exposure"
"citizen facing service platforms::public wi fi and website portal infrastructure british library st paul","Public Wi-Fi and website/portal infrastructure (British Library, St. Paul)","Citizen-Facing Service Platforms","exposure"
"public safety and emergency systems::911 emergency dispatch and computer aided dispatch cad dallas","911 / emergency dispatch and computer-aided-dispatch (CAD) (Dallas)","Public-Safety & Emergency Systems","exposure"
"public safety and emergency systems::first responder and police fire records and communications","First-responder and police/fire records and communications","Public-Safety & Emergency Systems","exposure"
"public safety and emergency systems::emergency notification and alerting systems","Emergency notification and alerting systems","Public-Safety & Emergency Systems","exposure"
"public safety and emergency systems::jail detention and body camera evidence management systems","Jail/detention and body-camera/evidence management systems","Public-Safety & Emergency Systems","exposure"
"operational technology and municipal infrastructure::water wastewater scada and public works ot","Water/wastewater SCADA and public-works OT","Operational Technology & Municipal Infrastructure","exposure"
"operational technology and municipal infrastructure::traffic transit and street lighting control systems","Traffic, transit, and street-lighting control systems","Operational Technology & Municipal Infrastructure","exposure"
"operational technology and municipal infrastructure::municipal utility electric water operational systems","Municipal utility (electric/water) operational systems","Operational Technology & Municipal Infrastructure","exposure"
"operational technology and municipal infrastructure::building management and physical access control systems","Building-management and physical-access-control systems","Operational Technology & Municipal Infrastructure","exposure"
"third party and shared service dependencies::msps it contractors and outsourced help desk network providers","MSPs, IT contractors, and outsourced help-desk/network providers","Third-Party & Shared-Service Dependencies","exposure"
"third party and shared service dependencies::shared statewide county data centers and regional service cooperatives","Shared statewide/county data centers and regional service cooperatives","Third-Party & Shared-Service Dependencies","exposure"
"third party and shared service dependencies::cloud saas vendors for benefits tax hr and records processing","Cloud/SaaS vendors for benefits, tax, HR, and records processing","Third-Party & Shared-Service Dependencies","exposure"
"third party and shared service dependencies::file transfer and remote management software moveit style mass exploit exposure","File-transfer and remote-management software (MOVEit-style mass-exploit exposure)","Third-Party & Shared-Service Dependencies","exposure"
"third party and shared service dependencies::election and voter registration technology vendors","Election and voter-registration technology vendors","Third-Party & Shared-Service Dependencies","exposure"
"third party and shared service dependencies::payment processors and identity verification providers","Payment processors and identity-verification providers","Third-Party & Shared-Service Dependencies","exposure"
"initial access vectors::help desk service desk vishing and impersonation scattered spider style","Help-desk/service-desk vishing and impersonation (Scattered Spider-style)","Initial Access Vectors","hazard"
"initial access vectors::third party it vendor or identity provider okta sso compromise","Third-party IT vendor or identity-provider (Okta/SSO) compromise","Initial Access Vectors","hazard"
"initial access vectors::exploited public facing vulnerabilities vpn web app edge devices","Exploited public-facing vulnerabilities (VPN, web app, edge devices)","Initial Access Vectors","hazard"
"initial access vectors::saas oauth and connected app abuse eg fake salesforce data loader","SaaS/OAuth and connected-app abuse (e.g., fake Salesforce Data Loader)","Initial Access Vectors","hazard"
"initial access vectors::phishing credential theft against store warehouse or corporate staff","Phishing/credential theft against store, warehouse, or corporate staff","Initial Access Vectors","hazard"
"initial access vectors::compromised franchise or dealer network credentials","Compromised franchise or dealer-network credentials","Initial Access Vectors","hazard"
"extortion tactics::traditional encryption of erp pos inventory systems operational shutdown","Traditional encryption of ERP/POS/inventory systems (operational shutdown)","Extortion Tactics","hazard"
"extortion tactics::extortion only data exfiltration with no encryption fastest growing tactic","Extortion-only data exfiltration with no encryption (fastest-growing tactic)","Extortion Tactics","hazard"
"extortion tactics::double extortion encrypt threaten to leak","Double extortion (encrypt + threaten to leak)","Extortion Tactics","hazard"
"extortion tactics::direct executive leadership harassment calls teams messages emails to c suite","Direct executive/leadership harassment (calls, Teams messages, emails to C-suite)","Extortion Tactics","hazard"
"extortion tactics::deadline based public leak site threats naming victims before payment","Deadline-based public leak-site threats naming victims before payment","Extortion Tactics","hazard"
"extortion tactics::threats against downstream customers members directly name and shame of loyalty program members","Threats against downstream customers/members directly (name-and-shame of loyalty program members)","Extortion Tactics","hazard"
"operational and store network disruption::store wide or chain wide pos outages halting sales","Store-wide or chain-wide POS outages halting sales","Operational and Store-Network Disruption","hazard"
"operational and store network disruption::automated ordering replenishment failure forcing manual paper processes","Automated ordering/replenishment failure forcing manual (paper) processes","Operational and Store-Network Disruption","hazard"
"operational and store network disruption::e commerce website downtime and lost online revenue","E-commerce/website downtime and lost online revenue","Operational and Store-Network Disruption","hazard"
"operational and store network disruption::warehouse and logistics disruption causing stockouts","Warehouse and logistics disruption causing stockouts","Operational and Store-Network Disruption","hazard"
"operational and store network disruption::shared platform outages cascading across many independent locations franchise dealer model","Shared-platform outages cascading across many independent locations (franchise/dealer model)","Operational and Store-Network Disruption","hazard"
"third party and supply chain risk::compromise of shared saas dms crm platforms serving many retailers at once","Compromise of shared SaaS/DMS/CRM platforms serving many retailers at once","Third-Party and Supply-Chain Risk","hazard"
"third party and supply chain risk::it help desk outsourced support vendor compromise","IT help-desk/outsourced support vendor compromise","Third-Party and Supply-Chain Risk","hazard"
"third party and supply chain risk::payment processor or gateway compromise","Payment processor or gateway compromise","Third-Party and Supply-Chain Risk","hazard"
"third party and supply chain risk::franchise multi brand holding company shared infrastructure","Franchise/multi-brand holding-company shared infrastructure","Third-Party and Supply-Chain Risk","hazard"
"third party and supply chain risk::fourth party risk from vendors own vendors","Fourth-party risk from vendors' own vendors","Third-Party and Supply-Chain Risk","hazard"
"insider and workforce risk::under resourced in house security teams relative to store location count","Under-resourced in-house security teams relative to store/location count","Insider and Human-Factor Risk","hazard"
"insider and workforce risk::susceptibility of frontline call center help desk staff to social engineering","Susceptibility of frontline/call-center/help-desk staff to social engineering","Insider and Human-Factor Risk","hazard"
"insider and workforce risk::high employee turnover complicating access management and training","High employee turnover complicating access management and training","Insider and Human-Factor Risk","hazard"
"insider and workforce risk::malicious or negligent insider access at franchise third party locations","Malicious or negligent insider access at franchise/third-party locations","Insider and Human-Factor Risk","hazard"
"regulatory legal and disclosure exposure::pci dss liability for payment card data exposure","PCI-DSS liability for payment card data exposure","Regulatory, Legal, and Disclosure Exposure","hazard"
"regulatory legal and disclosure exposure::state federal breach notification requirements and uk eu gdpr for multinational retailers","State/federal breach-notification requirements (and UK/EU GDPR for multinational retailers)","Regulatory, Legal, and Disclosure Exposure","hazard"
"regulatory legal and disclosure exposure::securities disclosure obligations for public companies sec 8 k equivalent uk other filings","Securities disclosure obligations for public companies (SEC 8-K, equivalent UK/other filings)","Regulatory, Legal, and Disclosure Exposure","hazard"
"regulatory legal and disclosure exposure::class action and consumer litigation exposure over pii loyalty data theft","Class-action and consumer-litigation exposure over PII/loyalty-data theft","Regulatory, Legal, and Disclosure Exposure","hazard"
"regulatory legal and disclosure exposure::regulatory scrutiny of ransom payments ofac type sanctions risk on payment recipients","Regulatory scrutiny of ransom payments (OFAC-type sanctions risk on payment recipients)","Regulatory, Legal, and Disclosure Exposure","hazard"
"reputational and customer trust risk::customer churn and reduced footfall online conversion post incident","Customer churn and reduced footfall/online conversion post-incident","Reputational and Customer-Trust Risk","hazard"
"reputational and customer trust risk::stock price market capitalization impact for public companies","Stock price / market capitalization impact for public companies","Reputational and Customer-Trust Risk","hazard"
"reputational and customer trust risk::loyalty program member attrition after data theft disclosure","Loyalty-program member attrition after data-theft disclosure","Reputational and Customer-Trust Risk","hazard"
"reputational and customer trust risk::franchise brand license reputational spillover across independently owned locations","Franchise/brand-license reputational spillover across independently owned locations","Reputational and Customer-Trust Risk","hazard"
"point of sale pos and payment systems::in store pos terminals and card readers","In-store POS terminals and card readers","Point-of-Sale (POS) and Payment Systems","exposure"
"point of sale pos and payment systems::payment gateway processor integrations","Payment gateway / processor integrations","Point-of-Sale (POS) and Payment Systems","exposure"
"point of sale pos and payment systems::e commerce checkout and shopping cart platforms","E-commerce checkout and shopping-cart platforms","Point-of-Sale (POS) and Payment Systems","exposure"
"point of sale pos and payment systems::tokenization pci cardholder data environments","Tokenization/PCI cardholder data environments","Point-of-Sale (POS) and Payment Systems","exposure"
"point of sale pos and payment systems::gift card and loyalty point redemption systems","Gift card and loyalty-point redemption systems","Point-of-Sale (POS) and Payment Systems","exposure"
"customer data and crm loyalty platforms::loyalty membership program databases names dob contact info","Loyalty/membership program databases (names, DOB, contact info)","Customer Data and CRM/Loyalty Platforms","exposure"
"customer data and crm loyalty platforms::crm saas platforms eg salesforce instances connected apps oauth grants","CRM/SaaS platforms (e.g., Salesforce instances, connected apps/OAuth grants)","Customer Data and CRM/Loyalty Platforms","exposure"
"customer data and crm loyalty platforms::marketing and email sms platforms","Marketing and email/SMS platforms","Customer Data and CRM/Loyalty Platforms","exposure"
"customer data and crm loyalty platforms::customer service and call center ticketing systems","Customer service and call-center/ticketing systems","Customer Data and CRM/Loyalty Platforms","exposure"
"customer data and crm loyalty platforms::website account credentials and stored preferences","Website account credentials and stored preferences","Customer Data and CRM/Loyalty Platforms","exposure"
"supply chain inventory and store operations systems::erp enterprise resource planning platforms","ERP / enterprise resource planning platforms","Supply Chain, Inventory, and Store Operations Systems","exposure"
"supply chain inventory and store operations systems::warehouse management and logistics routing systems","Warehouse management and logistics/routing systems","Supply Chain, Inventory, and Store Operations Systems","exposure"
"supply chain inventory and store operations systems::automated stock replenishment and ordering systems","Automated stock replenishment and ordering systems","Supply Chain, Inventory, and Store Operations Systems","exposure"
"supply chain inventory and store operations systems::store network and in store it infrastructure self checkout digital signage","Store network and in-store IT infrastructure (self-checkout, digital signage)","Supply Chain, Inventory, and Store Operations Systems","exposure"
"supply chain inventory and store operations systems::click and collect omnichannel fulfillment systems","Click-and-collect / omnichannel fulfillment systems","Supply Chain, Inventory, and Store Operations Systems","exposure"
"third party franchise and vendor dealer networks::shared saas dealer management system providers eg dms platforms for auto dealers","Shared SaaS/dealer-management-system providers (e.g., DMS platforms for auto dealers)","Third-Party, Franchise, and Vendor/Dealer Networks","exposure"
"third party franchise and vendor dealer networks::franchise and multi location operator networks","Franchise and multi-location operator networks","Third-Party, Franchise, and Vendor/Dealer Networks","exposure"
"third party franchise and vendor dealer networks::outsourced third party it help desks and identity providers okta and similar","Outsourced/third-party IT help desks and identity providers (Okta and similar)","Third-Party, Franchise, and Vendor/Dealer Networks","exposure"
"third party franchise and vendor dealer networks::payment processors and financial intermediaries","Payment processors and financial intermediaries","Third-Party, Franchise, and Vendor/Dealer Networks","exposure"
"third party franchise and vendor dealer networks::marketing loyalty and analytics vendors with data sharing access","Marketing, loyalty, and analytics vendors with data-sharing access","Third-Party, Franchise, and Vendor/Dealer Networks","exposure"
"employee and hr data::social security numbers and government id scans","Social Security numbers and government ID scans","Employee and HR Data","exposure"
"employee and hr data::payroll and w 2 tax records","Payroll and W-2/tax records","Employee and HR Data","exposure"
"employee and hr data::benefits and background check data","Benefits and background-check data","Employee and HR Data","exposure"
"employee and hr data::time and attendance scheduling system data","Time-and-attendance / scheduling system data","Employee and HR Data","exposure"
"physical and building adjacent operational technology::refrigeration hvac and building management systems grocery food service","Refrigeration/HVAC and building management systems (grocery, food service)","Physical and Building-Adjacent Operational Technology","exposure"
"physical and building adjacent operational technology::digital key access card systems hospitality casino","Digital key/access-card systems (hospitality/casino)","Physical and Building-Adjacent Operational Technology","exposure"
"physical and building adjacent operational technology::warehouse robotics and automated fulfillment hardware","Warehouse robotics and automated fulfillment hardware","Physical and Building-Adjacent Operational Technology","exposure"
"physical and building adjacent operational technology::fitness wellness facility access and scheduling systems","Fitness/wellness facility access and scheduling systems","Physical and Building-Adjacent Operational Technology","exposure"
"brand product and intellectual property data::unreleased product designs and merchandising plans","Unreleased product designs and merchandising plans","Brand, Product, and Intellectual Property Data","exposure"
"brand product and intellectual property data::pricing and promotional strategy documents","Pricing and promotional strategy documents","Brand, Product, and Intellectual Property Data","exposure"
"brand product and intellectual property data::supplier vendor contracts and cost data","Supplier/vendor contracts and cost data","Brand, Product, and Intellectual Property Data","exposure"
"brand product and intellectual property data::brand and marketing creative assets","Brand and marketing creative assets","Brand, Product, and Intellectual Property Data","exposure"
"initial access vectors::infostealer harvested employee admin credentials wow arkana orange spain ripe account takeover","Infostealer-harvested employee/admin credentials (WOW!/Arkana; Orange Spain RIPE-account takeover)","Initial Access Vectors","hazard"
"initial access vectors::exploitation of internet facing edge devices vpns and collaboration platforms colt orange sharepoint cve 2025 53770 dbir notes 8x rise in edge vpn exploitation only 54 patched","Exploitation of internet-facing edge devices, VPNs and collaboration platforms (Colt/Orange - SharePoint CVE-2025-53770; DBIR notes 8x rise in edge/VPN exploitation, only 54% patched)","Initial Access Vectors","hazard"
"initial access vectors::phishing and social engineering leading to hijacked domain admin accounts telecom argentina revil","Phishing and social engineering leading to hijacked Domain Admin accounts (Telecom Argentina/REvil)","Initial Access Vectors","hazard"
"initial access vectors::compromised third party vendor or subcontractor credentials bell technical solutions hive","Compromised third-party/vendor or subcontractor credentials (Bell Technical Solutions/Hive)","Initial Access Vectors","hazard"
"initial access vectors::rapid weaponization of zero day critical vulnerabilities in internet facing network equipment cyble finding","Rapid weaponization of zero-day/critical vulnerabilities in internet-facing network equipment (Cyble finding)","Initial Access Vectors","hazard"
"initial access vectors::stolen or weak administrative credentials tstt ransomexx","Stolen or weak administrative credentials (TSTT/RansomEXX)","Initial Access Vectors","hazard"
"extortion tactics::double extortion encryption plus data exfiltration ransomexx tstt yanluowang cincinnati bell","Double extortion: encryption plus data exfiltration (RansomEXX/TSTT, Yanluowang/Cincinnati Bell)","Extortion Tactics","hazard"
"extortion tactics::pure data leak pay or leak extortion with no encryption arkana wow shinyhunters american tower shinyhunters charter","Pure data-leak/'pay-or-leak' extortion with no encryption (Arkana/WOW!, ShinyHunters/American Tower, ShinyHunters/Charter)","Extortion Tactics","hazard"
"extortion tactics::public shaming wall of shame and doxxing tactics arkana securitys stated model","Public shaming, 'wall of shame' and doxxing tactics (Arkana Security's stated model)","Extortion Tactics","hazard"
"extortion tactics::proof of hack demonstration videos and backend access showcases arkana wow","Proof-of-hack demonstration videos and backend-access showcases (Arkana/WOW!)","Extortion Tactics","hazard"
"extortion tactics::reupload re extortion of previously leaked data by a different or same group sk telecom data reuploaded listing","Reupload/re-extortion of previously leaked data by a different or same group (SK-Telecom 'data reuploaded' listing)","Extortion Tactics","hazard"
"extortion tactics::deadline driven negotiation windows escalating ransom demands over time telecom argentinas 75m to 15m escalation","Deadline-driven negotiation windows escalating ransom demands over time (Telecom Argentina's $7.5M to $15M escalation)","Extortion Tactics","hazard"
"core network availability disruption ot equivalent risk::voice sms data network outages from ransomware or intrusion cellcoms week long voice sms blackout","Voice/SMS/data network outages from ransomware or intrusion (Cellcom's week-long voice/SMS blackout)","Core Network / Availability Disruption ('OT-equivalent' risk)","hazard"
"core network availability disruption ot equivalent risk::bgp hijacking routing manipulation causing internet outages orange spain","BGP hijacking / routing manipulation causing internet outages (Orange Spain)","Core Network / Availability Disruption ('OT-equivalent' risk)","hazard"
"core network availability disruption ot equivalent risk::sabotage style attacks without malware causing multi day national outages vodafone portugal 47m mobile 1m fixed customers affected","Sabotage-style attacks without malware causing multi-day national outages (Vodafone Portugal, 4.7M mobile + 1M fixed customers affected)","Core Network / Availability Disruption ('OT-equivalent' risk)","hazard"
"core network availability disruption ot equivalent risk::customer portal and oss bss downtime cascading into business customer disruption colts multi month portal outage","Customer-portal and OSS/BSS downtime cascading into business-customer disruption (Colt's multi-month portal outage)","Core Network / Availability Disruption ('OT-equivalent' risk)","hazard"
"core network availability disruption ot equivalent risk::emergency services 911 e911 disruption risk given telecoms critical infrastructure designation","Emergency-services (911/E911) disruption risk given telecom's critical-infrastructure designation","Core Network / Availability Disruption ('OT-equivalent' risk)","hazard"
"third party and supply chain risk::compromise via subcontracted field service technical solutions providers","Compromise via subcontracted field-service/technical-solutions providers","Third-Party & Supply Chain Risk","hazard"
"third party and supply chain risk::compromise of shared backend saas platforms used across the operators business appiancloud symphonica style","Compromise of shared backend SaaS platforms used across the operator's business (AppianCloud/Symphonica-style)","Third-Party & Supply Chain Risk","hazard"
"third party and supply chain risk::mvno reseller relationship exposure","MVNO/reseller relationship exposure","Third-Party & Supply Chain Risk","hazard"
"third party and supply chain risk::industry body association compromise with cross member blast radius gsma qilin","Industry-body/association compromise with cross-member blast radius (GSMA/Qilin)","Third-Party & Supply Chain Risk","hazard"
"third party and supply chain risk::downstream exposure of other carriers data held incidentally american towers records referencing t mobile verizon dhs","Downstream exposure of other carriers' data held incidentally (American Tower's records referencing T-Mobile/Verizon/DHS)","Third-Party & Supply Chain Risk","hazard"
"insider and credential based risk::single employee infostealer infection cascading to full backend compromise wow","Single-employee infostealer infection cascading to full backend compromise (WOW!)","Insider & Credential-Based Risk","hazard"
"insider and credential based risk::reused weak passwords on high privilege admin or registry accounts orange spain ripe account","Reused/weak passwords on high-privilege admin or registry accounts (Orange Spain RIPE account)","Insider & Credential-Based Risk","hazard"
"insider and credential based risk::sim swap enabling data theft usim keys imsi creating downstream account takeover risk for subscribers sk telecom","SIM-swap-enabling data theft (USIM keys, IMSI) creating downstream account-takeover risk for subscribers (SK Telecom)","Insider & Credential-Based Risk","hazard"
"insider and credential based risk::insider facilitated or insider adjacent credential sale enabling initial access","Insider-facilitated or insider-adjacent credential sale enabling initial access","Insider & Credential-Based Risk","hazard"
"regulatory and legal exposure::data protection regulator fines sk telecoms 972m pipc fine cosmote otes combined 925m greek dpa fines for a related breach","Data-protection regulator fines (SK Telecom's $97.2M PIPC fine; Cosmote/OTE's combined ~$9.25M Greek DPA fines for a related breach)","Regulatory & Legal Exposure","hazard"
"regulatory and legal exposure::mandatory consumer compensation schemes sk telecoms per subscriber payout order","Mandatory consumer compensation schemes (SK Telecom's per-subscriber payout order)","Regulatory & Legal Exposure","hazard"
"regulatory and legal exposure::breach notification law gaps delays in some jurisdictions trinidad and tobagos lack of mandatory notification law","Breach-notification law gaps/delays in some jurisdictions (Trinidad and Tobago's lack of mandatory notification law)","Regulatory & Legal Exposure","hazard"
"regulatory and legal exposure::securities disclosure obligations for public telecom operators wideopenwest 8 k materiality determination","Securities disclosure obligations for public telecom operators (WideOpenWest 8-K materiality determination)","Regulatory & Legal Exposure","hazard"
"regulatory and legal exposure::executive leadership accountability actions tstt ceos dismissal post breach","Executive/leadership accountability actions (TSTT CEO's dismissal post-breach)","Regulatory & Legal Exposure","hazard"
"regulatory and legal exposure::national security and critical infrastructure regulatory scrutiny given telecoms designation in most jurisdictions","National security and critical-infrastructure regulatory scrutiny given telecom's designation in most jurisdictions","Regulatory & Legal Exposure","hazard"
"core network and signaling systems::home subscriber server hss hlr subscriber databases eg sk telecom","Home Subscriber Server (HSS) / HLR subscriber databases (e.g., SK Telecom)","Core Network & Signaling Systems","exposure"
"core network and signaling systems::usim sim authentication keys and imsi imei identifiers","USIM/SIM authentication keys and IMSI/IMEI identifiers","Core Network & Signaling Systems","exposure"
"core network and signaling systems::bss oss billing and operations support systems","BSS/OSS (billing and operations support systems)","Core Network & Signaling Systems","exposure"
"core network and signaling systems::bgp ripe routing account credentials and dns infrastructure orange spain style hijack risk","BGP/RIPE routing account credentials and DNS infrastructure (Orange Spain-style hijack risk)","Core Network & Signaling Systems","exposure"
"core network and signaling systems::ss7 signaling systems","SS7/signaling systems","Core Network & Signaling Systems","exposure"
"core network and signaling systems::5g core network functions and voice sms switching platforms cellcom style voice network compromise","5G core network functions and voice/SMS switching platforms (Cellcom-style voice-network compromise)","Core Network & Signaling Systems","exposure"
"core network and signaling systems::e911 emergency call routing systems","E911/emergency call routing systems","Core Network & Signaling Systems","exposure"
"subscriber and customer pii::names addresses dates of birth national id passport drivers license scans","Names, addresses, dates of birth, national ID/passport/driver's license scans","Subscriber & Customer PII","exposure"
"subscriber and customer pii::call detail records cdrs who called whom when duration cell tower location metadata","Call Detail Records (CDRs) - who called whom, when, duration, cell-tower location metadata","Subscriber & Customer PII","exposure"
"subscriber and customer pii::billing payment card and bank account data","Billing, payment card and bank account data","Subscriber & Customer PII","exposure"
"subscriber and customer pii::login credentials security questions and account history wow style","Login credentials, security questions, and account history (WOW!-style)","Subscriber & Customer PII","exposure"
"subscriber and customer pii::device handset data and device financing records","Device/handset data and device financing records","Subscriber & Customer PII","exposure"
"enterprise backend it and saas platforms::crm and customer support ticketing portals colt online style customer portals","CRM and customer-support/ticketing portals (Colt Online-style customer portals)","Enterprise/Backend IT & SaaS Platforms","exposure"
"enterprise backend it and saas platforms::third party saas backend platforms integrated into telecom operations eg appiancloud symphonica","Third-party SaaS/backend platforms integrated into telecom operations (e.g., AppianCloud, Symphonica)","Enterprise/Backend IT & SaaS Platforms","exposure"
"enterprise backend it and saas platforms::vpn remote access and sharepoint collaboration infrastructure cve 2025 53770 style exploitation","VPN/remote-access and SharePoint/collaboration infrastructure (CVE-2025-53770-style exploitation)","Enterprise/Backend IT & SaaS Platforms","exposure"
"enterprise backend it and saas platforms::employee hr payroll and executive personal data","Employee HR, payroll and executive personal data","Enterprise/Backend IT & SaaS Platforms","exposure"
"enterprise backend it and saas platforms::internal source code gitlab ci cd repositories and database dumps","Internal source code, GitLab/CI-CD repositories and database dumps","Enterprise/Backend IT & SaaS Platforms","exposure"
"physical and field infrastructure::cell tower compounds and physical access gate codes american tower incident","Cell tower compounds and physical access/gate codes (American Tower incident)","Physical & Field Infrastructure","exposure"
"physical and field infrastructure::colocation and data center facility access systems","Colocation and data center facility access systems","Physical & Field Infrastructure","exposure"
"physical and field infrastructure::field service technician and subcontractor credentials networks bell technical solutions style","Field service technician and subcontractor credentials/networks (Bell Technical Solutions-style)","Physical & Field Infrastructure","exposure"
"physical and field infrastructure::tower asset gps location data","Tower/asset GPS location data","Physical & Field Infrastructure","exposure"
"third party partner and downstream data::mvno mobile virtual network operator and reseller partner data","MVNO (mobile virtual network operator) and reseller partner data","Third-Party, Partner & Downstream Data","exposure"
"third party partner and downstream data::interconnect roaming carrier data and industry association data eg gsma","Interconnect/roaming carrier data and industry-association data (e.g., GSMA)","Third-Party, Partner & Downstream Data","exposure"
"third party partner and downstream data::data belonging to enterprise customers hosted routed or processed by the telecom managed services hosting colocation","Data belonging to enterprise customers hosted, routed, or processed by the telecom (managed services, hosting, colocation)","Third-Party, Partner & Downstream Data","exposure"
"third party partner and downstream data::references to other companies infrastructure held incidentally eg tower records referencing other carriers equipment","References to other companies' infrastructure held incidentally (e.g., tower records referencing other carriers' equipment)","Third-Party, Partner & Downstream Data","exposure"
"regulatory lawful intercept and critical infrastructure systems::lawful intercept and law enforcement request handling systems","Lawful intercept and law-enforcement request-handling systems","Regulatory, Lawful-Intercept & Critical-Infrastructure Systems","exposure"
"regulatory lawful intercept and critical infrastructure systems::critical infrastructure national security designated network segments","Critical infrastructure/national security designated network segments","Regulatory, Lawful-Intercept & Critical-Infrastructure Systems","exposure"
"regulatory lawful intercept and critical infrastructure systems::breach notification and regulatory reporting systems subject to gdpr pipc fcc ofcom etc","Breach-notification and regulatory reporting systems (subject to GDPR, PIPC, FCC, Ofcom, etc.)","Regulatory, Lawful-Intercept & Critical-Infrastructure Systems","exposure"
"initial access vectors::weak brute forced credentials and absent mfa on remote access or vpn accounts eg knp logistics akira single weak password no mfa","Weak/brute-forced credentials and absent MFA on remote-access or VPN accounts (e.g., KNP Logistics/Akira — single weak password, no MFA)","Initial Access Vectors","hazard"
"initial access vectors::exploited public facing vulnerabilities in logistics erp software and edge devices","Exploited public-facing vulnerabilities in logistics/ERP software and edge devices","Initial Access Vectors","hazard"
"initial access vectors::phishing and stolen credential campaigns targeting dispatch billing and operations staff","Phishing and stolen-credential campaigns targeting dispatch, billing, and operations staff","Initial Access Vectors","hazard"
"initial access vectors::compromise of a shared upstream software vendor whose platform many carriers depend on supply chain trojan eg notpetyas spread via medoc","Compromise of a shared/upstream software vendor whose platform many carriers depend on (supply-chain trojan, e.g., NotPetya's spread via M.E.Doc)","Initial Access Vectors","hazard"
"initial access vectors::legacy or unpatched ot ics components in port terminal and warehouse automation systems with long refresh cycles","Legacy or unpatched OT/ICS components in port terminal and warehouse-automation systems with long refresh cycles","Initial Access Vectors","hazard"
"extortion tactics::traditional file system encryption halting dispatch billing and tracking operations","Traditional file/system encryption halting dispatch, billing, and tracking operations","Extortion Tactics","hazard"
"extortion tactics::double extortion data theft plus threatened leak nefilim toll group lockbit estes","Double extortion — data theft plus threatened leak (Nefilim/Toll Group, LockBit/Estes)","Extortion Tactics","hazard"
"extortion tactics::extortion only attacks with no encryption payload relying purely on stolen shipment customer financial data a rising share industry wide per sophos 2025","Extortion-only attacks with no encryption payload, relying purely on stolen shipment/customer/financial data (a rising share industry-wide per Sophos 2025)","Extortion Tactics","hazard"
"extortion tactics::harassment of customers partners or drivers via leaked contact data to pressure payment","Harassment of customers, partners, or drivers via leaked contact data to pressure payment","Extortion Tactics","hazard"
"extortion tactics::wiper malware disguised as ransomware for disruption rather than profit notpetya maersk","Wiper malware disguised as ransomware for disruption rather than profit (NotPetya/Maersk)","Extortion Tactics","hazard"
"ot vs it risk::port terminal operating systems and crane gate automation as single points of failure nagoya port","Port/terminal operating systems and crane/gate automation as single points of failure (Nagoya Port)","OT vs IT Risk","hazard"
"ot vs it risk::fleet telematics eld systems whose compromise removes real time visibility and regulatory compliance capability orbcomm","Fleet telematics/ELD systems whose compromise removes real-time visibility and regulatory compliance capability (ORBCOMM)","OT vs IT Risk","hazard"
"ot vs it risk::warehouse robotics conveyor and sortation system control networks","Warehouse robotics, conveyor, and sortation-system control networks","OT vs IT Risk","hazard"
"ot vs it risk::it ot network convergence enabling lateral movement from a compromised office network into operational control systems","IT/OT network convergence enabling lateral movement from a compromised office network into operational control systems","OT vs IT Risk","hazard"
"ot vs it risk::safety and regulatory fallback processes eg manual paper logging that partially mitigate but dont eliminate business impact during ot outages","Safety and regulatory fallback processes (e.g., manual/paper logging) that partially mitigate but don't eliminate business impact during OT outages","OT vs IT Risk","hazard"
"third party and supply chain risk::concentration risk in dominant eld telematics or tms wms software vendors serving many carriers simultaneously","Concentration risk in dominant ELD/telematics or TMS/WMS software vendors serving many carriers simultaneously","Third-Party / Supply-Chain Risk","hazard"
"third party and supply chain risk::cascading customer service disruption when a shared customer portal or booking platform goes down","Cascading customer-service disruption when a shared customer portal or booking platform goes down","Third-Party / Supply-Chain Risk","hazard"
"third party and supply chain risk::cross organizational data exposure when edi partner data feeds are compromised","Cross-organizational data exposure when EDI/partner data feeds are compromised","Third-Party / Supply-Chain Risk","hazard"
"third party and supply chain risk::regulatory compliance cascade eg fmcsa having to issue nationwide eld enforcement waivers after a single vendors outage","Regulatory/compliance cascade — e.g., FMCSA having to issue nationwide ELD enforcement waivers after a single vendor's outage","Third-Party / Supply-Chain Risk","hazard"
"insider and workforce risk::credential reuse weak passwords among widely distributed field and warehouse staff","Credential reuse/weak passwords among widely distributed field and warehouse staff","Insider & Workforce Risk","hazard"
"insider and workforce risk::high employee contractor turnover complicating access deprovisioning","High employee/contractor turnover complicating access-deprovisioning","Insider & Workforce Risk","hazard"
"insider and workforce risk::limited security awareness training budgets relative to operational safety training priorities","Limited security-awareness training budgets relative to operational/safety training priorities","Insider & Workforce Risk","hazard"
"insider and workforce risk::malicious or coerced insiders with access to dispatch or customs clearance systems","Malicious or coerced insiders with access to dispatch or customs-clearance systems","Insider & Workforce Risk","hazard"
"regulatory and financial exposure::critical infrastructure sector status triggering mandatory incident reporting eg cisa tsa requirements in the us","Critical-infrastructure sector status triggering mandatory incident reporting (e.g., CISA/TSA requirements in the US)","Regulatory & Financial Exposure","hazard"
"regulatory and financial exposure::state federal breach notification laws when driver employee or customer pii is exposed estes express lines 21184 individuals maine ag filing","State/federal breach-notification laws when driver, employee, or customer PII is exposed (Estes Express Lines — 21,184 individuals, Maine AG filing)","Regulatory & Financial Exposure","hazard"
"regulatory and financial exposure::class action litigation risk following notification delays or inadequate security practices","Class-action litigation risk following notification delays or inadequate security practices","Regulatory & Financial Exposure","hazard"
"regulatory and financial exposure::sec disclosure obligations for material incidents at public logistics companies expeditors international 8 k 10 k","SEC disclosure obligations for material incidents at public logistics companies (Expeditors International 8-K/10-K)","Regulatory & Financial Exposure","hazard"
"regulatory and financial exposure::thin operating margins meaning even moderate incident costs or demurrage detention penalties can threaten solvency knp logistics collapse","Thin operating margins meaning even moderate incident costs or demurrage/detention penalties can threaten solvency (KNP Logistics collapse)","Regulatory & Financial Exposure","hazard"
"regulatory and financial exposure::sector specific safety regulator waivers interventions fmcsa eld enforcement relief after the orbcomm outage","Sector-specific safety regulator waivers/interventions (FMCSA ELD enforcement relief after the ORBCOMM outage)","Regulatory & Financial Exposure","hazard"
"fleet freight and operational technology systems::electronic logging devices eld and telematics fleet tracking platforms eg orbcomm fleetmanager samsara omnitracs","Electronic Logging Devices (ELD) and telematics/fleet-tracking platforms (e.g., ORBCOMM FleetManager, Samsara, Omnitracs)","Fleet, Freight & Operational Technology Systems","exposure"
"fleet freight and operational technology systems::transportation management systems tms and warehouse management systems wms","Transportation Management Systems (TMS) and Warehouse Management Systems (WMS)","Fleet, Freight & Operational Technology Systems","exposure"
"fleet freight and operational technology systems::port terminal operating systems tos crane and gate automation control systems and container yard management platforms eg nagoya ports nuts","Port/terminal operating systems (TOS), crane and gate-automation control systems, and container-yard management platforms (e.g., Nagoya Port's NUTS)","Fleet, Freight & Operational Technology Systems","exposure"
"fleet freight and operational technology systems::dispatch routing and load planning software","Dispatch, routing, and load-planning software","Fleet, Freight & Operational Technology Systems","exposure"
"fleet freight and operational technology systems::fuel management weigh station and vehicle maintenance scheduling systems","Fuel management, weigh-station, and vehicle-maintenance scheduling systems","Fleet, Freight & Operational Technology Systems","exposure"
"fleet freight and operational technology systems::warehouse automation conveyor sortation controllers and robotics iot sensors on the ot side of distribution centers","Warehouse automation, conveyor/sortation controllers, and robotics/IoT sensors on the OT side of distribution centers","Fleet, Freight & Operational Technology Systems","exposure"
"customer shipment and financial data::bill of lading manifest and customs trade compliance data hs codes import export declarations","Bill of lading, manifest, and customs/trade-compliance data (HS codes, import/export declarations)","Customer, Shipment & Financial Data","exposure"
"customer shipment and financial data::edi electronic data interchange transaction streams with shippers carriers and customs brokers","EDI (Electronic Data Interchange) transaction streams with shippers, carriers, and customs brokers","Customer, Shipment & Financial Data","exposure"
"customer shipment and financial data::freight billing invoicing and payment ap ar financial data","Freight billing, invoicing, and payment/AP-AR financial data","Customer, Shipment & Financial Data","exposure"
"customer shipment and financial data::customer shipment and pricing contract data competitively sensitive","Customer shipment and pricing/contract data (competitively sensitive)","Customer, Shipment & Financial Data","exposure"
"customer shipment and financial data::employee driver and job applicant pii names ssns drivers license cdl numbers as seen in the estes express lines breach","Employee, driver, and job-applicant PII (names, SSNs, driver's license/CDL numbers) — as seen in the Estes Express Lines breach","Customer, Shipment & Financial Data","exposure"
"third party and supply chain dependencies::eld telematics hardware and software vendors single vendor outages cascade across many downstream carriers as in the orbcomm incident","ELD/telematics hardware and software vendors (single-vendor outages cascade across many downstream carriers, as in the ORBCOMM incident)","Third-Party & Supply-Chain Dependencies","exposure"
"third party and supply chain dependencies::freight forwarding and customs broker software platforms shared across multiple shipping lines","Freight-forwarding and customs-broker software platforms shared across multiple shipping lines","Third-Party & Supply-Chain Dependencies","exposure"
"third party and supply chain dependencies::cloud hosted logistics saas booking portals customer self service platforms like mytoll or jas smarthub","Cloud-hosted logistics SaaS (booking portals, customer self-service platforms like MyToll or JAS SmartHub)","Third-Party & Supply-Chain Dependencies","exposure"
"third party and supply chain dependencies::interconnected partner customer networks 3pls drayage carriers warehouse operators that can propagate an intrusion or be disrupted by a partners outage","Interconnected partner/customer networks (3PLs, drayage carriers, warehouse operators) that can propagate an intrusion or be disrupted by a partner's outage","Third-Party & Supply-Chain Dependencies","exposure"
"third party and supply chain dependencies::payment processors and financial clearinghouses for freight settlement","Payment processors and financial clearinghouses for freight settlement","Third-Party & Supply-Chain Dependencies","exposure"
"physical and critical infrastructure assets::ports container terminals and intermodal rail yards","Ports, container terminals, and intermodal rail yards","Physical & Critical-Infrastructure Assets","exposure"
"physical and critical infrastructure assets::vehicle fleets rendered inoperable when dispatch eld telematics systems are locked","Vehicle fleets rendered inoperable when dispatch/ELD/telematics systems are locked","Physical & Critical-Infrastructure Assets","exposure"
"physical and critical infrastructure assets::cold chain and hazmat tracking systems where downtime creates spoilage or safety risk","Cold-chain and hazmat tracking systems where downtime creates spoilage or safety risk","Physical & Critical-Infrastructure Assets","exposure"
"physical and critical infrastructure assets::cross border customs clearance systems whose outage can halt trade flows nationally","Cross-border/customs clearance systems whose outage can halt trade flows nationally","Physical & Critical-Infrastructure Assets","exposure"
"physical and critical infrastructure assets::airport ground handling and cargo processing systems","Airport ground-handling and cargo-processing systems","Physical & Critical-Infrastructure Assets","exposure"