from,from_label,to,to_label
"Accommodation, Food Services, Arts and Entertainment::MGM Resorts International","Incident","https://www.bleepingcomputer.com/news/security/mgm-resorts-ransomware-attack-led-to-100-million-loss-data-theft/","Source"
"Accommodation, Food Services, Arts and Entertainment::MGM Resorts International","Incident","https://www.infosecurity-magazine.com/news/mgm-resorts-dollar100m-costs/","Source"
"Accommodation, Food Services, Arts and Entertainment::MGM Resorts International","Incident","https://www.techtarget.com/searchsecurity/news/366554695/MGM-faces-100M-loss-from-ransomware-attack","Source"
"Accommodation, Food Services, Arts and Entertainment::MGM Resorts International","Incident","https://www.forbes.com/sites/steveweisman/2025/03/12/mgm-ransomware--attack-update/","Source"
"Accommodation, Food Services, Arts and Entertainment::MGM Resorts International","Incident","https://www.bleepingcomputer.com/news/security/securing-helpdesks-from-hackers-what-we-can-learn-from-the-mgm-breach/","Source"
"Accommodation, Food Services, Arts and Entertainment::Caesars Entertainment","Incident","https://www.pymnts.com/news/security-and-risk/2023/report-caesars-entertainment-paid-15-million-ransom-after-cyberattack/","Source"
"Accommodation, Food Services, Arts and Entertainment::Caesars Entertainment","Incident","https://www.cnbc.com/2023/09/14/caesars-paid-millions-in-ransom-to-cybercrime-group-prior-to-mgm-hack.html","Source"
"Accommodation, Food Services, Arts and Entertainment::Caesars Entertainment","Incident","https://cybernews.com/news/caesars-15m-ransom-sec-breach-report-6t-stolen-data/","Source"
"Accommodation, Food Services, Arts and Entertainment::Caesars Entertainment","Incident","https://www.chainalysis.com/blog/chainalysis-fbi-caesars-ransomware-recovery/","Source"
"Accommodation, Food Services, Arts and Entertainment::Caesars Entertainment","Incident","https://www.cohenmilstein.com/case-study/caesars-data-breach-litigation/","Source"
"Accommodation, Food Services, Arts and Entertainment::Carnival Corporation & plc","Incident","https://www.bleepingcomputer.com/news/security/carnival-cruise-confirms-data-breach-affecting-nearly-6-million-people/","Source"
"Accommodation, Food Services, Arts and Entertainment::Carnival Corporation & plc","Incident","https://www.malwarebytes.com/blog/data-breaches/2026/05/carnival-confirms-data-breach-impacting-nearly-6-million","Source"
"Accommodation, Food Services, Arts and Entertainment::Carnival Corporation & plc","Incident","https://www.securityweek.com/carnival-data-breach-exposed-6-million-people/","Source"
"Accommodation, Food Services, Arts and Entertainment::Carnival Corporation & plc","Incident","https://www.helpnetsecurity.com/2026/05/28/carnival-corporation-data-breach/","Source"
"Accommodation, Food Services, Arts and Entertainment::Compass Group Australia (Sydney-based catering/support services group)","Incident","https://www.cyberdaily.au/security/11128-exclusive-sydney-based-compass-group-confirms-medusa-ransomware-attack","Source"
"Accommodation, Food Services, Arts and Entertainment::Compass Group Australia (Sydney-based catering/support services group)","Incident","https://www.cyberdaily.au/security/11139-exclusive-australian-compass-group-confirms-second-hack","Source"
"Accommodation, Food Services, Arts and Entertainment::Compass Group Australia (Sydney-based catering/support services group)","Incident","https://www.halcyon.ai/attacks/medusa-ransomware-hits-compass-group-australia-in-major-cyberattack","Source"
"Accommodation, Food Services, Arts and Entertainment::Panera Bread","Incident","https://www.bleepingcomputer.com/news/security/panera-bread-week-long-it-outage-caused-by-ransomware-attack/","Source"
"Accommodation, Food Services, Arts and Entertainment::Panera Bread","Incident","https://www.bleepingcomputer.com/news/security/panera-warns-of-employee-data-breach-after-march-ransomware-attack/","Source"
"Accommodation, Food Services, Arts and Entertainment::Panera Bread","Incident","https://www.restaurantbusinessonline.com/technology/panera-breads-digital-outage-reportedly-blamed-ransomware-attack","Source"
"Accommodation, Food Services, Arts and Entertainment::Nordic Choice Hotels","Incident","https://www.bleepingcomputer.com/news/security/nordic-choice-hotels-hit-by-conti-ransomware-no-ransom-demand-yet/","Source"
"Accommodation, Food Services, Arts and Entertainment::Nordic Choice Hotels","Incident","https://www.bitdefender.com/en-us/blog/hotforsecurity/nordic-choice-hotels-confirm-ransomware-attack","Source"
"Accommodation, Food Services, Arts and Entertainment::Nordic Choice Hotels","Incident","https://www.intelligentciso.com/2021/12/08/nordic-choice-hotels-hit-by-conti-ransomware/","Source"
"Accommodation, Food Services, Arts and Entertainment::Rivers Casino Des Plaines / Rush Street Gaming","Incident","https://chicago.suntimes.com/2023/11/17/23965433/rivers-casino-data-breach-des-plaines-hackers","Source"
"Accommodation, Food Services, Arts and Entertainment::Rivers Casino Des Plaines / Rush Street Gaming","Incident","https://www.comparitech.com/news/ransomware-gang-claims-data-breach-at-philadelphia-casino-ssns-and-bank-account-info-leaked/","Source"
"Accommodation, Food Services, Arts and Entertainment::Rivers Casino Des Plaines / Rush Street Gaming","Incident","https://www.redpacketsecurity.com/cicada3301-ransomware-victim-rivers-casino-and-rush-street-gaming/","Source"
"Accommodation, Food Services, Arts and Entertainment::Rivers Casino Des Plaines / Rush Street Gaming","Incident","https://cdcgaming.com/brief/illinois-rivers-casino-des-plaines-hit-with-class-action-over-data-breach/","Source"
"Accommodation, Food Services, Arts and Entertainment::Disneyland Paris","Incident","https://hackread.com/anubis-ransomware-lists-disneyland-paris-new-victim/","Source"
"Accommodation, Food Services, Arts and Entertainment::Disneyland Paris","Incident","https://www.scworld.com/brief/disneyland-paris-data-allegedly-stolen-by-anubis-ransomware","Source"
"Accommodation, Food Services, Arts and Entertainment::Disneyland Paris","Incident","https://cybernews.com/security/anubis-ransomware-gang-claims-disneyland-paris/","Source"
"Accommodation, Food Services, Arts and Entertainment::Disneyland Paris","Incident","https://dailysecurityreview.com/security-spotlight/anubis-ransomware-gang-claims-64gb-disneyland-paris-leak-in-alleged-construction-data-breach/","Source"
"Accommodation, Food Services, Arts and Entertainment::Inspired Entertainment, Inc.","Incident","https://www.sec.gov/Archives/edgar/data/1615063/000149315223042355/form8-k.htm","Source"
"Accommodation, Food Services, Arts and Entertainment::Yum! Brands, Inc.","Incident","https://www.sec.gov/Archives/edgar/data/1041061/000110465923004769/tm233852d1_8k.htm","Source"
"Accommodation, Food Services, Arts and Entertainment::Yum! Brands, Inc.","Incident","https://www.bleepingcomputer.com/news/security/kfc-pizza-hut-owner-discloses-data-breach-after-ransomware-attack/","Source"
"Accommodation, Food Services, Arts and Entertainment::England Hockey","Incident","https://www.bleepingcomputer.com/news/security/england-hockey-investigating-ransomware-data-breach/","Source"
"Accommodation, Food Services, Arts and Entertainment::Washington Hotel","Incident","https://www.bleepingcomputer.com/news/security/washington-hotel-in-japan-discloses-ransomware-infection-incident/","Source"
"Accommodation, Food Services, Arts and Entertainment::Toronto Zoo","Incident","https://www.bleepingcomputer.com/news/security/toronto-zoo-shares-update-on-last-years-ransomware-attack/","Source"
"Accommodation, Food Services, Arts and Entertainment::Krispy Kreme","Incident","https://www.bleepingcomputer.com/news/security/krispy-kreme-breach-data-theft-claimed-by-play-ransomware-gang/","Source"
"Accommodation, Food Services, Arts and Entertainment::Bologna Football Club 1909","Incident","https://www.bleepingcomputer.com/news/security/bologna-fc-confirms-data-breach-after-ransomhub-ransomware-attack/","Source"
"Accommodation, Food Services, Arts and Entertainment::Grand Palais Rmn","Incident","https://www.bleepingcomputer.com/news/security/frances-grand-palais-discloses-cyberattack-during-olympic-games/","Source"
"Accommodation, Food Services, Arts and Entertainment::Christie's","Incident","https://www.bleepingcomputer.com/news/security/christies-starts-notifying-clients-of-ransomhub-data-breach/","Source"
"Accommodation, Food Services, Arts and Entertainment::Omni Hotels","Incident","https://www.bleepingcomputer.com/news/security/daixin-ransomware-gang-claims-attack-on-omni-hotels/","Source"
"Accommodation, Food Services, Arts and Entertainment::Omni Hotels Resorts","Incident","https://www.bleepingcomputer.com/news/security/omni-hotels-confirms-cyberattack-behind-ongoing-it-outage/","Source"
"Accommodation, Food Services, Arts and Entertainment::Gallery Systems","Incident","https://www.bleepingcomputer.com/news/security/online-museum-collections-down-after-cyberattack-on-service-provider/","Source"
"Accommodation, Food Services, Arts and Entertainment::Gellyberry Studios","Incident","https://www.bleepingcomputer.com/news/security/ransomware-attack-on-indie-game-maker-wiped-all-player-accounts/","Source"
"Accommodation, Food Services, Arts and Entertainment::LDLC ASVEL","Incident","https://www.bleepingcomputer.com/news/security/asvel-basketball-team-confirms-data-breach-after-ransomware-attack/","Source"
"Accommodation, Food Services, Arts and Entertainment::Motel One","Incident","https://www.bleepingcomputer.com/news/security/motel-one-discloses-data-breach-following-ransomware-attack/","Source"
"Accommodation, Food Services, Arts and Entertainment::Gaijin Entertainment","Incident","https://www.bleepingcomputer.com/news/security/wannacry-ransomware-impersonator-targets-russian-enlisted-fps-players/","Source"
"Accommodation, Food Services, Arts and Entertainment::Crown Resorts","Incident","https://www.bleepingcomputer.com/news/security/crown-resorts-confirms-ransom-demand-after-goanywhere-breach/","Source"
"Accommodation, Food Services, Arts and Entertainment::H-Hotels","Incident","https://www.bleepingcomputer.com/news/security/the-week-in-ransomware-december-23rd-2022-targeting-microsoft-exchange/","Source"
"Accommodation, Food Services, Arts and Entertainment::New York Racing Association","Incident","https://www.bleepingcomputer.com/news/security/hive-ransomware-claims-attack-on-new-york-racing-association/","Source"
"Accommodation, Food Services, Arts and Entertainment::San Francisco 49ers","Incident","https://www.bleepingcomputer.com/news/security/san-francisco-49ers-blackbyte-ransomware-gang-stole-info-of-20k-people/","Source"
"Accommodation, Food Services, Arts and Entertainment::hotel and spa in Oregon","Incident","https://www.bleepingcomputer.com/news/security/ransomware-gang-creates-site-for-employees-to-search-for-their-stolen-data/","Source"
"Accommodation, Food Services, Arts and Entertainment::Roblox","Incident","https://www.bleepingcomputer.com/news/security/roblox-game-pass-store-used-to-sell-ransomware-decryptor/","Source"
"Agriculture, Forestry, Fishing and Food Production::JBS S.A. / JBS USA","Incident","https://www.cnbc.com/2021/06/09/jbs-paid-11-million-in-response-to-ransomware-attack-.html","Source"
"Agriculture, Forestry, Fishing and Food Production::JBS S.A. / JBS USA","Incident","https://www.bleepingcomputer.com/news/security/jbs-paid-11-million-to-revil-ransomware-225m-first-demanded/","Source"
"Agriculture, Forestry, Fishing and Food Production::JBS S.A. / JBS USA","Incident","https://en.wikipedia.org/wiki/JBS_S.A._ransomware_attack","Source"
"Agriculture, Forestry, Fishing and Food Production::JBS S.A. / JBS USA","Incident","https://iowacapitaldispatch.com/2023/06/11/jbss-cybersecurity-was-unusually-poor-prior-to-2021-ransomware-attack-internal-homeland-security-records-show/","Source"
"Agriculture, Forestry, Fishing and Food Production::United Natural Foods, Inc. (UNFI)","Incident","https://www.securityweek.com/united-natural-foods-projects-up-to-400m-sales-hit-from-june-cyberattack/","Source"
"Agriculture, Forestry, Fishing and Food Production::United Natural Foods, Inc. (UNFI)","Incident","https://www.cybersecuritydive.com/news/unfi-cyberattack-reduce-quarterly-earnings/751849/","Source"
"Agriculture, Forestry, Fishing and Food Production::United Natural Foods, Inc. (UNFI)","Incident","https://cyberscoop.com/united-natural-foods-cyberattack-400-million/","Source"
"Agriculture, Forestry, Fishing and Food Production::United Natural Foods, Inc. (UNFI)","Incident","https://www.grocerydive.com/news/unfi-cyberattack-losses-insurance-grocery-distribution/753223/","Source"
"Agriculture, Forestry, Fishing and Food Production::Dole plc (Dole Food Company)","Incident","https://industrialcyber.co/critical-infrastructure/dole-ransomware-incident-affected-half-of-its-legacy-servers-with-direct-costs-reaching-10-5-million/","Source"
"Agriculture, Forestry, Fishing and Food Production::Dole plc (Dole Food Company)","Incident","https://www.theregister.com/2023/02/23/dole_ransomware_attack/","Source"
"Agriculture, Forestry, Fishing and Food Production::Dole plc (Dole Food Company)","Incident","https://www.cybersecuritydive.com/news/dole-ransomware-breached-data-workers/653650/","Source"
"Agriculture, Forestry, Fishing and Food Production::Dole plc (Dole Food Company)","Incident","https://www.sec.gov/Archives/edgar/data/1857475/000162828023018832/dole-20230331_d2.htm","Source"
"Agriculture, Forestry, Fishing and Food Production::Ahold Delhaize USA (Giant Food, Hannaford, Food Lion, Stop & Shop, The Giant Company)","Incident","https://www.securityweek.com/ahold-delhaize-data-breach-impacts-2-2-million-people/","Source"
"Agriculture, Forestry, Fishing and Food Production::Ahold Delhaize USA (Giant Food, Hannaford, Food Lion, Stop & Shop, The Giant Company)","Incident","https://www.bleepingcomputer.com/news/security/ahold-delhaize-confirms-data-theft-after-inc-ransomware-claims-attack/","Source"
"Agriculture, Forestry, Fishing and Food Production::Ahold Delhaize USA (Giant Food, Hannaford, Food Lion, Stop & Shop, The Giant Company)","Incident","https://www.cybersecuritydive.com/news/ahold-delhaize-confirms-data-stolen-after-threat-group-claims-credit-for-no/745715/","Source"
"Agriculture, Forestry, Fishing and Food Production::NEW Cooperative Inc.","Incident","https://www.washingtonpost.com/business/2021/09/21/new-cooperative-hack-ransomware/","Source"
"Agriculture, Forestry, Fishing and Food Production::NEW Cooperative Inc.","Incident","https://industrialcyber.co/news/blackmatter-ransomware-group-strikes-new-cooperative-makes-demand-of-5-9-million/","Source"
"Agriculture, Forestry, Fishing and Food Production::NEW Cooperative Inc.","Incident","https://www.farmprogress.com/business/blackmatter-hits-grain-cooperative-with-ransomware-attack","Source"
"Agriculture, Forestry, Fishing and Food Production::KP Snacks","Incident","https://www.bleepingcomputer.com/news/security/kp-snacks-giant-hit-by-conti-ransomware-deliveries-disrupted/","Source"
"Agriculture, Forestry, Fishing and Food Production::KP Snacks","Incident","https://www.computerweekly.com/news/252512873/Crisp-supply-shortage-looms-after-KP-Snacks-hit-by-ransomware","Source"
"Agriculture, Forestry, Fishing and Food Production::KP Snacks","Incident","https://www.cpomagazine.com/cyber-security/conti-ransomware-attack-on-uks-kp-snacks-to-cause-major-supply-chain-problems-for-popular-treats/","Source"
"Agriculture, Forestry, Fishing and Food Production::Maple Leaf Foods","Incident","https://www.bleepingcomputer.com/news/security/kp-snacks-giant-hit-by-conti-ransomware-deliveries-disrupted/","Source"
"Agriculture, Forestry, Fishing and Food Production::Maple Leaf Foods","Incident","https://api.ransomware.live/v2/sectorvictims/Agriculture%20and%20Food%20Production","Source"
"Agriculture, Forestry, Fishing and Food Production::Dole Food Company","Incident","https://www.bleepingcomputer.com/news/security/dole-discloses-employee-data-breach-after-ransomware-attack/","Source"
"Agriculture, Forestry, Fishing and Food Production::AGCO","Incident","https://www.bleepingcomputer.com/news/security/the-week-in-ransomware-may-6th-2022-an-evolving-landscape/","Source"
"Construction::Ferrovial","Incident","https://www.ransomware.live/id/RmVycm92aWFsQEFpTG9jaw==","Source"
"Construction::Ferrovial","Incident","https://sosransomware.com/en/ransomware-groups/ailock-ransomware-the-raas-operator-threatening-to-alert-regulators-and-competitors/","Source"
"Construction::Ferrovial","Incident","https://darkwebinformer.com/ransomware-attack-update-july-14th-2026/","Source"
"Construction::Balfour Beatty","Incident","https://www.ransomware.live/id/QmFsZm91ciBCZWF0dHlAaW5jcmFuc29t","Source"
"Construction::Balfour Beatty","Incident","https://www.ransomware.live/id/QmFsZm91ciBCZWF0dHlAY29pbmJhc2VjYXJ0ZWw","Source"
"Construction::Balfour Beatty","Incident","https://www.dexpose.io/coinbasecartel-strikes-balfour-beatty-in-uk-ransomware-attack/","Source"
"Construction::Balfour Beatty","Incident","https://www.breachsense.com/breaches/balfour-beatty-data-breach/","Source"
"Construction::Bechtel Corporation","Incident","https://www.dexpose.io/clop-ransomware-targets-bechtel-corporation/","Source"
"Construction::Bechtel Corporation","Incident","https://www.cybersecuritydive.com/news/hackers-clop-extortion-campaign-executives/801808/","Source"
"Construction::Bechtel Corporation","Incident","https://dailydarkweb.net/clop-ransomware-group-lists-39-global-victims-including-mazda-canon/","Source"
"Construction::Kier Group plc (KIER.CO.UK)","Incident","https://www.dexpose.io/clop-ransomware-targets-kier-co-uk-in-uk-cyberattack/","Source"
"Construction::Kier Group plc (KIER.CO.UK)","Incident","https://ransomware.live/id/S0lFUi5DTy5VS0BjbG9w","Source"
"Construction::Kier Group plc (KIER.CO.UK)","Incident","https://www.breachsense.com/breaches/kier-group-data-breach/","Source"
"Construction::Kajima Europe","Incident","https://www.dexpose.io/qilin-ransomware-strikes-kajima-europe/","Source"
"Construction::Kajima Europe","Incident","https://botcrawl.com/kajima-europe-data-breach/","Source"
"Construction::Kajima Europe","Incident","https://cyble.com/blog/europe-ransomware-attacks-q3-2025/","Source"
"Construction::AECOM","Incident","https://www.breachsense.com/breaches/aecom-com/","Source"
"Construction::AECOM","Incident","https://www.malwarebytes.com/blog/news/2021/03/pysa-the-ransomware-attacking-schools","Source"
"Construction::AECOM","Incident","https://www.upguard.com/security-report/aecom","Source"
"Construction::Turner Construction Company","Incident","https://www.ransomware.live/group/everest","Source"
"Construction::Turner Construction Company","Incident","https://cti.fyi/groups/everest.html","Source"
"Construction::Turner Construction Company","Incident","https://www.ransomware.live/activity/Construction","Source"
"Construction::Sando","Incident","https://www.bleepingcomputer.com/news/security/donut-extortion-group-also-targets-victims-with-ransomware/","Source"
"Construction::Knauf Group","Incident","https://www.bleepingcomputer.com/news/security/building-materials-giant-knauf-hit-by-black-basta-ransomware-gang/","Source"
"Educational Services::PowerSchool (SIS vendor serving K-12 districts in the US, Canada and elsewhere)","Incident","https://www.bleepingcomputer.com/news/security/powerschool-hacker-now-extorting-individual-school-districts/","Source"
"Educational Services::PowerSchool (SIS vendor serving K-12 districts in the US, Canada and elsewhere)","Incident","https://techcrunch.com/2025/05/08/powerschool-paid-a-hackers-ransom-but-now-schools-say-they-are-being-extorted/","Source"
"Educational Services::PowerSchool (SIS vendor serving K-12 districts in the US, Canada and elsewhere)","Incident","https://www.edweek.org/technology/powerschool-paid-a-hackers-ransom-now-cyber-criminals-are-threatening-schools/2025/05","Source"
"Educational Services::PowerSchool (SIS vendor serving K-12 districts in the US, Canada and elsewhere)","Incident","https://www.k12dive.com/news/college-student-charged-in-connection-with-powerschool-data-breach/748747/","Source"
"Educational Services::PowerSchool (SIS vendor serving K-12 districts in the US, Canada and elsewhere)","Incident","https://www.cybersecuritydive.com/news/powerschool-data-breach-school-extortion-attempts/747801/","Source"
"Educational Services::PowerSchool (SIS vendor serving K-12 districts in the US, Canada and elsewhere)","Incident","https://www.the74million.org/article/powerschool-paid-off-hackers-after-huge-breach-now-theyre-extorting-districts/","Source"
"Educational Services::Instructure Holdings, Inc. (Canvas LMS)","Incident","https://www.bleepingcomputer.com/news/security/edu-tech-firm-instructure-discloses-cyber-incident-probes-impact/","Source"
"Educational Services::Instructure Holdings, Inc. (Canvas LMS)","Incident","https://thehackernews.com/2026/05/instructure-reaches-ransom-agreement.html","Source"
"Educational Services::Instructure Holdings, Inc. (Canvas LMS)","Incident","https://www.insidehighered.com/news/tech-innovation/administrative-tech/2026/05/11/instructure-pays-ransom-canvas-hackers","Source"
"Educational Services::Instructure Holdings, Inc. (Canvas LMS)","Incident","https://en.wikipedia.org/wiki/2026_Canvas_security_incident","Source"
"Educational Services::Instructure Holdings, Inc. (Canvas LMS)","Incident","https://www.halcyon.ai/ransomware-alerts/education-sector-in-the-crosshairs-shinyhunters-extortion-campaign-against-instructure","Source"
"Educational Services::Instructure Holdings, Inc. (Canvas LMS)","Incident","https://www.reedsmith.com/articles/canvasinstructure-cyberattack-key-developments-and-action-items-for-higher-education-institutions/","Source"
"Educational Services::University of Hawai'i Cancer Center","Incident","https://www.hipaajournal.com/university-of-hawaii-cancer-center-ransomware-data-breach/","Source"
"Educational Services::University of Hawai'i Cancer Center","Incident","https://therecord.media/university-of-hawaii-ransomware-data-breach","Source"
"Educational Services::University of Hawai'i Cancer Center","Incident","https://www.bleepingcomputer.com/news/security/university-of-hawaii-cancer-center-ransomware-attack-affects-nearly-12-million-people/","Source"
"Educational Services::University of Hawai'i Cancer Center","Incident","https://www.securityweek.com/hackers-accessed-university-of-hawaii-cancer-center-patient-data-they-werent-immediately-notified/","Source"
"Educational Services::University of Hawai'i Cancer Center","Incident","https://www.govinfosecurity.com/cancer-center-research-study-hack-affects-12m-a-30912","Source"
"Educational Services::Highline Public Schools","Incident","https://www.bleepingcomputer.com/news/security/highline-public-schools-confirms-ransomware-attack-was-behind-september-shut-down/","Source"
"Educational Services::Highline Public Schools","Incident","https://therecord.media/highline-public-schools-washington-state-cyberattack","Source"
"Educational Services::Highline Public Schools","Incident","https://www.infosecurity-magazine.com/news/sensitive-data-highline-ransomware/","Source"
"Educational Services::Highline Public Schools","Incident","https://www.seattletimes.com/education-lab/hackers-target-seattle-area-school-district-for-ransomware-attack/","Source"
"Educational Services::Highline Public Schools","Incident","https://www.securitymagazine.com/articles/101037-cyberattack-compromises-and-shuts-down-highline-public-schools","Source"
"Educational Services::British Library","Incident","https://en.wikipedia.org/wiki/British_Library_cyberattack","Source"
"Educational Services::British Library","Incident","https://www.theregister.com/2023/10/31/british_library_it_outage/","Source"
"Educational Services::British Library","Incident","https://www.securityweek.com/details-and-lessons-learned-from-the-ransomware-attack-on-the-british-library/","Source"
"Educational Services::British Library","Incident","https://ital.corejournals.org/index.php/ital/article/view/17112","Source"
"Educational Services::British Library","Incident","https://www.imd.org/ibyimd/technology/full-transparency-10-lessons-from-the-cyber-attack-on-the-british-library/","Source"
"Educational Services::University of Manchester","Incident","https://www.itpro.com/security/data-breaches/nhs-data-leak-raises-serious-questions-about-manchester-university-cyber-attack","Source"
"Educational Services::University of Manchester","Incident","https://www.digitalhealth.net/2023/06/nhs-patient-data-compromised-in-university-cyber-attack-report/","Source"
"Educational Services::University of Manchester","Incident","https://www.cpomagazine.com/cyber-security/250gb-of-nhs-patient-data-leaked-in-the-university-of-manchester-cyber-attack/","Source"
"Educational Services::University of Manchester","Incident","https://www.govinfosecurity.com/trauma-terrorist-victim-data-breached-in-university-attack-a-22409","Source"
"Educational Services::University of Manchester","Incident","https://www.csoonline.com/article/644235/nhs-data-reportedly-compromised-in-university-of-manchester-cyberattack.html","Source"
"Educational Services::Minneapolis Public Schools (Special School District No. 1)","Incident","https://www.the74million.org/article/kept-in-the-dark-inside-the-minneapolis-schools-cyberattack/","Source"
"Educational Services::Minneapolis Public Schools (Special School District No. 1)","Incident","https://therecord.media/minneapolis-schools-say-data-breach-affected-100000","Source"
"Educational Services::Minneapolis Public Schools (Special School District No. 1)","Incident","https://www.bleepingcomputer.com/news/security/ransomware-gang-posts-video-of-data-stolen-from-minneapolis-schools/","Source"
"Educational Services::Minneapolis Public Schools (Special School District No. 1)","Incident","https://www.cbsnews.com/minnesota/news/cybersecurity-experts-confirm-security-blueprints-stolen-mps-ransomware-attack/","Source"
"Educational Services::Minneapolis Public Schools (Special School District No. 1)","Incident","https://www.campussafetymagazine.com/news/over-189000-files-leaked-minneapolis-public-schools-data-breach/123369/","Source"
"Educational Services::Minneapolis Public Schools (Special School District No. 1)","Incident","https://www.minnpost.com/other-nonprofit-media/2023/03/hackers-use-stolen-student-data-against-minneapolis-schools-in-brazen-new-threat/","Source"
"Educational Services::Los Angeles Unified School District (LAUSD)","Incident","https://techcrunch.com/2022/10/03/los-angeles-school-district-ransomware-data/","Source"
"Educational Services::Los Angeles Unified School District (LAUSD)","Incident","https://www.bleepingcomputer.com/news/security/lausd-says-vice-society-ransomware-gang-stole-contractors-ssns/","Source"
"Educational Services::Los Angeles Unified School District (LAUSD)","Incident","https://www.axios.com/2022/10/03/hackers-stolen-data-la-school-district-ransomware","Source"
"Educational Services::Los Angeles Unified School District (LAUSD)","Incident","https://www.cybersecuritydive.com/news/vice-society-threatens-los-angeles-schools-ransomware/633076/","Source"
"Educational Services::Los Angeles Unified School District (LAUSD)","Incident","https://www.npr.org/2022/09/07/1121422336/a-cyberattack-hits-the-los-angeles-school-district-raising-alarm-across-the-coun","Source"
"Educational Services::Los Angeles Unified School District (LAUSD)","Incident","https://www.upguard.com/blog/how-did-lausd-get-hacked","Source"
"Educational Services::Texas Tech University System","Incident","https://www.bleepingcomputer.com/news/security/ai-generated-slopoly-malware-used-in-interlock-ransomware-attack/","Source"
"Educational Services::La Sapienza University","Incident","https://www.bleepingcomputer.com/news/security/italian-university-la-sapienza-goes-offline-after-cyberattack/","Source"
"Educational Services::Kyowon Group","Incident","https://www.bleepingcomputer.com/news/security/south-korean-giant-kyowon-confirms-data-theft-in-ransomware-attack/","Source"
"Educational Services::Baltimore City Public Schools","Incident","https://www.bleepingcomputer.com/news/security/baltimore-city-public-schools-data-breach-affects-over-31-000-people/","Source"
"Educational Services::Pennsylvania State Education Association (PSEA)","Incident","https://www.bleepingcomputer.com/news/security/pennsylvania-education-union-data-breach-hit-500-000-people/","Source"
"Educational Services::Texas Tech University Health Sciences Center","Incident","https://www.bleepingcomputer.com/news/security/texas-tech-university-system-data-breach-impacts-14-million-patients/","Source"
"Educational Services::Toronto District School Board","Incident","https://www.bleepingcomputer.com/news/security/toronto-district-school-board-hit-by-a-ransomware-attack/","Source"
"Educational Services::University System of Georgia","Incident","https://www.bleepingcomputer.com/news/security/university-system-of-georgia-800k-exposed-in-2023-moveit-attack/","Source"
"Educational Services::Stanford University","Incident","https://www.bleepingcomputer.com/news/security/stanford-data-of-27-000-people-stolen-in-september-ransomware-attack/","Source"
"Educational Services::Truman State University","Incident","https://www.bleepingcomputer.com/news/security/back-to-school-security-against-ransomware-attacks-on-k-12-and-colleges/","Source"
"Educational Services::Colorado Department of Higher Education","Incident","https://www.bleepingcomputer.com/news/security/colorado-department-of-higher-education-warns-of-massive-data-breach/","Source"
"Educational Services::University of Waterloo","Incident","https://www.bleepingcomputer.com/news/security/how-to-manage-a-mass-password-reset-due-to-a-ransomware-attack/","Source"
"Educational Services::Hawai'i Community College","Incident","https://www.bleepingcomputer.com/news/security/the-week-in-ransomware-july-28th-2023-new-extortion-tactics/","Source"
"Educational Services::Colorado State University","Incident","https://www.bleepingcomputer.com/news/security/colorado-state-university-says-data-breach-impacts-students-staff/","Source"
"Educational Services::Des Moines Public Schools","Incident","https://www.bleepingcomputer.com/news/security/the-week-in-ransomware-june-23rd-2023-the-reddit-files/","Source"
"Educational Services::Bluefield University","Incident","https://www.bleepingcomputer.com/news/security/ransomware-gang-hijacks-university-alert-system-to-issue-threats/","Source"
"Educational Services::Open University of Cyprus","Incident","https://www.bleepingcomputer.com/news/security/medusa-ransomware-claims-attack-on-open-university-of-cyprus/","Source"
"Educational Services::Technion - Israel Institute of Technology","Incident","https://www.bleepingcomputer.com/news/security/ransomware-hits-technion-university-to-protest-tech-layoffs-and-israel/","Source"
"Educational Services::University of Duisburg-Essen","Incident","https://www.bleepingcomputer.com/news/security/the-week-in-ransomware-january-20th-2023-targeting-crypto-exchanges/","Source"
"Educational Services::Queensland University of Technology","Incident","https://www.bleepingcomputer.com/news/security/royal-ransomware-claims-attack-on-queensland-university-of-technology/","Source"
"Educational Services::Cincinnati State Technical and Community College","Incident","https://www.bleepingcomputer.com/news/security/vice-society-ransomware-claims-attack-on-cincinnati-state-college/","Source"
"Educational Services::Los Angeles Unified School District","Incident","https://www.bleepingcomputer.com/news/security/microsoft-vice-society-targets-schools-with-multiple-ransomware-families/","Source"
"Educational Services::Spanish National Research Council (CSIC)","Incident","https://www.bleepingcomputer.com/news/security/spanish-research-agency-still-recovering-after-ransomware-attack/","Source"
"Educational Services::Maastricht University","Incident","https://www.bleepingcomputer.com/news/security/maastricht-university-wound-up-earning-money-from-its-ransom-payment/","Source"
"Educational Services::Medical University of Innsbruck","Incident","https://www.bleepingcomputer.com/news/security/vice-society-claims-ransomware-attack-on-med-university-of-innsbruck/","Source"
"Educational Services::Chicago Public Schools","Incident","https://www.bleepingcomputer.com/news/security/ransomware-attack-exposes-data-of-500-000-chicago-students/","Source"
"Educational Services::Lincoln College","Incident","https://www.bleepingcomputer.com/news/security/lincoln-college-to-close-after-157-years-due-ransomware-attack/","Source"
"Educational Services::Austin Peay State University","Incident","https://www.bleepingcomputer.com/news/security/the-week-in-ransomware-april-29th-2022-new-operations-emerge/","Source"
"Energy and Utilities::Colonial Pipeline","Incident","https://en.wikipedia.org/wiki/Colonial_Pipeline_ransomware_attack","Source"
"Energy and Utilities::Colonial Pipeline","Incident","https://www.energy.gov/ceser/colonial-pipeline-cyber-incident","Source"
"Energy and Utilities::Colonial Pipeline","Incident","https://www.chainalysis.com/blog/darkside-colonial-pipeline-ransomware-seizure-case-study/","Source"
"Energy and Utilities::Colonial Pipeline","Incident","https://www.huntress.com/threat-library/ransomware/colonial-pipeline-ransomware","Source"
"Energy and Utilities::Halliburton","Incident","https://www.bleepingcomputer.com/news/security/halliburton-reports-35-million-loss-after-ransomware-attack/","Source"
"Energy and Utilities::Halliburton","Incident","https://www.bleepingcomputer.com/news/security/halliburton-cyberattack-linked-to-ransomhub-ransomware-gang/","Source"
"Energy and Utilities::Halliburton","Incident","https://www.bleepingcomputer.com/news/security/halliburton-confirms-data-stolen-in-recent-cyberattack/","Source"
"Energy and Utilities::Halliburton","Incident","https://www.cpomagazine.com/cyber-security/oil-giant-halliburton-lost-35-million-due-to-the-august-2024-ransomhub-ransomware-data-breach/","Source"
"Energy and Utilities::Suncor Energy / Petro-Canada","Incident","https://www.cbc.ca/news/business/petro-canada-suncor-cybersecurity-1.6888723","Source"
"Energy and Utilities::Suncor Energy / Petro-Canada","Incident","https://www.bleepingcomputer.com/news/security/suncor-energy-cyberattack-impacts-petro-canada-gas-stations/","Source"
"Energy and Utilities::Suncor Energy / Petro-Canada","Incident","https://www.cybersecuritydive.com/news/suncor-hackers-breached-petro-canada-customer-data/685365/","Source"
"Energy and Utilities::Suncor Energy / Petro-Canada","Incident","https://www.cbc.ca/news/canada/calgary/suncor-cybersecurity-incident-energy-sector-1.6898118","Source"
"Energy and Utilities::Encevo Group (Creos & Enovos, Luxembourg)","Incident","https://www.utilitydive.com/news/encevo-creos-envovos-ransomware/628644/","Source"
"Energy and Utilities::Encevo Group (Creos & Enovos, Luxembourg)","Incident","https://www.cybersecuritydive.com/news/encevo-creos-envovos-ransomware/628604/","Source"
"Energy and Utilities::Encevo Group (Creos & Enovos, Luxembourg)","Incident","https://therecord.media/luxembourg-energy-companies-struggling-with-alleged-ransomware-attack-data-breach","Source"
"Energy and Utilities::Encevo Group (Creos & Enovos, Luxembourg)","Incident","https://securityaffairs.co/wordpress/133899/cyber-crime/alphv-blackcat-ransomware-creos-luxembourg.html","Source"
"Energy and Utilities::Conpet","Incident","https://www.bleepingcomputer.com/news/security/romanias-oil-pipeline-operator-conpet-confirms-data-stolen-in-attack/","Source"
"Energy and Utilities::Conpet","Incident","https://industrialcyber.co/mining-oil-gas/romanias-oil-pipeline-operator-conpet-targeted-in-cyberattack-as-qilin-alleges-1tb-data-breach/","Source"
"Energy and Utilities::Conpet","Incident","https://therecord.media/romania-conpet-oil-pipeline-ransomware-attack","Source"
"Energy and Utilities::Conpet","Incident","https://shieldworkz.com/blogs/how-a-side-hustle-paralyzed-romania%E2%80%99s-national-oil-pipeline","Source"
"Energy and Utilities::Ecopetrol","Incident","https://www.ransomware.live/activity/Energy","Source"
"Energy and Utilities::Newpark Resources, Inc.","Incident","https://www.sec.gov/Archives/edgar/data/71829/000007182924000111/nr-20241029.htm","Source"
"Energy and Utilities::Oltenia","Incident","https://www.bleepingcomputer.com/news/security/gentlemen-ransomware-uses-multiple-edr-killers-to-disable-defenses/","Source"
"Energy and Utilities::South Staffordshire Water Plc","Incident","https://www.bleepingcomputer.com/news/security/uk-fines-water-supplier-13m-for-exposing-data-of-664k-customers/","Source"
"Energy and Utilities::South Staffordshire Water Plc","Incident","https://www.bleepingcomputer.com/news/security/hackers-attack-uk-water-supplier-but-extort-wrong-company/","Source"
"Energy and Utilities::Oltenia Energy Complex","Incident","https://www.bleepingcomputer.com/news/security/the-gentlemen-ransomware-now-uses-systembc-for-bot-powered-attacks/","Source"
"Energy and Utilities::Southern Water","Incident","https://www.bleepingcomputer.com/news/security/southern-water-says-black-basta-ransomware-attack-cost-45m-in-expenses/","Source"
"Energy and Utilities::Electrica Group","Incident","https://www.bleepingcomputer.com/news/security/lynx-ransomware-behind-electrica-energy-supplier-cyberattack/","Source"
"Energy and Utilities::Evolution Mining","Incident","https://www.bleepingcomputer.com/news/security/australian-gold-producer-evolution-mining-hit-by-ransomware/","Source"
"Energy and Utilities::IxMetro Powerhost","Incident","https://www.bleepingcomputer.com/news/security/sexi-ransomware-rebrands-to-apt-inc-continues-vmware-esxi-attacks/","Source"
"Energy and Utilities::PSI Software SE","Incident","https://www.bleepingcomputer.com/news/security/critical-infrastructure-software-maker-confirms-ransomware-attack/","Source"
"Energy and Utilities::Schneider Electric","Incident","https://www.bleepingcomputer.com/news/security/cactus-ransomware-claim-to-steal-15tb-of-schneider-electric-data/","Source"
"Energy and Utilities::Trans-Northern Pipelines Inc.","Incident","https://www.bleepingcomputer.com/news/security/trans-northern-pipelines-investigating-alphv-ransomware-attack-claims/","Source"
"Energy and Utilities::Trans-Northern Pipelines Inc.","Incident","https://www.bleepingcomputer.com/news/security/us-offers-up-to-15-million-for-tips-on-alphv-ransomware-gang/","Source"
"Energy and Utilities::Veolia North America","Incident","https://www.bleepingcomputer.com/news/security/water-services-giant-veolia-north-america-hit-by-ransomware-attack/","Source"
"Energy and Utilities::Holding Slovenske Elektrarne (HSE)","Incident","https://www.bleepingcomputer.com/news/security/slovenias-largest-power-provider-hse-hit-by-ransomware-attack/","Source"
"Energy and Utilities::BHI Energy","Incident","https://www.bleepingcomputer.com/news/security/us-energy-firm-shares-how-akira-ransomware-hacked-its-systems/","Source"
"Energy and Utilities::Siemens Energy","Incident","https://www.bleepingcomputer.com/news/security/siemens-energy-confirms-data-breach-after-moveit-data-theft-attack/","Source"
"Energy and Utilities::Hitachi Energy","Incident","https://www.bleepingcomputer.com/news/security/the-week-in-ransomware-march-17th-2023-shifting-to-data-extortion/","Source"
"Energy and Utilities::Empresas Públicas de Medellín (EPM)","Incident","https://www.bleepingcomputer.com/news/security/the-week-in-ransomware-december-16th-2022-losing-trust/","Source"
"Energy and Utilities::Tata Power","Incident","https://www.bleepingcomputer.com/news/security/hackers-breach-energy-orgs-via-bugs-in-discontinued-web-server/","Source"
"Energy and Utilities::Gestore dei Servizi Energetici SpA (GSE)","Incident","https://www.bleepingcomputer.com/news/security/blackcat-ransomware-claims-attack-on-italian-energy-agency/","Source"
"Energy and Utilities::DESFA","Incident","https://www.bleepingcomputer.com/news/security/the-week-in-ransomware-august-26th-2022-fighting-back/","Source"
"Energy and Utilities::Creos Luxembourg S.A.","Incident","https://www.bleepingcomputer.com/news/security/the-week-in-ransomware-august-5th-2022-a-look-at-cyber-insurance/","Source"
"Finance and Insurance::CNA Financial Corporation","Incident","https://thehackernews.com/2021/05/insurance-firm-cna-financial-reportedly.html","Source"
"Finance and Insurance::CNA Financial Corporation","Incident","https://www.bloomberg.com/news/articles/2021-05-20/cna-financial-paid-40-million-in-ransom-after-march-cyberattack","Source"
"Finance and Insurance::CNA Financial Corporation","Incident","https://www.msspalert.com/cybersecurity-breaches-and-attacks/ransomware/cna-payment-40-million-dollars/","Source"
"Finance and Insurance::CNA Financial Corporation","Incident","https://cisomag.com/suffered-attack-paid-ransom-restored-systems-the-cnas-ransomware-timeline/","Source"
"Finance and Insurance::Industrial and Commercial Bank of China (ICBC) - U.S. broker-dealer/financial services unit","Incident","https://www.bitdefender.com/en-us/blog/hotforsecurity/worlds-biggest-bank-hit-by-ransomware-forced-to-trade-via-usb-stick","Source"
"Finance and Insurance::Industrial and Commercial Bank of China (ICBC) - U.S. broker-dealer/financial services unit","Incident","https://www.resecurity.com/blog/article/icbc-ransomware-attack-strikes-at-the-heart-of-the-global-financial-order-lockbit-on-a-roll","Source"
"Finance and Insurance::Industrial and Commercial Bank of China (ICBC) - U.S. broker-dealer/financial services unit","Incident","https://home.treasury.gov/news/press-releases/jy2114","Source"
"Finance and Insurance::Industrial and Commercial Bank of China (ICBC) - U.S. broker-dealer/financial services unit","Incident","https://securityaffairs.com/155178/cyber-crime/lockbit-icbc-ransomware-attack.html","Source"
"Finance and Insurance::Fidelity National Financial (FNF)","Incident","https://therecord.media/fidelity-national-financial-ransomware-alphv-black-cat","Source"
"Finance and Insurance::Fidelity National Financial (FNF)","Incident","https://www.bleepingcomputer.com/news/security/fidelity-national-financial-hackers-stole-data-of-13-million-people/","Source"
"Finance and Insurance::Fidelity National Financial (FNF)","Incident","https://www.theregister.com/2023/11/23/blackcat_ransomware_fnf/","Source"
"Finance and Insurance::Fidelity National Financial (FNF)","Incident","https://www.malwarebytes.com/blog/news/2024/01/fidelity-national-financial-acknowledges-data-breach-affecting-1-3-million-customers","Source"
"Finance and Insurance::ION Group / ION Cleared Derivatives","Incident","https://www.bleepingcomputer.com/news/security/ransomware-attack-on-ion-group-impacts-derivatives-trading-market/","Source"
"Finance and Insurance::ION Group / ION Cleared Derivatives","Incident","https://techcrunch.com/2023/02/02/ion-group-lockbit-derivatives-ransomware/","Source"
"Finance and Insurance::ION Group / ION Cleared Derivatives","Incident","https://iongroup.com/press-release/markets/cleared-derivatives-cyber-event/","Source"
"Finance and Insurance::ION Group / ION Cleared Derivatives","Incident","https://www.darkreading.com/cyberattacks-data-breaches/cyberattack-fintech-firm-disrupts-derivatives-trading","Source"
"Finance and Insurance::Evolve Bank & Trust","Incident","https://techcrunch.com/2024/07/09/evolve-bank-says-ransomware-gang-stole-personal-data-on-millions-of-customers/","Source"
"Finance and Insurance::Evolve Bank & Trust","Incident","https://www.theregister.com/2024/07/09/evolve_lockbit_attack/","Source"
"Finance and Insurance::Evolve Bank & Trust","Incident","https://www.infosecurity-magazine.com/news/cyber-attack-evolve-bank-exposed/","Source"
"Finance and Insurance::Evolve Bank & Trust","Incident","https://www.getevolved.com/cybersecurity-incident/","Source"
"Finance and Insurance::Evolve Bank & Trust","Incident","https://www.bleepingcomputer.com/news/security/evolve-bank-says-data-breach-impacts-76-million-americans/","Source"
"Finance and Insurance::Central Bank of Libya","Incident","https://libyaherald.com/2026/06/cyber-incident-announced-on-9-june-has-been-fully-contained-cbl","Source"
"Finance and Insurance::Central Bank of Libya","Incident","https://www.dexpose.io/qilin-strikes-central-bank-of-libya-in-ransomware-assault/","Source"
"Finance and Insurance::Central Bank of Libya","Incident","https://www.centralbanking.com/central-banks/financial-stability/7976224/libya-says-cyber-security-incident-under-control","Source"
"Finance and Insurance::Central Bank of Libya","Incident","https://issa-eg.org/qilin-ransomware-group-claims-breach-of-central-bank-of-libya-following-confirmed-cyberattack/","Source"
"Finance and Insurance::Frost Bank and Citizens Financial Group (Citizens Bank) - shared third-party vendor breach","Incident","https://cybernews.com/security/everest-ransomware-frost-citizens-bank-breach/","Source"
"Finance and Insurance::Frost Bank and Citizens Financial Group (Citizens Bank) - shared third-party vendor breach","Incident","https://www.dexpose.io/everest-ransomware-attack-targets-frost-bank/","Source"
"Finance and Insurance::Frost Bank and Citizens Financial Group (Citizens Bank) - shared third-party vendor breach","Incident","https://www.americanbanker.com/news/customers-sue-citizens-frost-over-third-party-data-breach","Source"
"Finance and Insurance::Frost Bank and Citizens Financial Group (Citizens Bank) - shared third-party vendor breach","Incident","https://slingscore.com/everest-ransomware-gang-hits-frost-bank-and-citizens-bank-via-third-party-vendor-exposing-up-to-3-65-million-records/","Source"
"Finance and Insurance::Frost Bank and Citizens Financial Group (Citizens Bank) - shared third-party vendor breach","Incident","https://schneiderdowns.com/our-thoughts-on/third-party-cyber-risk-in-banking-everest-ransomware-claims/","Source"
"Finance and Insurance::Deutsche Bank (via third-party marketing/incentive platform vendor)","Incident","https://cybernews.com/security/deutsche-bank-ransomware-data-breach/","Source"
"Finance and Insurance::Deutsche Bank (via third-party marketing/incentive platform vendor)","Incident","https://www.computing.co.uk/news/2026/security/deutsche-bank-probes-supplier-cyber-incident-after-ransomware-gang-claims-breach","Source"
"Finance and Insurance::Deutsche Bank (via third-party marketing/incentive platform vendor)","Incident","https://compliancehub.wiki/deutsche-bank-unsafe-ransomware-third-party-breach-dora-2026/","Source"
"Finance and Insurance::Deutsche Bank (via third-party marketing/incentive platform vendor)","Incident","https://techchannel.news/unsafe-ransomware-group-claims-deutsche-bank-breach/","Source"
"Finance and Insurance::SEI Investments Company","Incident","https://www.sec.gov/Archives/edgar/data/350894/000035089423000088/seic-20231026.htm","Source"
"Finance and Insurance::River Financial Corporation","Incident","https://www.sec.gov/Archives/edgar/data/1641601/000119312526282946/ck0001641601-20260619.htm","Source"
"Finance and Insurance::Navient Corporation","Incident","https://www.sec.gov/Archives/edgar/data/1593538/000114036126027441/ef20077249_8k.htm","Source"
"Finance and Insurance::Prudential Financial, Inc.","Incident","https://www.sec.gov/Archives/edgar/data/1137774/000119312524040749/d766318d8ka.htm","Source"
"Finance and Insurance::Prudential Financial, Inc.","Incident","https://www.bleepingcomputer.com/news/security/prudential-financial-now-says-25-million-impacted-by-data-breach/","Source"
"Finance and Insurance::Globe Life Inc.","Incident","https://www.sec.gov/Archives/edgar/data/320335/000032033524000056/gl-20241017.htm","Source"
"Finance and Insurance::Standard Bank","Incident","https://www.bleepingcomputer.com/news/security/new-prinz-eugen-ransomware-prioritizes-recent-files-for-encryption/","Source"
"Finance and Insurance::Marquis","Incident","https://www.bleepingcomputer.com/news/security/marquis-ransomware-gang-stole-data-of-672-000-people-in-2025-cyberattack/","Source"
"Finance and Insurance::BridgePay Network Solutions","Incident","https://www.bleepingcomputer.com/news/security/payments-platform-bridgepay-confirms-ransomware-attack-behind-outage/","Source"
"Finance and Insurance::Landmark Admin","Incident","https://www.bleepingcomputer.com/news/security/insurance-admin-landmark-says-data-breach-impacts-800-000-people/","Source"
"Finance and Insurance::Patelco","Incident","https://www.bleepingcomputer.com/news/security/fbi-ransomhub-ransomware-breached-210-victims-since-february/","Source"
"Finance and Insurance::Patelco Credit Union","Incident","https://www.bleepingcomputer.com/news/security/fbi-ransomhub-ransomware-breached-210-victims-since-february/","Source"
"Finance and Insurance::Affirm","Incident","https://www.bleepingcomputer.com/news/security/affirm-says-cardholders-impacted-by-evolve-bank-data-breach/","Source"
"Finance and Insurance::Infosys McCamish Systems (IMS)","Incident","https://www.bleepingcomputer.com/news/security/infosys-mccamish-says-lockbit-stole-data-of-6-million-people/","Source"
"Finance and Insurance::Equilend Holdings","Incident","https://www.bleepingcomputer.com/news/security/equilend-warns-employees-their-data-was-stolen-by-ransomware-gang/","Source"
"Finance and Insurance::loanDepot","Incident","https://www.bleepingcomputer.com/news/security/alphv-ransomware-claims-loandepot-prudential-financial-breaches/","Source"
"Finance and Insurance::Tipalti","Incident","https://www.bleepingcomputer.com/news/security/the-week-in-ransomware-december-15th-2023-ransomware-drama/","Source"
"Finance and Insurance::Toyota Financial Services","Incident","https://www.bleepingcomputer.com/news/security/toyota-warns-customers-of-data-breach-exposing-personal-financial-info/","Source"
"Finance and Insurance::Industrial and Commercial Bank of China (ICBC)","Incident","https://www.bleepingcomputer.com/news/security/lockbit-ransomware-exploits-citrix-bleed-in-attacks-10k-servers-exposed/","Source"
"Finance and Insurance::Industrial Commercial Bank of China (ICBC)","Incident","https://www.bleepingcomputer.com/news/security/worlds-largest-commercial-bank-icbc-confirms-ransomware-attack/","Source"
"Finance and Insurance::American Family Insurance","Incident","https://www.bleepingcomputer.com/news/security/the-week-in-ransomware-october-27th-2023-breaking-records/","Source"
"Finance and Insurance::PBI Research Services","Incident","https://www.bleepingcomputer.com/news/security/moveit-breach-impacts-genworth-calpers-as-data-for-32-million-exposed/","Source"
"Finance and Insurance::Hatch Bank","Incident","https://www.bleepingcomputer.com/news/security/hatch-bank-discloses-data-breach-after-goanywhere-mft-hack/","Source"
"Finance and Insurance::ION Group","Incident","https://www.bleepingcomputer.com/news/security/ransomware-attack-on-ion-group-impacts-derivatives-trading-market/","Source"
"Finance and Insurance::Bank of Zambia","Incident","https://www.bleepingcomputer.com/news/security/national-bank-hit-by-ransomware-trolls-hackers-with-dick-pics/","Source"
"Healthcare and Social Assistance::Change Healthcare (subsidiary of UnitedHealth Group/Optum)","Incident","https://www.sec.gov/Archives/edgar/data/731766/000073176624000146/a2024q1exhibit991.htm","Source"
"Healthcare and Social Assistance::Change Healthcare (subsidiary of UnitedHealth Group/Optum)","Incident","https://www.sec.gov/Archives/edgar/data/731766/000073176624000242/a2024q2exhibit991.htm","Source"
"Healthcare and Social Assistance::Change Healthcare (subsidiary of UnitedHealth Group/Optum)","Incident","https://www.bankinfosecurity.com/change-healthcare-attack-cost-estimate-reaches-nearly-29b-a-26541","Source"
"Healthcare and Social Assistance::Change Healthcare (subsidiary of UnitedHealth Group/Optum)","Incident","https://prowritersins.com/cyber-insurance-blog/united-healthcare-ransomware-payment/","Source"
"Healthcare and Social Assistance::Change Healthcare (subsidiary of UnitedHealth Group/Optum)","Incident","https://hyperproof.io/resource/understanding-the-change-healthcare-breach/","Source"
"Healthcare and Social Assistance::Universal Health Services (UHS) — ~400 US hospitals/care sites","Incident","https://www.bleepingcomputer.com/news/security/universal-health-services-lost-67-million-due-to-ryuk-ransomware-attack/","Source"
"Healthcare and Social Assistance::Universal Health Services (UHS) — ~400 US hospitals/care sites","Incident","https://www.cybersecuritydive.com/news/uhs-ryuk-ransomware-damage-cost/595946/","Source"
"Healthcare and Social Assistance::Universal Health Services (UHS) — ~400 US hospitals/care sites","Incident","https://www.techtarget.com/healthtechsecurity/news/366595382/UHS-Ransomware-Attack-Cost-67M-in-Lost-Revenue-Recovery-Efforts","Source"
"Healthcare and Social Assistance::Universal Health Services (UHS) — ~400 US hospitals/care sites","Incident","https://www.hipaajournal.com/universal-health-services-ransomware-attack-cost/","Source"
"Healthcare and Social Assistance::Health Service Executive (HSE) — Ireland's national public health system","Incident","https://krebsonsecurity.com/2021/12/inside-irelands-public-healthcare-ransomware-scare/","Source"
"Healthcare and Social Assistance::Health Service Executive (HSE) — Ireland's national public health system","Incident","https://www.bankinfosecurity.com/irish-ransomware-attack-recovery-cost-estimate-600-million-a-16931","Source"
"Healthcare and Social Assistance::Health Service Executive (HSE) — Ireland's national public health system","Incident","https://www.cpomagazine.com/cyber-security/irish-healthcare-system-requires-more-than-100-million-to-recover-from-the-conti-ransomware-attack/","Source"
"Healthcare and Social Assistance::Health Service Executive (HSE) — Ireland's national public health system","Incident","https://www.controleng.com/throwback-attack/ireland-ransomware-attack-costs-hse-83-million/","Source"
"Healthcare and Social Assistance::Health Service Executive (HSE) — Ireland's national public health system","Incident","https://www.bitdefender.com/en-us/blog/hotforsecurity/four-years-later-irish-health-service-offers-eu750-to-victims-of-ransomware-attack","Source"
"Healthcare and Social Assistance::Health Service Executive (HSE) — Ireland's national public health system","Incident","https://www.hhs.gov/sites/default/files/lessons-learned-hse-attack.pdf","Source"
"Healthcare and Social Assistance::CommonSpirit Health — ~140+ hospitals across ~13 US states","Incident","https://www.cshub.com/attacks/news/commonspirit-health-reports-that-ransomware-attack-cost-160-million","Source"
"Healthcare and Social Assistance::CommonSpirit Health — ~140+ hospitals across ~13 US states","Incident","https://www.hipaajournal.com/commonspirit-health-increases-ransomware-attack-cost-estimate-to-160-million/","Source"
"Healthcare and Social Assistance::CommonSpirit Health — ~140+ hospitals across ~13 US states","Incident","https://www.healthcare-brew.com/stories/2023/05/25/commonspirit-reports-usd160-million-loss-from-last-year-s-ransomware-attack","Source"
"Healthcare and Social Assistance::CommonSpirit Health — ~140+ hospitals across ~13 US states","Incident","https://www.beckershospitalreview.com/healthcare-information-technology/cybersecurity/the-commonspirit-ransomware-attack-1-year-later/","Source"
"Healthcare and Social Assistance::Lehigh Valley Health Network (LVHN)","Incident","https://www.hipaajournal.com/lehigh-valley-health-network-blackcat-settlement/","Source"
"Healthcare and Social Assistance::Lehigh Valley Health Network (LVHN)","Incident","https://therecord.media/lehigh-valley-health-network-data-breach-settlement","Source"
"Healthcare and Social Assistance::Lehigh Valley Health Network (LVHN)","Incident","https://www.fiercehealthcare.com/providers/lehigh-valley-health-network-agrees-65m-settlement-over-ransomware-attack-leaked-nude","Source"
"Healthcare and Social Assistance::Lehigh Valley Health Network (LVHN)","Incident","https://whyy.org/articles/lehigh-valley-health-data-breach-settlement/","Source"
"Healthcare and Social Assistance::Medibank Private (major Australian health insurer)","Incident","https://techcrunch.com/2022/11/08/ransomware-medibank-australia-health-data/","Source"
"Healthcare and Social Assistance::Medibank Private (major Australian health insurer)","Incident","https://www.insurancejournal.com/news/international/2022/11/14/694867.htm","Source"
"Healthcare and Social Assistance::Medibank Private (major Australian health insurer)","Incident","https://www.minister.defence.gov.au/media-releases/2025-02-12/further-cyber-sanctions-response-medibank-private-cyberattack","Source"
"Healthcare and Social Assistance::Medibank Private (major Australian health insurer)","Incident","https://heimdalsecurity.com/blog/australian-insurer-medibank-confirms-ransomware-attack/","Source"
"Healthcare and Social Assistance::Synnovis (pathology/blood-testing partner for NHS trusts in London)","Incident","https://www.hipaajournal.com/care-disrupted-at-london-hospitals-due-to-ransomware-attack-on-pathology-vendor/","Source"
"Healthcare and Social Assistance::Synnovis (pathology/blood-testing partner for NHS trusts in London)","Incident","https://therecord.media/ransomware-nhs-cyberattack-disruption","Source"
"Healthcare and Social Assistance::Synnovis (pathology/blood-testing partner for NHS trusts in London)","Incident","https://www.england.nhs.uk/synnovis-cyber-incident/","Source"
"Healthcare and Social Assistance::Synnovis (pathology/blood-testing partner for NHS trusts in London)","Incident","https://insight.scmagazineuk.com/synnovis-2024-attack-contributing-factor-in-patient-death","Source"
"Healthcare and Social Assistance::Synnovis (pathology/blood-testing partner for NHS trusts in London)","Incident","https://www.infosecurity-magazine.com/news/synnovis-breach-notification-2024/","Source"
"Healthcare and Social Assistance::Enzo Biochem, Inc.","Incident","https://www.sec.gov/Archives/edgar/data/316253/000121390023029594/ea176929-8k_enzo.htm","Source"
"Healthcare and Social Assistance::Omnicell, Inc.","Incident","https://www.sec.gov/Archives/edgar/data/926326/000092632623000027/exhibit991q2-23.htm","Source"
"Healthcare and Social Assistance::Akumin Inc.","Incident","https://www.sec.gov/Archives/edgar/data/1776197/000177619723000028/aku-20231102.htm","Source"
"Healthcare and Social Assistance::Akumin Inc.","Incident","https://akumin.com/service-updates/","Source"
"Healthcare and Social Assistance::DaVita Inc.","Incident","https://www.sec.gov/Archives/edgar/data/927066/000119312525079593/d948299d8k.htm","Source"
"Healthcare and Social Assistance::TELA Bio, Inc.","Incident","https://www.sec.gov/Archives/edgar/data/1561921/000110465924088353/tm2421368d1_ex99-1.htm","Source"
"Healthcare and Social Assistance::Stryker","Incident","https://www.sec.gov/Archives/edgar/data/310764/000119312526118634/d94012dex992.htm","Source"
"Healthcare and Social Assistance::Allied Healthcare Products, Inc.","Incident","https://www.sec.gov/Archives/edgar/data/874710/000110465923033243/tm239758d1_ex99-2.htm","Source"
"Healthcare and Social Assistance::Change Healthcare Solutions LLC","Incident","https://www.sec.gov/Archives/edgar/data/1735948/000110465924061255/tm2414236d1_ex99-1.htm","Source"
"Healthcare and Social Assistance::Medical Computer Business Services (MCBS)","Incident","https://www.bleepingcomputer.com/news/security/data-breach-at-medical-billing-firm-mcbs-affects-126-million-people/","Source"
"Healthcare and Social Assistance::McKesson","Incident","https://www.bleepingcomputer.com/news/security/mckesson-discloses-breach-after-shinyhunters-claims-patient-data-theft/","Source"
"Healthcare and Social Assistance::ChipSoft","Incident","https://www.bleepingcomputer.com/news/security/healthcare-it-solutions-provider-chipsoft-hit-by-ransomware-attack/","Source"
"Healthcare and Social Assistance::University of Mississippi Medical Center","Incident","https://www.bleepingcomputer.com/news/security/evolution-of-ransomware-multi-extortion-ransomware-attacks/","Source"
"Healthcare and Social Assistance::Covenant Health","Incident","https://www.bleepingcomputer.com/news/security/covenant-health-says-may-data-breach-impacted-nearly-478-000-patients/","Source"
"Healthcare and Social Assistance::medical billing services company, ski resort, school district, health clinic","Incident","https://www.bleepingcomputer.com/news/security/us-indicts-black-kingdom-ransomware-admin-for-microsoft-exchange-attacks/","Source"
"Healthcare and Social Assistance::Frederick Health Medical Group","Incident","https://www.bleepingcomputer.com/news/security/frederick-health-data-breach-impacts-nearly-1-million-patients/","Source"
"Healthcare and Social Assistance::STIIIZY","Incident","https://www.bleepingcomputer.com/news/security/everest-ransomwares-dark-web-leak-site-defaced-now-offline/","Source"
"Healthcare and Social Assistance::Fred Hutch Cancer Center","Incident","https://www.bleepingcomputer.com/news/security/hunters-international-rebrands-as-world-leaks-in-shift-to-data-extortion/","Source"
"Healthcare and Social Assistance::Advanced Computer Software Group Ltd","Incident","https://www.bleepingcomputer.com/news/security/uk-fines-software-provider-307-million-for-2022-ransomware-breach/","Source"
"Healthcare and Social Assistance::BayMark Health Services","Incident","https://www.bleepingcomputer.com/news/security/ransomhub-ransomware-uses-new-betruger-multi-function-backdoor/","Source"
"Healthcare and Social Assistance::Minneapolis Public Schools","Incident","https://www.bleepingcomputer.com/news/security/cisa-medusa-ransomware-hit-over-300-critical-infrastructure-orgs/","Source"
"Healthcare and Social Assistance::Genea","Incident","https://www.bleepingcomputer.com/news/security/australian-ivf-giant-genea-breached-by-termite-ransomware-gang/","Source"
"Healthcare and Social Assistance::New York Blood Center","Incident","https://www.bleepingcomputer.com/news/security/ransomware-attack-disrupts-new-york-blood-donation-giant/","Source"
"Healthcare and Social Assistance::UnitedHealth Group","Incident","https://www.bleepingcomputer.com/news/security/unitedhealth-now-says-190-million-impacted-by-2024-data-breach/","Source"
"Healthcare and Social Assistance::OneBlood","Incident","https://www.bleepingcomputer.com/news/security/oneblood-confirms-personal-data-stolen-in-july-ransomware-attack/","Source"
"Healthcare and Social Assistance::Rhode Island's RIBridges social services platform","Incident","https://www.bleepingcomputer.com/news/security/ransomware-gang-leaks-data-stolen-in-rhode-islands-ribridges-breach/","Source"
"Healthcare and Social Assistance::Ascension","Incident","https://www.bleepingcomputer.com/news/security/ascension-health-data-of-56-million-stolen-in-ransomware-attack/","Source"
"Healthcare and Social Assistance::Artivion","Incident","https://www.bleepingcomputer.com/news/security/ransomware-attack-hits-leading-heart-surgery-device-maker/","Source"
"Healthcare and Social Assistance::Anna Jaques Hospital","Incident","https://www.bleepingcomputer.com/news/security/anna-jaques-hospital-ransomware-breach-exposed-data-of-300k-patients/","Source"
"Healthcare and Social Assistance::Boston Children's Health Physicians","Incident","https://www.bleepingcomputer.com/news/security/cisa-says-bianlian-ransomware-now-focuses-only-on-data-theft/","Source"
"Healthcare and Social Assistance::various public and private entities","Incident","https://www.bleepingcomputer.com/news/security/us-charges-phobos-ransomware-admin-after-south-korea-extradition/","Source"
"Healthcare and Social Assistance::Henry Schein","Incident","https://www.bleepingcomputer.com/news/security/henry-schein-discloses-data-breach-a-year-after-ransomware-attack/","Source"
"Healthcare and Social Assistance::major London hospitals","Incident","https://www.bleepingcomputer.com/news/security/new-qilin-ransomware-encryptor-features-stronger-encryption-evasion/","Source"
"Healthcare and Social Assistance::UMC Health System","Incident","https://www.bleepingcomputer.com/news/security/ransomware-attack-forces-umc-health-system-to-divert-some-patients/","Source"
"Healthcare and Social Assistance::Centers for Medicare Medicaid Services (CMS)","Incident","https://www.bleepingcomputer.com/news/healthcare/us-govt-agency-cms-says-data-breach-impacted-31-million-people/","Source"
"Healthcare and Social Assistance::Planned Parenthood","Incident","https://www.bleepingcomputer.com/news/security/planned-parenthood-confirms-cyberattack-as-ransomhub-claims-breach/","Source"
"Healthcare and Social Assistance::Kootenai Health","Incident","https://www.bleepingcomputer.com/news/security/3am-ransomware-stole-data-of-464-000-kootenai-health-patients/","Source"
"Healthcare and Social Assistance::McLaren Health Care","Incident","https://www.bleepingcomputer.com/news/security/mclaren-hospitals-disruption-linked-to-inc-ransomware-attack/","Source"
"Healthcare and Social Assistance::Cencora","Incident","https://www.bleepingcomputer.com/news/security/dark-angels-ransomware-receives-record-breaking-75-million-ransom/","Source"
"Healthcare and Social Assistance::MediSecure","Incident","https://www.bleepingcomputer.com/news/security/medisecure-ransomware-gang-stole-data-of-129-million-people/","Source"
"Healthcare and Social Assistance::Synnovis","Incident","https://www.bleepingcomputer.com/news/security/microsoft-links-scattered-spider-hackers-to-qilin-ransomware-attacks/","Source"
"Healthcare and Social Assistance::All India Institute Of Medical Sciences (AIIMS)","Incident","https://www.bleepingcomputer.com/news/security/chinese-cyberspies-employ-ransomware-in-attacks-for-diversion/","Source"
"Healthcare and Social Assistance::Change Healthcare","Incident","https://www.bleepingcomputer.com/news/security/change-healthcare-lists-the-medical-data-stolen-in-ransomware-attack/","Source"
"Healthcare and Social Assistance::Singing River Health System","Incident","https://www.bleepingcomputer.com/news/security/singing-river-health-system-data-of-895-000-stolen-in-ransomware-attack/","Source"
"Healthcare and Social Assistance::Hôpital de Cannes - Simone Veil (CHC-SV)","Incident","https://www.bleepingcomputer.com/news/security/french-hospital-chc-sv-refuses-to-pay-lockbit-extortion-demand/","Source"
"Healthcare and Social Assistance::Synlab Italia","Incident","https://www.bleepingcomputer.com/news/security/synlab-italia-suspends-operations-following-ransomware-attack/","Source"
"Healthcare and Social Assistance::Group Health Cooperative of South Central Wisconsin (GHC-SCW)","Incident","https://www.bleepingcomputer.com/news/security/ghc-scw-ransomware-gang-stole-health-data-of-533-000-people/","Source"
"Healthcare and Social Assistance::NHS Dumfries and Galloway","Incident","https://www.bleepingcomputer.com/news/security/inc-ransom-threatens-to-leak-3tb-of-nhs-scotland-stolen-data/","Source"
"Healthcare and Social Assistance::Optum","Incident","https://www.bleepingcomputer.com/news/security/blackcat-ransomware-turns-off-servers-amid-claim-they-stole-22-million-ransom/","Source"
"Healthcare and Social Assistance::Lurie Children's Hospital","Incident","https://www.bleepingcomputer.com/news/security/rhysida-ransomware-wants-36-million-for-childrens-stolen-data/","Source"
"Healthcare and Social Assistance::UnitedHealth Group subsidiary Optum","Incident","https://www.bleepingcomputer.com/news/security/fbi-cisa-warn-us-hospitals-of-targeted-blackcat-ransomware-attacks/","Source"
"Healthcare and Social Assistance::Capital Health","Incident","https://www.bleepingcomputer.com/news/security/capital-health-attack-claimed-by-lockbit-ransomware-risk-of-data-leak/","Source"
"Healthcare and Social Assistance::Carthage Area Hospital and Claxton-Hepburn Medical Center","Incident","https://www.bleepingcomputer.com/news/security/the-week-in-ransomware-december-29th-2023-lockbit-targets-hospitals/","Source"
"Healthcare and Social Assistance::Katholische Hospitalvereinigung Ostwestfalen (KHO)","Incident","https://www.bleepingcomputer.com/news/security/lockbit-ransomware-disrupts-emergency-care-at-german-hospitals/","Source"
"Healthcare and Social Assistance::Integris Health","Incident","https://www.bleepingcomputer.com/news/security/integris-health-patients-get-extortion-emails-after-cyberattack/","Source"
"Healthcare and Social Assistance::ESO Solutions","Incident","https://www.bleepingcomputer.com/news/security/healthcare-software-provider-data-breach-impacts-27-million/","Source"
"Healthcare and Social Assistance::Fred Hutchinson Cancer Center","Incident","https://www.bleepingcomputer.com/news/security/ransomware-gang-behind-threats-to-fred-hutch-cancer-patients/","Source"
"Healthcare and Social Assistance::Norton Healthcare","Incident","https://www.bleepingcomputer.com/news/security/norton-healthcare-discloses-data-breach-after-may-ransomware-attack/","Source"
"Healthcare and Social Assistance::Ardent Health Services","Incident","https://www.bleepingcomputer.com/news/security/ardent-hospital-ers-disrupted-in-6-states-after-ransomware-attack/","Source"
"Healthcare and Social Assistance::Welltok","Incident","https://www.bleepingcomputer.com/news/security/welltok-data-breach-exposes-data-of-85-million-us-patients/","Source"
"Healthcare and Social Assistance::MCNA Dental","Incident","https://www.bleepingcomputer.com/news/security/the-rise-of-ransomware-in-healthcare-what-it-leaders-need-to-know/","Source"
"Healthcare and Social Assistance::TransForm Shared Service Organization","Incident","https://www.bleepingcomputer.com/news/security/transform-says-ransomware-data-breach-affects-267-000-patients/","Source"
"Healthcare and Social Assistance::Better Outcomes Registry Network (BORN)","Incident","https://www.bleepingcomputer.com/news/security/born-ontario-child-registry-data-breach-affects-34-million-people/","Source"
"Healthcare and Social Assistance::Mayanei Hayeshua hospital","Incident","https://www.bleepingcomputer.com/news/security/the-week-in-ransomware-september-8th-2023-conti-indictments/","Source"
"Healthcare and Social Assistance::Mom's Meals (PurFoods)","Incident","https://www.bleepingcomputer.com/news/security/moms-meals-discloses-data-breach-impacting-12-million-people/","Source"
"Healthcare and Social Assistance::Prospect Medical Holdings","Incident","https://www.bleepingcomputer.com/news/security/rhysida-claims-ransomware-attack-on-prospect-medical-threatens-to-sell-data/","Source"
"Healthcare and Social Assistance::Prospect Medical Holdings","Incident","https://www.bleepingcomputer.com/news/security/the-week-in-ransomware-august-11th-2023-targeting-healthcare/","Source"
"Healthcare and Social Assistance::Comprehensive Medical Care Program (PAMI)","Incident","https://www.bleepingcomputer.com/news/security/the-week-in-ransomware-august-4th-2023-targeting-vmware-esxi/","Source"
"Healthcare and Social Assistance::Eisai","Incident","https://www.bleepingcomputer.com/news/security/the-week-in-ransomware-june-9th-2023-its-clop-again/","Source"
"Healthcare and Social Assistance::Harvard Pilgrim Health Care","Incident","https://www.bleepingcomputer.com/news/security/the-week-in-ransomware-june-2nd-2023-whodunit/","Source"
"Healthcare and Social Assistance::Managed Care of North America (MCNA) Dental","Incident","https://www.bleepingcomputer.com/news/security/mcna-dental-data-breach-impacts-89-million-people-after-ransomware-attack/","Source"
"Healthcare and Social Assistance::nonprofit behavioral healthcare organization","Incident","https://www.bleepingcomputer.com/news/security/russian-ransomware-affiliate-charged-with-attacks-on-critical-infrastructure/","Source"
"Healthcare and Social Assistance::PharMerica","Incident","https://www.bleepingcomputer.com/news/security/ransomware-gang-steals-data-of-58-million-pharmerica-patients/","Source"
"Healthcare and Social Assistance::Brightline","Incident","https://www.bleepingcomputer.com/news/security/brightline-data-breach-impacts-783k-pediatric-mental-health-patients/","Source"
"Healthcare and Social Assistance::Hospital Cl nic de Barcelona","Incident","https://www.bleepingcomputer.com/news/security/the-week-in-ransomware-march-10th-2023-police-take-action/","Source"
"Healthcare and Social Assistance::Regal Medical Group, Lakeside Medical Organization, ADOC Medical Group, Greater Covina Medical","Incident","https://www.bleepingcomputer.com/news/security/california-medical-group-data-breach-impacts-33-million-patients/","Source"
"Healthcare and Social Assistance::Regal Medical Group","Incident","https://www.bleepingcomputer.com/news/security/california-medical-group-data-breach-impacts-33-million-patients/","Source"
"Healthcare and Social Assistance::AmerisourceBergen","Incident","https://www.bleepingcomputer.com/news/security/drug-distributor-amerisourcebergen-confirms-security-breach/","Source"
"Healthcare and Social Assistance::Tallahassee Memorial HealthCare (TMH)","Incident","https://www.bleepingcomputer.com/news/security/the-week-in-ransomware-february-3rd-2023-ending-with-a-mess/","Source"
"Healthcare and Social Assistance::SickKids children's hospital","Incident","https://www.bleepingcomputer.com/news/security/the-week-in-ransomware-january-6th-2023-targeting-healthcare/","Source"
"Healthcare and Social Assistance::Hospital for Sick Children (SickKids)","Incident","https://www.bleepingcomputer.com/news/security/ransomware-gang-apologizes-gives-sickkids-hospital-free-decryptor/","Source"
"Healthcare and Social Assistance::Lake Charles Memorial Health System","Incident","https://www.bleepingcomputer.com/news/security/ransomware-attack-at-louisiana-hospital-impacts-270-000-patients/","Source"
"Healthcare and Social Assistance::Andr-Mignot teaching hospital","Incident","https://www.bleepingcomputer.com/news/security/the-week-in-ransomware-december-9th-2022-wide-impact/","Source"
"Healthcare and Social Assistance::CommonSpirit Health","Incident","https://www.bleepingcomputer.com/news/security/commonspirit-health-ransomware-attack-exposed-data-of-623-000-patients/","Source"
"Healthcare and Social Assistance::Keralty","Incident","https://www.bleepingcomputer.com/news/security/the-week-in-ransomware-december-2nd-2022-disrupting-health-care/","Source"
"Healthcare and Social Assistance::Medibank","Incident","https://www.bleepingcomputer.com/news/security/medibank-warns-customers-their-data-was-leaked-by-ransomware-gang/","Source"
"Healthcare and Social Assistance::Medibank","Incident","https://www.medibank.com.au","Source"
"Healthcare and Social Assistance::Medibank","Incident","https://www.afp.gov.au","Source"
"Healthcare and Social Assistance::Medibank Private Limited","Incident","https://www.bleepingcomputer.com/news/security/ransomware-gang-threatens-to-release-stolen-medibank-data/","Source"
"Healthcare and Social Assistance::Australian Clinical Labs","Incident","https://www.bleepingcomputer.com/news/security/australian-clinical-labs-says-patient-data-stolen-in-ransomware-attack/","Source"
"Healthcare and Social Assistance::CommonSpirit","Incident","https://www.bleepingcomputer.com/news/security/the-week-in-ransomware-october-14th-2022-bitcoin-trickery/","Source"
"Healthcare and Social Assistance::Consorci Sanitari Integral (CSI)","Incident","https://www.bleepingcomputer.com/news/security/the-week-in-ransomware-october-7th-2022-a-20-year-sentence/","Source"
"Healthcare and Social Assistance::Consorci Sanitari Integral","Incident","https://www.bleepingcomputer.com/news/security/the-week-in-ransomware-october-7th-2022-a-20-year-sentence/","Source"
"Healthcare and Social Assistance::Empress EMS","Incident","https://www.bleepingcomputer.com/news/security/the-week-in-ransomware-september-23rd-2022-lockbit-leak/","Source"
"Healthcare and Social Assistance::Center Hospitalier Sud Francilien (CHSF)","Incident","https://www.bleepingcomputer.com/news/security/french-hospital-hit-by-10m-ransomware-attack-sends-patients-elsewhere/","Source"
"Healthcare and Social Assistance::Advanced (Managed Service Provider for NHS)","Incident","https://www.bleepingcomputer.com/news/security/uk-nhs-service-recovery-may-take-a-month-after-msp-ransomware-attack/","Source"
"Healthcare and Social Assistance::Kansas hospital and other American health care providers","Incident","https://www.bleepingcomputer.com/news/security/fbi-recovers-500-000-healthcare-orgs-paid-to-maui-ransomware/","Source"
"Healthcare and Social Assistance::Professional Finance Company Inc. (PFC)","Incident","https://www.bleepingcomputer.com/news/security/the-week-in-ransomware-july-8th-2022-one-down-many-to-go/","Source"
"Healthcare and Social Assistance::Moises Luis Zagala Gonzalez","Incident","https://www.bleepingcomputer.com/news/security/us-links-thanos-and-jigsaw-ransomware-to-55-year-old-doctor/","Source"
"Healthcare and Social Assistance::Ireland's Health Service Executive (HSE)","Incident","https://www.bleepingcomputer.com/news/security/us-offers-15-million-reward-for-info-on-conti-ransomware-gang/","Source"
"Information Technology::Kaseya (VSA platform)","Incident","https://en.wikipedia.org/wiki/Kaseya_VSA_ransomware_attack","Source"
"Information Technology::Kaseya (VSA platform)","Incident","https://www.cisa.gov/news-events/alerts/2021/07/04/cisa-fbi-guidance-msps-and-their-customers-affected-kaseya-vsa-supply-chain-ransomware-attack","Source"
"Information Technology::Kaseya (VSA platform)","Incident","https://www.csoonline.com/article/571081/the-kaseya-ransomware-attack-a-timeline.html","Source"
"Information Technology::Progress Software (MOVEit Transfer)","Incident","https://en.wikipedia.org/wiki/2023_MOVEit_data_breach","Source"
"Information Technology::Progress Software (MOVEit Transfer)","Incident","https://www.emsisoft.com/en/blog/44123/unpacking-the-moveit-breach-statistics-and-analysis/","Source"
"Information Technology::Progress Software (MOVEit Transfer)","Incident","https://techcrunch.com/2023/08/25/moveit-mass-hack-by-the-numbers/","Source"
"Information Technology::Progress Software (MOVEit Transfer)","Incident","https://www.cybersecuritydive.com/news/progress-software-moveit-meltdown/703659/","Source"
"Information Technology::CDK Global","Incident","https://cyberscoop.com/cdk-ransom-blacksuit-25-million/","Source"
"Information Technology::CDK Global","Incident","https://www.techtarget.com/whatis/feature/The-CDK-Global-outage-Explaining-how-it-happened","Source"
"Information Technology::CDK Global","Incident","https://www.blackfog.com/cdk-global-ransomware-attack/","Source"
"Information Technology::Ingram Micro","Incident","https://www.bleepingcomputer.com/news/security/ingram-micro-outage-caused-by-safepay-ransomware-attack/","Source"
"Information Technology::Ingram Micro","Incident","https://www.darkreading.com/cyberattacks-data-breaches/ransomware-attack-outage-ingram-micro","Source"
"Information Technology::Ingram Micro","Incident","https://www.webpronews.com/ingram-micro-ransomware-attack-by-safepay-exposes-42000-employee-records/","Source"
"Information Technology::Quanta Computer (Apple supplier)","Incident","https://www.techrepublic.com/article/apple-supplier-quanta-hit-with-50-million-ransomware-attack-from-revil/","Source"
"Information Technology::Quanta Computer (Apple supplier)","Incident","https://www.forbes.com/sites/daveywinder/2021/04/23/ransomware-gang-demands-50-million-for-apple-watch-and-macbook-pro-blueprints/","Source"
"Information Technology::Quanta Computer (Apple supplier)","Incident","https://www.cnbc.com/2021/04/23/axis-of-revil-inside-the-hacker-collective-taunting-apple.html","Source"
"Information Technology::Software AG","Incident","https://www.bleepingcomputer.com/news/security/software-ag-it-giant-hit-with-23-million-ransom-by-clop-ransomware/","Source"
"Information Technology::Software AG","Incident","https://threatpost.com/software-ag-data-clop-ransomware/160042/","Source"
"Information Technology::Software AG","Incident","https://www.infosecurity-magazine.com/news/software-ag-datastealing/","Source"
"Information Technology::Tata Technologies","Incident","https://www.bleepingcomputer.com/news/security/hunters-international-ransomware-claims-attack-on-tata-technologies/","Source"
"Information Technology::Tata Technologies","Incident","https://techcrunch.com/2025/03/11/tata-technologies-data-leaked-by-ransomware-gang/","Source"
"Information Technology::Tata Technologies","Incident","https://securityaffairs.com/174953/data-breach/ransomware-group-hunters-international-claims-to-have-hacked-tata-technologies.html","Source"
"Information Technology::Tata Technologies","Incident","https://www.bleepingcomputer.com/news/security/indian-tech-giant-tata-technologies-hit-by-ransomware-attack/","Source"
"Information Technology::QuickLogic Corporation","Incident","https://www.sec.gov/Archives/edgar/data/882508/000143774923006511/ex_488676.htm","Source"
"Information Technology::NCR Corporation","Incident","https://www.sec.gov/Archives/edgar/data/70866/000119312523103016/d472247d8k.htm","Source"
"Information Technology::NCR Corporation","Incident","https://www.sec.gov","Source"
"Information Technology::Dish Network","Incident","https://www.bleepingcomputer.com/news/security/dish-network-likely-paid-ransom-after-recent-ransomware-attack/","Source"
"Information Technology::Dish Network","Incident","https://www.sec.gov/Archives/edgar/data/1001082/000155837023002254/dish-20230223x8k.htm","Source"
"Information Technology::NCR Voyix Corporation","Incident","https://www.sec.gov/Archives/edgar/data/70866/000007086624000023/exhibit992-q12024callsli.htm","Source"
"Information Technology::AFG Companies, Inc.","Incident","https://www.sec.gov/Archives/edgar/data/1838163/000149315225002670/ex99-1.htm","Source"
"Information Technology::Rackspace Technology","Incident","https://www.sec.gov/Archives/edgar/data/1810019/000181001924000029/rxtlenderpresentationcle.htm","Source"
"Information Technology::Rackspace Technology","Incident","https://www.bleepingcomputer.com/news/security/new-play-ransomware-linux-version-targets-vmware-esxi-vms/","Source"
"Information Technology::Ingram Micro Holding Corporation","Incident","https://www.sec.gov/Archives/edgar/data/1897762/000162828025034372/pressrelease-cybersecurity.htm","Source"
"Information Technology::Data I/O Corporation","Incident","https://www.sec.gov/Archives/edgar/data/351998/000165495425010613/daio_ex990.htm","Source"
"Information Technology::Trio-Tech International","Incident","https://www.sec.gov/Archives/edgar/data/732026/000143774926009193/trt20260320_8k.htm","Source"
"Information Technology::Brand Engagement Network Inc.","Incident","https://www.sec.gov/Archives/edgar/data/1838163/000149315225002670/form8-k.htm","Source"
"Information Technology::SonicWall","Incident","https://www.bleepingcomputer.com/news/security/cisa-sonicwall-sma1000-flaws-now-exploited-by-ransomware-gangs/","Source"
"Information Technology::Palo Alto Networks","Incident","https://www.bleepingcomputer.com/news/security/critical-globalprotect-vpn-bug-now-exploited-in-ransomware-attacks/","Source"
"Information Technology::Langflow","Incident","https://www.bleepingcomputer.com/news/security/jadepuffer-agentic-attacks-now-target-ai-model-data-with-ransomware/","Source"
"Information Technology::Trellix","Incident","https://www.bleepingcomputer.com/news/security/trellix-source-code-breach-claimed-by-ransomhouse-hackers/","Source"
"Information Technology::cPanel users","Incident","https://www.bleepingcomputer.com/news/security/critrical-cpanel-flaw-mass-exploited-in-sorry-ransomware-attacks/","Source"
"Information Technology::Cisco","Incident","https://www.bleepingcomputer.com/news/security/interlock-ransomware-exploited-secure-fmc-flaw-in-zero-day-attacks-since-january/","Source"
"Information Technology::DigitalMint","Incident","https://www.bleepingcomputer.com/news/security/us-charges-another-ransomware-negotiator-linked-to-blackcat-attacks/","Source"
"Information Technology::Marquis Software Solutions","Incident","https://www.bleepingcomputer.com/news/security/marquis-sues-sonicwall-over-backup-breach-that-led-to-ransomware-attack/","Source"
"Information Technology::Advantest Corporation","Incident","https://www.bleepingcomputer.com/news/security/japanese-tech-giant-advantest-hit-by-ransomware-attack/","Source"
"Information Technology::SmarterTools","Incident","https://www.bleepingcomputer.com/news/security/hackers-breach-smartertools-network-using-flaw-in-its-own-software/","Source"
"Information Technology::Hitachi Vantara","Incident","https://www.bleepingcomputer.com/news/security/hitachi-vantara-takes-servers-offline-after-akira-ransomware-attack/","Source"
"Information Technology::Microsoft","Incident","https://www.bleepingcomputer.com/news/security/vscode-extensions-found-downloading-early-stage-ransomware/","Source"
"Information Technology::Forescout","Incident","https://www.bleepingcomputer.com/news/security/new-superblack-ransomware-exploits-fortinet-auth-bypass-flaws/","Source"
"Information Technology::Lee Enterprises","Incident","https://www.bleepingcomputer.com/news/security/qilin-ransomware-claims-attack-at-lee-enterprises-leaks-stolen-data/","Source"
"Information Technology::Atos","Incident","https://www.bleepingcomputer.com/news/security/french-govt-contractor-atos-denies-space-bears-ransomware-attack-claims/","Source"
"Information Technology::Snowflake","Incident","https://www.bleepingcomputer.com/news/security/the-biggest-cybersecurity-and-cyberattack-stories-of-2024/","Source"
"Information Technology::Cleo","Incident","https://www.bleepingcomputer.com/news/security/clop-ransomware-claims-responsibility-for-cleo-data-theft-attacks/","Source"
"Information Technology::Blue Yonder","Incident","https://www.bleepingcomputer.com/news/security/blue-yonder-saas-giant-breached-by-termite-ransomware-gang/","Source"
"Information Technology::Zyxel Europe","Incident","https://www.bleepingcomputer.com/news/security/helldown-ransomware-exploits-zyxel-vpn-flaw-to-breach-networks/","Source"
"Information Technology::Veeam","Incident","https://www.bleepingcomputer.com/news/security/critical-veeam-rce-bug-now-used-in-frag-ransomware-attacks/","Source"
"Information Technology::Young Consulting (now Connexure)","Incident","https://www.bleepingcomputer.com/news/security/blacksuit-ransomware-stole-data-of-950-000-from-software-vendor/","Source"
"Information Technology::Young Consulting (Connexure)","Incident","https://www.bleepingcomputer.com/news/security/blacksuit-ransomware-stole-data-of-950-000-from-software-vendor/","Source"
"Information Technology::AnyDesk users","Incident","https://www.bleepingcomputer.com/news/security/new-mad-liberator-gang-uses-fake-windows-update-screen-to-hide-data-theft/","Source"
"Information Technology::Progress Software","Incident","https://www.bleepingcomputer.com/news/security/sec-ends-probe-into-moveit-attacks-impacting-95-million-people/","Source"
"Information Technology::Austal USA, Hoya, Integris Health, Fred Hutch Cancer Center","Incident","https://www.bleepingcomputer.com/news/security/hunters-international-ransomware-gang-targets-it-workers-with-new-sharprhino-malware/","Source"
"Information Technology::Federal Civilian Executive Branch agencies","Incident","https://www.bleepingcomputer.com/news/security/cisa-warns-of-vmware-esxi-bug-exploited-in-ransomware-attacks/","Source"
"Information Technology::KADOKAWA corporation","Incident","https://www.bleepingcomputer.com/news/security/blacksuit-ransomware-gang-claims-attack-on-kadokawa-corporation/","Source"
"Information Technology::Redis servers","Incident","https://www.bleepingcomputer.com/news/security/p2pinfect-botnet-targets-redis-servers-with-new-ransomware-module/","Source"
"Information Technology::Philadelphia Inquirer","Incident","https://www.bleepingcomputer.com/news/security/philadelphia-inquirer-data-of-over-25-000-people-stolen-in-2023-breach/","Source"
"Information Technology::CD Projekt Red, Cisco","Incident","https://www.bleepingcomputer.com/news/security/hellokitty-ransomware-rebrands-releases-cd-projekt-and-cisco-data/","Source"
"Information Technology::CD Projekt Red and Cisco","Incident","https://www.bleepingcomputer.com/news/security/hellokitty-ransomware-rebrands-releases-cd-projekt-and-cisco-data/","Source"
"Information Technology::Xplain","Incident","https://www.bleepingcomputer.com/news/security/switzerland-play-ransomware-leaked-65-000-government-documents/","Source"
"Information Technology::Insomniac Games","Incident","https://www.bleepingcomputer.com/news/security/insomniac-games-alerts-employees-hit-by-ransomware-data-breach/","Source"
"Information Technology::Blackbaud","Incident","https://www.bleepingcomputer.com/news/security/ftc-orders-blackbaud-to-boost-security-after-massive-data-breach/","Source"
"Information Technology::Tietoevry","Incident","https://www.bleepingcomputer.com/news/security/tietoevry-ransomware-attack-causes-outages-for-swedish-firms-cities/","Source"
"Information Technology::Xerox Business Solutions (XBS)","Incident","https://www.bleepingcomputer.com/news/security/the-week-in-ransomware-january-5th-2024-secret-decryptors/","Source"
"Information Technology::HTC Global Services","Incident","https://www.bleepingcomputer.com/news/security/htc-global-services-confirms-cyberattack-after-data-leaked-online/","Source"
"Information Technology::Qlik","Incident","https://www.bleepingcomputer.com/news/security/cactus-ransomware-exploiting-qlik-sense-flaws-to-breach-networks/","Source"
"Information Technology::Black Basta","Incident","https://www.bleepingcomputer.com/news/security/black-basta-ransomware-made-over-100-million-from-extortion/","Source"
"Information Technology::MeridianLink","Incident","https://www.bleepingcomputer.com/news/security/ransomware-gang-files-sec-complaint-over-victims-undisclosed-breach/","Source"
"Information Technology::SysAid","Incident","https://www.bleepingcomputer.com/news/security/microsoft-sysaid-zero-day-flaw-exploited-in-clop-ransomware-attacks/","Source"
"Information Technology::Atlassian","Incident","https://www.bleepingcomputer.com/news/security/critical-atlassian-confluence-bug-exploited-in-cerber-ransomware-attacks/","Source"
"Information Technology::Sony Interactive Entertainment","Incident","https://www.bleepingcomputer.com/news/security/sony-confirms-data-breach-impacting-thousands-in-the-us/","Source"
"Information Technology::Openfire server operators","Incident","https://www.bleepingcomputer.com/news/security/hackers-actively-exploiting-openfire-flaw-to-encrypt-servers/","Source"
"Information Technology::Sophos","Incident","https://www.bleepingcomputer.com/news/security/blackcat-ransomware-hits-azure-storage-with-sphynx-encryptor/","Source"
"Information Technology::LogicMonitor","Incident","https://www.bleepingcomputer.com/news/security/logicmonitor-customers-hacked-in-reported-ransomware-attacks/","Source"
"Information Technology::Citrix","Incident","https://www.bleepingcomputer.com/news/security/attacks-on-citrix-netscaler-systems-linked-to-ransomware-actor/","Source"
"Information Technology::CloudNordic and AzeroCloud","Incident","https://www.bleepingcomputer.com/news/security/hosting-firm-says-it-lost-all-customer-data-after-ransomware-attack/","Source"
"Information Technology::LolekHosted","Incident","https://www.bleepingcomputer.com/news/security/lolekhosted-admin-arrested-for-aiding-netwalker-ransomware-gang/","Source"
"Information Technology::TSMC (Taiwan Semiconductor Manufacturing Company)","Incident","https://www.bleepingcomputer.com/news/security/tsmc-denies-lockbit-hack-as-ransomware-gang-demands-70-million/","Source"
"Information Technology::Zellis","Incident","https://www.bleepingcomputer.com/news/security/clop-ransomware-claims-responsibility-for-moveit-extortion-attacks/","Source"
"Information Technology::L3Harris","Incident","https://www.bleepingcomputer.com/news/security/the-week-in-ransomware-may-19th-2023-a-shifting-landscape/","Source"
"Information Technology::Zimbra servers","Incident","https://www.bleepingcomputer.com/news/security/malaslocker-ransomware-targets-zimbra-servers-demands-charity-donation/","Source"
"Information Technology::ScanSource","Incident","https://www.bleepingcomputer.com/news/security/scansource-says-ransomware-attack-behind-multi-day-outages/","Source"
"Information Technology::Constellation Software","Incident","https://www.bleepingcomputer.com/news/security/alphv-gang-claims-ransomware-attack-on-constellation-software/","Source"
"Information Technology::Yellow Pages Canada","Incident","https://www.bleepingcomputer.com/news/security/the-week-in-ransomware-april-28th-2023-clop-at-it-again/","Source"
"Information Technology::PaperCut","Incident","https://www.bleepingcomputer.com/news/security/microsoft-clop-and-lockbit-ransomware-behind-papercut-server-hacks/","Source"
"Information Technology::Yellow Pages Group","Incident","https://www.bleepingcomputer.com/news/security/yellow-pages-canada-confirms-cyber-attack-as-black-basta-leaks-data/","Source"
"Information Technology::Fortra","Incident","https://www.bleepingcomputer.com/news/security/fortra-shares-findings-on-goanywhere-mft-zero-day-attacks/","Source"
"Information Technology::Action1 Corporation","Incident","https://www.bleepingcomputer.com/news/security/hackers-start-abusing-action1-rmm-in-ransomware-attacks/","Source"
"Information Technology::MSI (Micro-Star International)","Incident","https://www.bleepingcomputer.com/news/security/msi-confirms-security-breach-following-ransomware-attack-claims/","Source"
"Information Technology::VMware","Incident","https://www.bleepingcomputer.com/news/security/vmware-warns-admins-to-patch-esxi-servers-disable-openslp-service/","Source"
"Information Technology::VMware ESXi servers","Incident","https://www.bleepingcomputer.com/news/security/massive-esxiargs-ransomware-attack-targets-vmware-esxi-servers-worldwide/","Source"
"Information Technology::Avast","Incident","https://www.bleepingcomputer.com/news/security/avast-releases-free-bianlian-ransomware-decryptor/","Source"
"Information Technology::Heilbronn Stimme","Incident","https://www.bleepingcomputer.com/news/security/ransomware-attack-halts-circulation-of-some-german-newspapers/","Source"
"Information Technology::QNAP and Asustor NAS device users","Incident","https://www.bleepingcomputer.com/news/security/police-tricks-deadbolt-ransomware-out-of-155-decryption-keys/","Source"
"Information Technology::QNAP and Asustor Network Attached Storage (NAS) device users","Incident","https://www.bleepingcomputer.com/news/security/police-tricks-deadbolt-ransomware-out-of-155-decryption-keys/","Source"
"Information Technology::Microsoft Exchange servers","Incident","https://www.bleepingcomputer.com/news/security/microsoft-exchange-servers-hacked-to-deploy-lockbit-ransomware/","Source"
"Information Technology::ADATA","Incident","https://www.bleepingcomputer.com/news/security/adata-denies-ransomhouse-cyberattack-says-leaked-data-from-2021-breach/","Source"
"Information Technology::TargetCompany","Incident","https://www.bleepingcomputer.com/news/security/microsoft-sql-servers-hacked-in-targetcompany-ransomware-attacks/","Source"
"Information Technology::QNAP Systems, Inc.","Incident","https://www.bleepingcomputer.com/news/security/qnap-patches-zero-day-used-in-new-deadbolt-ransomware-attacks/","Source"
"Information Technology::Baker & Taylor","Incident","https://www.bleepingcomputer.com/news/security/leading-library-services-firm-baker-and-taylor-hit-by-ransomware/","Source"
"Information Technology::Entrust","Incident","https://www.bleepingcomputer.com/news/security/lockbit-ransomware-gang-gets-aggressive-with-triple-extortion-tactic/","Source"
"Information Technology::Bandai Namco","Incident","https://www.bleepingcomputer.com/news/security/bandai-namco-confirms-hack-after-alphv-ransomware-data-leak-threat/","Source"
"Information Technology::QNAP","Incident","https://www.bleepingcomputer.com/news/security/qnap-warns-of-new-checkmate-ransomware-targeting-nas-devices/","Source"
"Information Technology::Macmillan","Incident","https://www.bleepingcomputer.com/news/security/the-week-in-ransomware-july-1st-2022-bug-bounties/","Source"
"Information Technology::Atlassian Confluence users","Incident","https://www.bleepingcomputer.com/news/security/confluence-servers-hacked-to-deploy-avoslocker-cerber2021-ransomware/","Source"
"Information Technology::Mandiant","Incident","https://www.bleepingcomputer.com/news/security/mandiant-no-evidence-we-were-hacked-by-lockbit-ransomware/","Source"
"Information Technology::Nikkei","Incident","https://www.bleepingcomputer.com/news/security/the-week-in-ransomware-may-20th-2022-another-one-bites-the-dust/","Source"
"Information Technology::Nikkei","Incident","https://t.co/EPFLIfCsNY","Source"
"Information Technology::Nikkei Group Asia","Incident","https://www.bleepingcomputer.com/news/security/media-giant-nikkeis-asian-unit-hit-by-ransomware-attack/","Source"
"Information Technology::EKZ","Incident","https://www.bleepingcomputer.com/news/security/online-library-app-onleihe-faces-issues-after-cyberattack-on-provider/","Source"
"Information Technology::Onleihe","Incident","https://www.bleepingcomputer.com/news/security/online-library-app-onleihe-faces-issues-after-cyberattack-on-provider/","Source"
"Manufacturing::Norsk Hydro","Incident","https://www.securityweek.com/ransomware-attack-costs-norsk-hydro-tens-millions-dollars/","Source"
"Manufacturing::Norsk Hydro","Incident","https://www.computerweekly.com/news/252467199/Norsk-Hydro-cyber-attack-could-cost-up-to-75m","Source"
"Manufacturing::Norsk Hydro","Incident","https://news.microsoft.com/source/features/digital-transformation/hackers-hit-norsk-hydro-ransomware-company-responded-transparency/","Source"
"Manufacturing::Norsk Hydro","Incident","https://www.darkreading.com/cyberattacks-data-breaches/6-things-to-know-about-the-ransomware-that-hit-norsk-hydro","Source"
"Manufacturing::Honda Motor Co.","Incident","https://www.theregister.com/2020/06/09/honda_ransomware_snake_ekans_malware/","Source"
"Manufacturing::Honda Motor Co.","Incident","https://www.computerweekly.com/news/252484389/Honda-investigates-suspected-Snake-ransomware-attack","Source"
"Manufacturing::Honda Motor Co.","Incident","https://cyote.inl.gov/content/uploads/24/2025/12/CyOTE-Case-Study_EKANS.pdf","Source"
"Manufacturing::Foxconn (CTBG MX plant, Ciudad Juárez)","Incident","https://www.bleepingcomputer.com/news/security/foxconn-electronics-giant-hit-by-ransomware-34-million-ransom/","Source"
"Manufacturing::Foxconn (CTBG MX plant, Ciudad Juárez)","Incident","https://www.securityweek.com/foxconn-confirms-ransomware-hit-factory-mexico/","Source"
"Manufacturing::Foxconn (CTBG MX plant, Ciudad Juárez)","Incident","https://securityaffairs.com/112033/cyber-crime/foxconn-doppelpaymer-ransomware.html","Source"
"Manufacturing::Volvo Car Corporation","Incident","https://techcrunch.com/2021/12/10/volvo-had-some-rd-data-stolen-in-security-breach/","Source"
"Manufacturing::Volvo Car Corporation","Incident","https://www.bleepingcomputer.com/news/security/volvo-cars-discloses-security-breach-leading-to-randd-data-theft/","Source"
"Manufacturing::Volvo Car Corporation","Incident","https://www.cpomagazine.com/cyber-security/volvo-security-breach-led-to-rd-data-theft-by-snatch-threat-actors/","Source"
"Manufacturing::Bridgestone Americas","Incident","https://www.bleepingcomputer.com/news/security/bridgestone-americas-confirms-ransomware-attack-lockbit-leaks-data/","Source"
"Manufacturing::Bridgestone Americas","Incident","https://www.msspalert.com/news/bridgestone-cyberattack-timeline-and-ransomware-recovery-details","Source"
"Manufacturing::Bridgestone Americas","Incident","https://industrialcyber.co/threats-attacks/bridgestone-cyberattack-disrupts-manufacturing-raises-supply-chain-concerns/","Source"
"Manufacturing::Bridgestone Americas","Incident","https://www.darkreading.com/ics-ot-security/bridgestone-ciso-lessons-ransomware-attack-acting-thinking","Source"
"Manufacturing::Continental AG","Incident","https://www.bleepingcomputer.com/news/security/lockbit-ransomware-claims-attack-on-continental-automotive-giant/","Source"
"Manufacturing::Continental AG","Incident","https://www.scworld.com/brief/stolen-data-from-continental-ransomware-attack-for-sale-for-50m","Source"
"Manufacturing::Continental AG","Incident","https://www.securityweek.com/ransomware-gang-offers-sell-files-stolen-continental-50-million/","Source"
"Manufacturing::Continental AG","Incident","https://borncity.com/win/2022/12/17/ransomware-at-continental-infection-via-an-employees-browser-download/","Source"
"Manufacturing::Yamaha Motor Philippines, Inc.","Incident","https://www.bleepingcomputer.com/news/security/yamaha-motor-confirms-ransomware-attack-on-philippines-subsidiary/","Source"
"Manufacturing::Yamaha Motor Philippines, Inc.","Incident","https://www.securityweek.com/yamaha-motor-confirms-data-breach-following-ransomware-attack/","Source"
"Manufacturing::Yamaha Motor Philippines, Inc.","Incident","https://gbhackers.com/yamaha-ransomware-attack/","Source"
"Manufacturing::Nissan Australia (Nissan Oceania)","Incident","https://www.bleepingcomputer.com/news/security/nissan-australia-cyberattack-claimed-by-akira-ransomware-gang/","Source"
"Manufacturing::Nissan Australia (Nissan Oceania)","Incident","https://www.securityweek.com/nissan-data-breach-affects-100000-individuals/","Source"
"Manufacturing::Nissan Australia (Nissan Oceania)","Incident","https://www.cpomagazine.com/cyber-security/nissan-oceania-data-breach-impacts-100000-individuals-in-australia-and-new-zealand/","Source"
"Manufacturing::Nissan Australia (Nissan Oceania)","Incident","https://securityaffairs.com/156283/cyber-crime/akira-ransomware-breached-nissan-australia.html","Source"
"Manufacturing::MKS Instruments, Inc.","Incident","https://www.sec.gov/Archives/edgar/data/1049502/000095017023017248/mksi-ex99_1.htm","Source"
"Manufacturing::Gates Industrial Corporation plc","Incident","https://www.sec.gov/Archives/edgar/data/1718512/000171851223000016/gtes-20230211.htm","Source"
"Manufacturing::Tecogen Inc.","Incident","https://www.sec.gov/Archives/edgar/data/1537435/000153743523000036/tgen-20230503.htm","Source"
"Manufacturing::Ultralife Corporation","Incident","https://www.sec.gov/Archives/edgar/data/875657/000143774923005169/ulbi20230301_8k.htm","Source"
"Manufacturing::Hillman Solutions Corp.","Incident","https://www.sec.gov/Archives/edgar/data/1822492/000182249224000059/hillmanpr-termnoterepricin.htm","Source"
"Manufacturing::PGT Innovations, Inc.","Incident","https://www.sec.gov/Archives/edgar/data/1354327/000095017023003596/pgti-ex99_1.htm","Source"
"Manufacturing::HanesBrands Inc.","Incident","https://www.sec.gov/Archives/edgar/data/1359841/000119312523031373/d438262dex991.htm","Source"
"Manufacturing::Sensata Technologies Holding plc","Incident","https://www.sec.gov/Archives/edgar/data/1477294/000147729425000047/st-20250406.htm","Source"
"Manufacturing::The Coca-Cola Company","Incident","https://www.sec.gov/Archives/edgar/data/21344/000162828026048466/ko-20260716.htm","Source"
"Manufacturing::Mueller Water Products, Inc.","Incident","https://www.sec.gov/Archives/edgar/data/1350593/000135059323000054/mwa-20231129.htm","Source"
"Manufacturing::Johnson Controls International","Incident","https://www.bleepingcomputer.com/news/security/johnson-controls-says-ransomware-attack-cost-27-million-data-stolen/","Source"
"Manufacturing::Johnson Controls International","Incident","https://www.sec.gov/Archives/edgar/data/833444/000083344423000038/jci-20231113.htm","Source"
"Manufacturing::Hillman Group","Incident","https://www.sec.gov/Archives/edgar/data/1822492/000182249224000085/hillmanq12024earningscal.htm","Source"
"Manufacturing::Coca-Cola Company (Fairlife subsidiary)","Incident","https://www.bleepingcomputer.com/news/security/coca-cola-confirms-data-theft-in-fairlife-ransomware-attack/","Source"
"Manufacturing::Coca-Cola Fairlife","Incident","https://www.bleepingcomputer.com/news/security/anubis-ransomware-claims-coca-cola-fairlife-attack-threatens-data-leak/","Source"
"Manufacturing::Coca-Cola Company","Incident","https://www.bleepingcomputer.com/news/security/coca-cola-says-fairlife-ransomware-attack-halts-us-dairy-production/","Source"
"Manufacturing::Nidec Corporation","Incident","https://www.bleepingcomputer.com/news/security/blackfield-ransomware-asks-nidec-corporation-for-2-million-ransom/","Source"
"Manufacturing::West Pharmaceutical Services, Inc.","Incident","https://www.bleepingcomputer.com/news/security/west-pharmaceutical-says-hackers-stole-data-encrypted-systems/","Source"
"Manufacturing::Foxconn","Incident","https://www.bleepingcomputer.com/news/security/electronics-giant-foxconn-confirms-cyberattack-on-north-american-factories/","Source"
"Manufacturing::AkzoNobel","Incident","https://www.bleepingcomputer.com/news/security/paint-maker-giant-akzonobel-confirms-cyberattack-on-us-site/","Source"
"Manufacturing::Sensata Technologies","Incident","https://www.bleepingcomputer.com/news/security/sensata-technologies-hit-by-ransomware-attack-impacting-operations/","Source"
"Manufacturing::WK Kellogg Co","Incident","https://www.bleepingcomputer.com/news/security/food-giant-wk-kellogg-discloses-data-breach-linked-to-clop-ransomware/","Source"
"Manufacturing::Unimicron Technology","Incident","https://www.bleepingcomputer.com/news/security/sarcoma-ransomware-claims-breach-at-giant-pcb-maker-unimicron/","Source"
"Manufacturing::Mizuno USA","Incident","https://www.bleepingcomputer.com/news/security/mizuno-usa-says-hackers-stayed-in-its-network-for-two-months/","Source"
"Manufacturing::Casio","Incident","https://www.bleepingcomputer.com/news/security/casio-says-data-of-8-500-people-exposed-in-october-ransomware-attack/","Source"
"Manufacturing::Stoli Group","Incident","https://www.bleepingcomputer.com/news/security/vodka-maker-stoli-files-for-bankruptcy-in-us-after-ransomware-attack/","Source"
"Manufacturing::Kawasaki Motors Europe","Incident","https://www.bleepingcomputer.com/news/security/ransomhub-claims-kawasaki-cyberattack-threatens-to-leak-stolen-data/","Source"
"Manufacturing::Microchip Technology Incorporated","Incident","https://www.bleepingcomputer.com/news/security/microchip-technology-confirms-data-was-stolen-in-cyberattack/","Source"
"Manufacturing::Keytronic","Incident","https://www.bleepingcomputer.com/news/security/keytronic-reports-losses-of-over-17-million-after-ransomware-attack/","Source"
"Manufacturing::North American engineering firm","Incident","https://www.bleepingcomputer.com/news/microsoft/microsoft-ransomware-gangs-exploit-vmware-esxi-auth-bypass-in-attacks/","Source"
"Manufacturing::Northern Minerals","Incident","https://www.bleepingcomputer.com/news/security/australian-mining-company-discloses-breach-after-bianlian-leaks-data/","Source"
"Manufacturing::OmniVision","Incident","https://www.bleepingcomputer.com/news/security/omnivision-discloses-data-breach-after-2023-ransomware-attack/","Source"
"Manufacturing::Nexperia","Incident","https://www.bleepingcomputer.com/news/security/chipmaker-nexperia-confirms-breach-after-ransomware-gang-leaks-data/","Source"
"Manufacturing::Hoya Corporation","Incident","https://www.bleepingcomputer.com/news/security/optics-giant-hoya-hit-with-10-million-ransomware-demand/","Source"
"Manufacturing::Nissan","Incident","https://www.bleepingcomputer.com/news/security/nissan-confirms-ransomware-attack-exposed-data-of-100-000-people/","Source"
"Manufacturing::Duvel Moortgat Brewery","Incident","https://www.bleepingcomputer.com/news/security/duvel-says-it-has-more-than-enough-beer-after-ransomware-attack/","Source"
"Manufacturing::Hyundai Motor Europe","Incident","https://www.bleepingcomputer.com/news/security/hyundai-motor-europe-hit-by-black-basta-ransomware-attack/","Source"
"Manufacturing::Nissan Australia","Incident","https://www.bleepingcomputer.com/news/security/the-week-in-ransomware-december-22nd-2023-blackcat-hacked/","Source"
"Manufacturing::Austal USA","Incident","https://www.bleepingcomputer.com/news/security/navy-contractor-austal-usa-confirms-cyberattack-after-data-leak/","Source"
"Manufacturing::Yanfeng","Incident","https://www.bleepingcomputer.com/news/security/linux-version-of-qilin-ransomware-focuses-on-vmware-esxi/","Source"
"Manufacturing::Yanfeng Automotive Interiors","Incident","https://www.bleepingcomputer.com/news/security/qilin-ransomware-claims-attack-on-automotive-giant-yanfeng/","Source"
"Manufacturing::Boeing","Incident","https://www.bleepingcomputer.com/news/security/citrix-warns-admins-to-kill-netscaler-user-sessions-to-block-hackers/","Source"
"Manufacturing::Kyocera AVX Components Corporation","Incident","https://www.bleepingcomputer.com/news/security/kyocera-avx-says-ransomware-attack-impacted-39-000-individuals/","Source"
"Manufacturing::Seiko","Incident","https://www.bleepingcomputer.com/news/security/seiko-says-ransomware-attack-exposed-sensitive-customer-data/","Source"
"Manufacturing::automotive supplier","Incident","https://www.bleepingcomputer.com/news/security/fbi-dual-ransomware-attack-victims-now-get-hit-within-48-hours/","Source"
"Manufacturing::Taiwan Semiconductor Manufacturing Company (TSMC)","Incident","https://www.bleepingcomputer.com/news/security/the-week-in-ransomware-june-30th-2023-mistaken-identity/","Source"
"Manufacturing::ABB","Incident","https://www.bleepingcomputer.com/news/security/us-govt-contractor-abb-confirms-ransomware-attack-data-theft/","Source"
"Manufacturing::Rheinmetall AG","Incident","https://www.bleepingcomputer.com/news/security/arms-maker-rheinmetall-confirms-blackbasta-ransomware-attack/","Source"
"Manufacturing::A10 Networks","Incident","https://www.bleepingcomputer.com/news/security/a10-networks-confirms-data-breach-after-play-ransomware-attack/","Source"
"Manufacturing::Canadian Copper Mountain Mining Corporation","Incident","https://www.bleepingcomputer.com/news/security/canadian-mining-firm-shuts-down-mill-after-ransomware-attack/","Source"
"Manufacturing::Bombardier Recreational Products (BRP)","Incident","https://www.bleepingcomputer.com/news/security/ransomexx-claims-ransomware-attack-on-sea-doo-ski-doo-maker/","Source"
"Manufacturing::Semikron","Incident","https://www.bleepingcomputer.com/news/security/semiconductor-manufacturer-semikron-hit-by-lv-ransomware-attack/","Source"
"Manufacturing::TB Kawashima","Incident","https://www.bleepingcomputer.com/news/security/automotive-fabric-supplier-tb-kawashima-announces-cyberattack/","Source"
"Manufacturing::Nichirin-Flex U.S.A","Incident","https://www.bleepingcomputer.com/news/security/automotive-hose-maker-nichirin-hit-by-ransomware-attack/","Source"
"Professional, Scientific, Technical Services, Real Estate and Wholesale Trade::Cognizant Technology Solutions","Incident","https://www.computerweekly.com/news/252482950/Maze-ransomware-attack-will-cost-Cognizant-at-least-50m-to-70m","Source"
"Professional, Scientific, Technical Services, Real Estate and Wholesale Trade::Cognizant Technology Solutions","Incident","https://www.ciodive.com/news/cognizant-maze-ransomware/577677/","Source"
"Professional, Scientific, Technical Services, Real Estate and Wholesale Trade::Cognizant Technology Solutions","Incident","https://www.secureworld.io/industry-news/cognizant-ceo-on-ransomware-attack-cost-impact","Source"
"Professional, Scientific, Technical Services, Real Estate and Wholesale Trade::Accenture","Incident","https://www.bleepingcomputer.com/news/security/accenture-confirms-data-breach-after-august-ransomware-attack/","Source"
"Professional, Scientific, Technical Services, Real Estate and Wholesale Trade::Accenture","Incident","https://www.securityweek.com/accenture-confirms-data-stolen-ransomware-attack/","Source"
"Professional, Scientific, Technical Services, Real Estate and Wholesale Trade::Accenture","Incident","https://www.infosecurity-magazine.com/news/accenture-tied-up-in-50m-ransom/","Source"
"Professional, Scientific, Technical Services, Real Estate and Wholesale Trade::CWT (Carlson Wagonlit Travel)","Incident","https://siliconangle.com/2020/08/02/travel-management-company-cwt-hands-4-5m-following-ransomware-attack/","Source"
"Professional, Scientific, Technical Services, Real Estate and Wholesale Trade::CWT (Carlson Wagonlit Travel)","Incident","https://www.darkreading.com/cyberattacks-data-breaches/travel-management-firm-cwt-pays-4-5m-to-ransomware-attackers","Source"
"Professional, Scientific, Technical Services, Real Estate and Wholesale Trade::CWT (Carlson Wagonlit Travel)","Incident","https://www.theregister.com/2020/07/31/carlson_wagonlit_travel_ragnarlocker_ransom_paid/","Source"
"Professional, Scientific, Technical Services, Real Estate and Wholesale Trade::Sopra Steria","Incident","https://www.bleepingcomputer.com/news/security/sopra-steria-expects-50-million-loss-after-ryuk-ransomware-attack/","Source"
"Professional, Scientific, Technical Services, Real Estate and Wholesale Trade::Sopra Steria","Incident","https://www.theregister.com/2020/11/25/sopra_steria_ransomware_damage_50m_euros/","Source"
"Professional, Scientific, Technical Services, Real Estate and Wholesale Trade::Sopra Steria","Incident","https://www.securityweek.com/financial-impact-ransomware-attack-sopra-steria-could-reach-50-million/","Source"
"Professional, Scientific, Technical Services, Real Estate and Wholesale Trade::Toll Group","Incident","https://www.bleepingcomputer.com/news/security/toll-group-hit-by-ransomware-a-second-time-deliveries-affected/","Source"
"Professional, Scientific, Technical Services, Real Estate and Wholesale Trade::Toll Group","Incident","https://www.itnews.com.au/news/toll-groups-corporate-data-stolen-by-attackers-548033","Source"
"Professional, Scientific, Technical Services, Real Estate and Wholesale Trade::Toll Group","Incident","https://www.securitymagazine.com/articles/92334-toll-group-suffers-ransomware-attack-again","Source"
"Professional, Scientific, Technical Services, Real Estate and Wholesale Trade::Estes Express Lines","Incident","https://www.securityweek.com/estes-express-lines-says-personal-data-stolen-in-ransomware-attack/","Source"
"Professional, Scientific, Technical Services, Real Estate and Wholesale Trade::Estes Express Lines","Incident","https://www.truckingdive.com/news/estes-express-lines-cyberattack-social-security-numbers-update/703427/","Source"
"Professional, Scientific, Technical Services, Real Estate and Wholesale Trade::Estes Express Lines","Incident","https://www.theregister.com/2024/01/03/estes_ransomware/","Source"
"Professional, Scientific, Technical Services, Real Estate and Wholesale Trade::Conduent Business Services, LLC","Incident","https://securityboulevard.com/2025/11/conduent-faces-financial-hit-lawsuits-from-breach-affecting-10-5-million/","Source"
"Professional, Scientific, Technical Services, Real Estate and Wholesale Trade::Conduent Business Services, LLC","Incident","https://www.hipaajournal.com/conduent-business-solutions-data-breach/","Source"
"Professional, Scientific, Technical Services, Real Estate and Wholesale Trade::Conduent Business Services, LLC","Incident","https://cyberpress.org/conduent-data-breach-steals-8-tb/","Source"
"Professional, Scientific, Technical Services, Real Estate and Wholesale Trade::Conduent Business Services, LLC","Incident","https://www.cpomagazine.com/cyber-security/data-breach-at-government-contractor-conduent-sparks-nearly-a-dozen-class-action-lawsuits/","Source"
"Professional, Scientific, Technical Services, Real Estate and Wholesale Trade::Cushman & Wakefield","Incident","https://www.theregister.com/security/2026/05/05/cushman-wakefield-confirms-vishing-cyberattack/5228718","Source"
"Professional, Scientific, Technical Services, Real Estate and Wholesale Trade::Cushman & Wakefield","Incident","https://cybernews.com/news/cushman-wakefield-shinyhunters-salesforce-breach-claim/","Source"
"Professional, Scientific, Technical Services, Real Estate and Wholesale Trade::Cushman & Wakefield","Incident","https://www.cyberdaily.au/security/13553-real-estate-giant-cushman-wakefield-confirms-cyber-incident-qilin-and-shinyhunters-claim-attack","Source"
"Professional, Scientific, Technical Services, Real Estate and Wholesale Trade::Cushman & Wakefield","Incident","https://www.credaily.com/briefs/cushman-wakefield-faces-lawsuit-after-data-breach/","Source"
"Professional, Scientific, Technical Services, Real Estate and Wholesale Trade::multi-billion-dollar American defense contractor and IT services provider","Incident","https://www.bleepingcomputer.com/news/security/kyber-ransomware-gang-toys-with-post-quantum-encryption-on-windows/","Source"
"Professional, Scientific, Technical Services, Real Estate and Wholesale Trade::State Bar of Texas","Incident","https://www.bleepingcomputer.com/news/security/texas-state-bar-warns-of-data-breach-after-inc-ransomware-claims-attack/","Source"
"Professional, Scientific, Technical Services, Real Estate and Wholesale Trade::CannonDesign","Incident","https://www.bleepingcomputer.com/news/security/cannondesign-confirms-avos-locker-ransomware-data-breach/","Source"
"Professional, Scientific, Technical Services, Real Estate and Wholesale Trade::Fidelity National Financial","Incident","https://www.bleepingcomputer.com/news/security/fidelity-national-financial-hackers-stole-data-of-13-million-people/","Source"
"Professional, Scientific, Technical Services, Real Estate and Wholesale Trade::PWC","Incident","https://www.bleepingcomputer.com/news/security/clop-now-leaks-data-stolen-in-moveit-attacks-on-clearweb-sites/","Source"
"Professional, Scientific, Technical Services, Real Estate and Wholesale Trade::HWL Ebsworth","Incident","https://www.bleepingcomputer.com/news/security/blackcat-ransomware-fails-to-extort-australian-commercial-law-giant/","Source"
"Professional, Scientific, Technical Services, Real Estate and Wholesale Trade::Capita","Incident","https://www.bleepingcomputer.com/news/security/capita-warns-customers-they-should-assume-data-was-stolen/","Source"
"Professional, Scientific, Technical Services, Real Estate and Wholesale Trade::NCR","Incident","https://www.bleepingcomputer.com/news/security/the-week-in-ransomware-april-21st-2023-macs-in-the-crosshairs/","Source"
"Professional, Scientific, Technical Services, Real Estate and Wholesale Trade::real estate company","Incident","https://www.bleepingcomputer.com/news/security/trigona-ransomware-spotted-in-increasing-attacks-worldwide/","Source"
"Public Administration (Government)::Government of Costa Rica (national ministries)","Incident","https://en.wikipedia.org/wiki/2022_Costa_Rican_ransomware_attack","Source"
"Public Administration (Government)::Government of Costa Rica (national ministries)","Incident","https://www.msspalert.com/news/costa-rica-conti-attack","Source"
"Public Administration (Government)::Government of Costa Rica (national ministries)","Incident","https://www.sangfor.com/blog/cybersecurity/conti-ransomware-attack-throws-costa-rica-national-state-emergency","Source"
"Public Administration (Government)::Government of Costa Rica (national ministries)","Incident","https://cyberlaw.ccdcoe.org/wiki/Costa_Rica_ransomware_attack_(2022)","Source"
"Public Administration (Government)::City of Atlanta, Georgia","Incident","https://en.wikipedia.org/wiki/Atlanta_government_ransomware_attack","Source"
"Public Administration (Government)::City of Atlanta, Georgia","Incident","https://www.hipaajournal.com/the-high-cost-of-samsam-ransomware-attacks-17-million-for-the-city-of-atlanta/","Source"
"Public Administration (Government)::City of Atlanta, Georgia","Incident","https://www.bitdefender.com/en-us/blog/hotforsecurity/at-17-million-atlanta-network-recovery-six-times-more-expensive-than-estimated","Source"
"Public Administration (Government)::City of Atlanta, Georgia","Incident","https://www.securityweek.com/city-atlanta-ransomware-attack-proves-disastrously-expensive/","Source"
"Public Administration (Government)::City of Baltimore, Maryland","Incident","https://en.wikipedia.org/wiki/2019_Baltimore_ransomware_attack","Source"
"Public Administration (Government)::City of Baltimore, Maryland","Incident","https://www.upi.com/Top_News/US/2019/06/10/Hack-that-cost-Baltimore-18M-a-mystery-after-experts-eye-NSA-link/7961559775882/","Source"
"Public Administration (Government)::City of Baltimore, Maryland","Incident","https://www.verizon.com/business/resources/articles/s/lessons-from-the-robbinhood-ransomware-attack-on-baltimore/","Source"
"Public Administration (Government)::City of Dallas, Texas","Incident","https://www.comparitech.com/blog/information-security/government-ransomware-attacks/","Source"
"Public Administration (Government)::City of Dallas, Texas","Incident","https://www.sophos.com/en-us/blog/the-state-of-ransomware-in-state-and-local-government-2024","Source"
"Public Administration (Government)::City of Columbus, Ohio","Incident","https://blog.knowbe4.com/ransomware-recovery-costs-have-doubled-for-state-and-local-governments","Source"
"Public Administration (Government)::City of Columbus, Ohio","Incident","https://www.comparitech.com/blog/information-security/government-ransomware-attacks/","Source"
"Public Administration (Government)::City of Columbus, Ohio","Incident","https://www.sophos.com/en-us/blog/the-state-of-ransomware-in-state-and-local-government-2024","Source"
"Public Administration (Government)::The British Library","Incident","https://en.wikipedia.org/wiki/British_Library_cyberattack","Source"
"Public Administration (Government)::The British Library","Incident","https://www.computerweekly.com/news/366565574/British-Library-ransomware-attack-could-cost-up-to-7m","Source"
"Public Administration (Government)::The British Library","Incident","https://www.securityweek.com/details-and-lessons-learned-from-the-ransomware-attack-on-the-british-library/","Source"
"Public Administration (Government)::The British Library","Incident","https://www.itpro.com/security/cyber-attacks/british-library-eyes-pound400000-rebuild-after-devastating-2023-cyber-attack","Source"
"Public Administration (Government)::City of Saint Paul, Minnesota","Incident","https://en.wikipedia.org/wiki/2025_St._Paul_cyberattack","Source"
"Public Administration (Government)::City of Saint Paul, Minnesota","Incident","https://www.govtech.com/security/st-paul-minn-systems-come-back-online-after-cyber-attack","Source"
"Public Administration (Government)::City of Saint Paul, Minnesota","Incident","https://socradar.io/blog/us-state-local-government-ransomware-2025-2026/","Source"
"Public Administration (Government)::State of Nevada","Incident","https://www.cybersecuritydive.com/news/federal-state-investigating-ransomware-nevada/758863/","Source"
"Public Administration (Government)::State of Nevada","Incident","https://socradar.io/blog/us-state-local-government-ransomware-2025-2026/","Source"
"Public Administration (Government)::Berlin city administration","Incident","https://www.bleepingcomputer.com/news/security/berlin-confirms-data-theft-after-rhysida-ransomware-attack-claims/","Source"
"Public Administration (Government)::Bureau of Alcohol, Tobacco, Firearms and Explosives (ATF)","Incident","https://www.bleepingcomputer.com/news/security/atf-confirms-major-incident-after-recent-qilin-breach-claims/","Source"
"Public Administration (Government)::Die Linke","Incident","https://www.bleepingcomputer.com/news/security/die-linke-german-political-party-confirms-data-stolen-by-qilin-ransomware/","Source"
"Public Administration (Government)::Sedgwick Government Solutions","Incident","https://www.bleepingcomputer.com/news/security/sedgwick-confirms-breach-at-government-contractor-subsidiary/","Source"
"Public Administration (Government)::Romanian Waters (Administrația Națională Apele Române)","Incident","https://www.bleepingcomputer.com/news/security/romanian-water-authority-hit-by-ransomware-attack-over-weekend/","Source"
"Public Administration (Government)::Rhode Island's RIBridges","Incident","https://www.bleepingcomputer.com/news/security/ransomware-gang-leaks-data-stolen-in-rhode-islands-ribridges-breach/","Source"
"Public Administration (Government)::Rhode Island State","Incident","https://www.bleepingcomputer.com/news/security/rhode-island-confirms-data-breach-after-brain-cipher-ransomware-attack/","Source"
"Public Administration (Government)::law enforcement agency in Passaic County, New Jersey","Incident","https://www.bleepingcomputer.com/news/security/russia-arrests-cybercriminal-wazawaka-for-ties-with-ransomware-gangs/","Source"
"Public Administration (Government)::Metropolitan Police Department in Washington, D.C.","Incident","https://www.bleepingcomputer.com/news/security/russia-arrests-cybercriminal-wazawaka-for-ties-with-ransomware-gangs/","Source"
"Public Administration (Government)::City of Columbus","Incident","https://www.bleepingcomputer.com/news/security/city-of-columbus-data-of-500-000-stolen-in-july-ransomware-attack/","Source"
"Public Administration (Government)::Wayne County, Michigan","Incident","https://www.bleepingcomputer.com/news/security/meet-interlock-the-new-ransomware-targeting-freebsd-servers/","Source"
"Public Administration (Government)::Housing Authority of the City of Los Angeles (HACLA)","Incident","https://www.bleepingcomputer.com/news/security/la-housing-authority-confirms-breach-claimed-by-cactus-ransomware/","Source"
"Public Administration (Government)::U.S. Marshals Service","Incident","https://www.bleepingcomputer.com/news/security/us-marshals-service-disputes-ransomware-gangs-breach-claims/","Source"
"Public Administration (Government)::Los Angeles Superior Court","Incident","https://www.bleepingcomputer.com/news/security/los-angeles-superior-court-shuts-down-after-ransomware-attack/","Source"
"Public Administration (Government)::Dallas County","Incident","https://www.bleepingcomputer.com/news/security/dallas-county-data-of-200-000-exposed-in-2023-ransomware-attack/","Source"
"Public Administration (Government)::Indonesia's National Data Center","Incident","https://www.bleepingcomputer.com/news/security/meet-brain-cipher-the-new-ransomware-behind-indonesia-data-center-attack/","Source"
"Public Administration (Government)::Ohio Lottery","Incident","https://www.bleepingcomputer.com/news/security/ohio-lottery-ransomware-attack-impacts-over-538-000-individuals/","Source"
"Public Administration (Government)::City of Wichita","Incident","https://www.bleepingcomputer.com/news/security/city-of-wichita-breach-claimed-by-lockbit-ransomware-gang/","Source"
"Public Administration (Government)::Jackson County, Missouri","Incident","https://www.bleepingcomputer.com/news/security/jackson-county-in-state-of-emergency-after-ransomware-attack/","Source"
"Public Administration (Government)::Hessen Consumer Center","Incident","https://www.bleepingcomputer.com/news/security/hessen-consumer-center-says-systems-encrypted-by-ransomware/","Source"
"Public Administration (Government)::Fulton County, Georgia","Incident","https://www.bleepingcomputer.com/news/security/lockbit-claims-ransomware-attack-on-fulton-county-georgia/","Source"
"Public Administration (Government)::Kansas City Area Transportation Authority (KCATA)","Incident","https://www.bleepingcomputer.com/news/security/kansas-city-public-transportation-authority-hit-by-ransomware/","Source"
"Public Administration (Government)::Calvi City Council","Incident","https://www.bleepingcomputer.com/news/security/majorca-city-calvi-extorted-for-11m-in-ransomware-attack/","Source"
"Public Administration (Government)::Court Services Victoria","Incident","https://www.bleepingcomputer.com/news/security/victoria-court-recordings-exposed-in-reported-ransomware-attack/","Source"
"Public Administration (Government)::Court Services Victoria (CSV)","Incident","https://www.bleepingcomputer.com/news/security/victoria-court-recordings-exposed-in-reported-ransomware-attack/","Source"
"Public Administration (Government)::Toronto Public Library","Incident","https://www.bleepingcomputer.com/news/security/new-black-basta-decryptor-exploits-ransomware-flaw-to-recover-files/","Source"
"Public Administration (Government)::Kansas Judicial Branch","Incident","https://www.bleepingcomputer.com/news/security/kansas-courts-confirm-data-theft-ransom-demand-after-cyberattack/","Source"
"Public Administration (Government)::State of Maine","Incident","https://www.bleepingcomputer.com/news/security/maine-govt-notifies-13-million-people-of-moveit-data-breach/","Source"
"Public Administration (Government)::Florida First Judicial Circuit","Incident","https://www.bleepingcomputer.com/news/security/alphv-ransomware-gang-claims-attack-on-florida-circuit-court/","Source"
"Public Administration (Government)::Greater Manchester Police","Incident","https://www.bleepingcomputer.com/news/security/manchester-police-officers-data-exposed-in-ransomware-attack/","Source"
"Public Administration (Government)::P le emploi","Incident","https://www.bleepingcomputer.com/news/security/data-breach-at-french-govt-agency-exposes-info-of-10-million-people/","Source"
"Public Administration (Government)::Colorado Department of Health Care Policy Financing (HCPF)","Incident","https://www.bleepingcomputer.com/news/security/colorado-warns-4-million-of-data-stolen-in-ibm-moveit-breach/","Source"
"Public Administration (Government)::Maximus","Incident","https://www.bleepingcomputer.com/news/security/8-million-people-hit-by-data-breach-at-us-govt-contractor-maximus/","Source"
"Public Administration (Government)::Louisiana and Oregon DMVs","Incident","https://www.bleepingcomputer.com/news/security/the-week-in-ransomware-june-16th-2023-wave-of-extortion/","Source"
"Public Administration (Government)::Louisiana Office of Motor Vehicles and Oregon Driver Motor Vehicle Services","Incident","https://www.bleepingcomputer.com/news/security/millions-of-oregon-louisiana-state-ids-stolen-in-moveit-breach/","Source"
"Public Administration (Government)::Chilean Army","Incident","https://www.bleepingcomputer.com/news/security/rhysida-ransomware-leaks-documents-stolen-from-chilean-army/","Source"
"Public Administration (Government)::Swiss government","Incident","https://www.bleepingcomputer.com/news/security/swiss-government-warns-of-ongoing-ddos-attacks-data-leak/","Source"
"Public Administration (Government)::City of Augusta, Georgia","Incident","https://www.bleepingcomputer.com/news/security/the-week-in-ransomware-may-26th-2023-cities-under-attack/","Source"
"Public Administration (Government)::City of Augusta","Incident","https://www.bleepingcomputer.com/news/security/blackbyte-ransomware-claims-city-of-augusta-cyberattack/","Source"
"Public Administration (Government)::City of Dallas","Incident","https://www.bleepingcomputer.com/news/security/the-week-in-ransomware-may-5th-2023-targeting-the-public-sector/","Source"
"Public Administration (Government)::City of Oakland","Incident","https://www.bleepingcomputer.com/news/security/play-ransomware-gang-uses-custom-shadow-volume-copy-data-theft-tool/","Source"
"Public Administration (Government)::City of Toronto","Incident","https://www.bleepingcomputer.com/news/security/city-of-toronto-confirms-data-theft-clop-claims-responsibility/","Source"
"Public Administration (Government)::Fire Rescue Victoria","Incident","https://www.bleepingcomputer.com/news/security/vice-society-ransomware-claims-attack-on-australian-firefighting-service/","Source"
"Public Administration (Government)::Miller County, AK","Incident","https://www.bleepingcomputer.com/news/security/ransomware-impacts-over-200-govt-edu-healthcare-orgs-in-2022/","Source"
"Public Administration (Government)::City of Antwerp","Incident","https://www.bleepingcomputer.com/news/security/play-ransomware-claims-attack-on-belgium-city-of-antwerp/","Source"
"Public Administration (Government)::Zwijndrecht police","Incident","https://www.bleepingcomputer.com/news/security/ransomware-gang-targets-belgian-municipality-hits-police-instead/","Source"
"Public Administration (Government)::Parliament of Montenegro (Skupstina)","Incident","https://www.bleepingcomputer.com/news/security/montenegro-hit-by-ransomware-attack-hackers-demand-10-million/","Source"
"Public Administration (Government)::Instituto Agrario Dominicano","Incident","https://www.bleepingcomputer.com/news/security/quantum-ransomware-attack-disrupts-govt-agency-in-dominican-republic/","Source"
"Public Administration (Government)::Argentina's Judiciary of Córdoba","Incident","https://www.bleepingcomputer.com/news/security/the-week-in-ransomware-august-19th-2022-evolving-extortion-tactics/","Source"
"Public Administration (Government)::Judiciary of Córdoba","Incident","https://www.bleepingcomputer.com/news/security/the-week-in-ransomware-august-19th-2022-evolving-extortion-tactics/","Source"
"Public Administration (Government)::Judiciary of Córdoba, Argentina","Incident","https://www.bleepingcomputer.com/news/security/the-week-in-ransomware-august-19th-2022-evolving-extortion-tactics/","Source"
"Public Administration (Government)::Italian Internal Revenue Service (L'Agenzia delle Entrate)","Incident","https://www.bleepingcomputer.com/news/security/lockbit-claims-ransomware-attack-on-italian-tax-agency/","Source"
"Public Administration (Government)::Costa Rican government","Incident","https://www.bleepingcomputer.com/news/security/the-week-in-ransomware-july-22nd-2022-attacks-abound/","Source"
"Public Administration (Government)::City of Palermo","Incident","https://www.bleepingcomputer.com/news/security/the-week-in-ransomware-june-10th-2022-targeting-linux/","Source"
"Public Administration (Government)::Municipality of Palermo","Incident","https://www.bleepingcomputer.com/news/security/italian-city-of-palermo-shuts-down-all-systems-to-fend-off-cyberattack/","Source"
"Public Administration (Government)::Costa Rican Social Security Fund (CCCS)","Incident","https://www.bleepingcomputer.com/news/security/costa-rica-s-public-health-agency-hit-by-hive-ransomware/","Source"
"Public Administration (Government)::Austrian federal state Carinthia","Incident","https://www.bleepingcomputer.com/news/security/blackcat-alphv-ransomware-asks-5-million-to-unlock-austrian-state/","Source"
"Public Administration (Government)::Saskatchewan Liquor and Gaming Authority (SLGA)","Incident","https://www.bleepingcomputer.com/news/security/new-ransomhouse-group-sets-up-extortion-market-adds-first-victims/","Source"
"Public Administration (Government)::Costa Rica","Incident","https://www.bleepingcomputer.com/news/security/the-week-in-ransomware-may-13th-2022-a-national-emergency/","Source"
"Public Administration (Government)::Costa Rican government agencies","Incident","https://www.bleepingcomputer.com/news/security/costa-rica-declares-national-emergency-after-conti-ransomware-attacks/","Source"
"Retail Trade and Consumer Services::Marks & Spencer (M&S)","Incident","https://www.securityweek.com/marks-spencer-expects-ransomware-attack-to-cost-400-million/","Source"
"Retail Trade and Consumer Services::Marks & Spencer (M&S)","Incident","https://www.computerweekly.com/news/366634121/MS-profits-tumble-after-cyber-attack","Source"
"Retail Trade and Consumer Services::Marks & Spencer (M&S)","Incident","https://www.blackfog.com/marks-and-spencer-ransomware-attack/","Source"
"Retail Trade and Consumer Services::Marks & Spencer (M&S)","Incident","https://breached.company/the-300-million-aftermath-marks-spencers-profit-collapse-reveals-the-true-cost-of-cyber-resilience/","Source"
"Retail Trade and Consumer Services::Co-op Group","Incident","https://cyberinsider.com/co-op-confirms-cyberattack-exposed-data-of-all-6-5-million-members/","Source"
"Retail Trade and Consumer Services::Co-op Group","Incident","https://cypro.co.uk/insights/co-op-cyber-attack/","Source"
"Retail Trade and Consumer Services::Co-op Group","Incident","https://dailysecurityreview.com/security-spotlight/dragonforce-hackers-disrupt-uk-retail-giant-co-op-in-geopolitically-charged-cyberattack/","Source"
"Retail Trade and Consumer Services::CDK Global (SaaS/DMS provider to ~15,000 US/Canada auto dealerships - third-party supply-chain incident affecting the retail auto sector broadly)","Incident","https://cyberscoop.com/cdk-ransom-blacksuit-25-million/","Source"
"Retail Trade and Consumer Services::CDK Global (SaaS/DMS provider to ~15,000 US/Canada auto dealerships - third-party supply-chain incident affecting the retail auto sector broadly)","Incident","https://edition.cnn.com/2024/07/11/business/cdk-hack-ransom-tweny-five-million-dollars","Source"
"Retail Trade and Consumer Services::CDK Global (SaaS/DMS provider to ~15,000 US/Canada auto dealerships - third-party supply-chain incident affecting the retail auto sector broadly)","Incident","https://www.cloudskope.com/breaches/cdk-global-breach-2024","Source"
"Retail Trade and Consumer Services::CDK Global (SaaS/DMS provider to ~15,000 US/Canada auto dealerships - third-party supply-chain incident affecting the retail auto sector broadly)","Incident","https://www.theregister.com/special-features/2024/07/13/cdk-global-said-to-have-paid-25m-ransom-after-cyberattack/1205919","Source"
"Retail Trade and Consumer Services::MGM Resorts International","Incident","https://specopssoft.com/blog/mgm-resorts-service-desk-hack/","Source"
"Retail Trade and Consumer Services::MGM Resorts International","Incident","https://netwrix.com/en/resources/blog/mgm-cyber-attack/","Source"
"Retail Trade and Consumer Services::MGM Resorts International","Incident","https://www.bbrown.com/us/insight/a-look-back-at-the-mgm-and-caesars-incident/","Source"
"Retail Trade and Consumer Services::Caesars Entertainment","Incident","https://cybernews.com/news/caesars-15m-ransom-sec-breach-report-6t-stolen-data/","Source"
"Retail Trade and Consumer Services::Caesars Entertainment","Incident","https://www.chainalysis.com/blog/chainalysis-fbi-caesars-ransomware-recovery/","Source"
"Retail Trade and Consumer Services::Caesars Entertainment","Incident","https://www.infosecurity-magazine.com/news/caesars-entertainment-major/","Source"
"Retail Trade and Consumer Services::Ralph Lauren Corporation","Incident","https://breachnews.com/breaches/shinyhunters-threatens-council-of-europe-american-tower-jcpenney-and-others-with-imminent-data-leaks/","Source"
"Retail Trade and Consumer Services::Ralph Lauren Corporation","Incident","https://blog.eclecticiq.com/shinyhunters-calling-financially-motivated-data-extortion-group-targeting-enterprise-cloud-applications","Source"
"Retail Trade and Consumer Services::Ralph Lauren Corporation","Incident","https://krebsonsecurity.com/2025/10/shinyhunters-wage-broad-corporate-extortion-spree/","Source"
"Retail Trade and Consumer Services::Madison Square Garden Sports Corp. (parent of the New York Knicks; consumer/entertainment services)","Incident","https://www.cpomagazine.com/cyber-security/data-breach-impacts-madison-square-garden-sports-and-the-new-york-knicks/","Source"
"Retail Trade and Consumer Services::Madison Square Garden Sports Corp. (parent of the New York Knicks; consumer/entertainment services)","Incident","https://undercodenews.com/shinyhunters-claims-massive-madison-square-garden-sports-data-breach-affecting-26-million-records-dark-web-recent-claims-video/","Source"
"Retail Trade and Consumer Services::Madison Square Garden Sports Corp. (parent of the New York Knicks; consumer/entertainment services)","Incident","https://www.inc.com/chloe-aiello/the-massive-madison-square-garden-hack-exposed-celebrities-and-customers-and-started-with-1-old-school-trick/91365306","Source"
"Retail Trade and Consumer Services::Karl Chevrolet / Karl Auto Group","Incident","https://dysruptionhub.com/karl-auto-group-iowa-cyberattack/","Source"
"Retail Trade and Consumer Services::PChome (pchome.com.tw) / NetHome Group and subsidiary Bibian","Incident","https://cyberq.tw/2026/06/30/nethome-group-is-caught-in-a-double/","Source"
"Retail Trade and Consumer Services::Citi Trends, Inc.","Incident","https://www.sec.gov/Archives/edgar/data/1318484/000110465923024793/tm237638d1_8k.htm","Source"
"Retail Trade and Consumer Services::Citi Trends, Inc.","Incident","https://www.sec.gov/Archives/edgar/data/1318484/000131848423000004/ct-20230223.htm","Source"
"Retail Trade and Consumer Services::Marks Spencer","Incident","https://www.bleepingcomputer.com/news/security/uk-shares-security-tips-after-major-retail-cyberattacks/","Source"
"Retail Trade and Consumer Services::Ahold Delhaize","Incident","https://www.bleepingcomputer.com/news/security/ahold-delhaize-confirms-data-theft-after-inc-ransomware-claims-attack/","Source"
"Retail Trade and Consumer Services::Fourlis Group","Incident","https://www.bleepingcomputer.com/news/security/ransomware-attack-cost-ikea-operator-in-eastern-europe-23-million/","Source"
"Retail Trade and Consumer Services::Sam's Club","Incident","https://www.bleepingcomputer.com/news/security/retail-giant-sams-club-investigates-clop-ransomware-breach-claims/","Source"
"Retail Trade and Consumer Services::Avery Products Corporation","Incident","https://www.bleepingcomputer.com/news/security/label-giant-avery-says-website-hacked-to-steal-credit-cards/","Source"
"Retail Trade and Consumer Services::AutoCanada","Incident","https://www.bleepingcomputer.com/news/security/autocanada-says-ransomware-attack-may-impact-employee-data/","Source"
"Retail Trade and Consumer Services::MarineMax","Incident","https://www.bleepingcomputer.com/news/security/yacht-giant-marinemax-data-breach-impacts-over-123-000-people/","Source"
"Retail Trade and Consumer Services::Rite Aid","Incident","https://www.bleepingcomputer.com/news/security/rite-aid-says-june-data-breach-impacts-22-million-people/","Source"
"Retail Trade and Consumer Services::London Drugs","Incident","https://www.bleepingcomputer.com/news/security/fbi-recovers-7-000-lockbit-keys-urges-ransomware-victims-to-reach-out/","Source"
"Retail Trade and Consumer Services::VF Corporation","Incident","https://www.bleepingcomputer.com/news/security/vans-north-face-owner-says-ransomware-breach-affects-35-million-people/","Source"
"Retail Trade and Consumer Services::AutoZone","Incident","https://www.bleepingcomputer.com/news/security/auto-parts-giant-autozone-warns-of-moveit-data-breach/","Source"
"Retail Trade and Consumer Services::Est e Lauder","Incident","https://www.bleepingcomputer.com/news/security/alphv-ransomware-adds-data-leak-api-in-new-extortion-strategy/","Source"
"Retail Trade and Consumer Services::Shutterfly","Incident","https://www.bleepingcomputer.com/news/security/the-week-in-ransomware-july-21st-2023-avaddon-back-as-noescape/","Source"
"Retail Trade and Consumer Services::Saks Fifth Avenue","Incident","https://www.bleepingcomputer.com/news/security/the-week-in-ransomware-march-24th-2023-clop-overload/","Source"
"Retail Trade and Consumer Services::Indigo Books Music","Incident","https://www.bleepingcomputer.com/news/security/the-week-in-ransomware-february-10th-2023-clops-back/","Source"
"Retail Trade and Consumer Services::Arnold Clark","Incident","https://www.bleepingcomputer.com/news/security/arnold-clark-customer-data-stolen-in-attack-claimed-by-play-ransomware/","Source"
"Retail Trade and Consumer Services::Sobeys","Incident","https://www.bleepingcomputer.com/news/security/the-week-in-ransomware-november-11th-2022-lockbit-feeling-the-heat/","Source"
"Retail Trade and Consumer Services::Pendragon Group","Incident","https://www.bleepingcomputer.com/news/security/pendragon-car-dealer-refuses-60-million-lockbit-ransomware-demand/","Source"
"Retail Trade and Consumer Services::Damart","Incident","https://www.bleepingcomputer.com/news/security/damart-clothing-store-hit-by-hive-ransomware-2-million-demanded/","Source"
"Retail Trade and Consumer Services::7-Eleven Denmark","Incident","https://www.bleepingcomputer.com/news/security/7-eleven-denmark-confirms-ransomware-attack-behind-store-closures/","Source"
"Retail Trade and Consumer Services::Walmart","Incident","https://www.bleepingcomputer.com/news/security/walmart-denies-being-hit-by-yanluowang-ransomware-attack/","Source"
"Retail Trade and Consumer Services::Fast Shop","Incident","https://www.bleepingcomputer.com/news/security/the-week-in-ransomware-june-24th-2022-splinter-cells/","Source"
"Retail Trade and Consumer Services::Shoprite Holdings","Incident","https://www.bleepingcomputer.com/news/security/the-week-in-ransomware-june-17th-2022-have-i-been-ransomed/","Source"
"Telecommunications::Telecom Argentina S.A.","Incident","https://www.welivesecurity.com/2020/07/21/telecom-argentina-hit-major-ransomware-attack/","Source"
"Telecommunications::Telecom Argentina S.A.","Incident","https://www.infosecurity-magazine.com/news/telecom-argentina-tuesday-75/","Source"
"Telecommunications::Telecom Argentina S.A.","Incident","https://www.secureworld.io/industry-news/argentinian-isp-hit-with-7.5-million-ransomware-attack","Source"
"Telecommunications::Cincinnati Bell (now altafiber)","Incident","https://www.ransomware.live/id/Q2luY2lubmF0aSBiZWxsIGRpZG7igJl0IHBheSB0aGUgcmFuc29t@yanluowang","Source"
"Telecommunications::Cincinnati Bell (now altafiber)","Incident","https://cti.fyi/groups/yanluowang.html","Source"
"Telecommunications::Telecommunications Services of Trinidad and Tobago (TSTT)","Incident","https://technewstt.com/tstt-ransomexx-exploit/","Source"
"Telecommunications::Telecommunications Services of Trinidad and Tobago (TSTT)","Incident","https://trinidadexpress.com/news/local/over-one-million-tstt-customer-records-on-dark-web/article_a21817e2-79eb-11ee-9c24-c35f8111013c.html","Source"
"Telecommunications::Telecommunications Services of Trinidad and Tobago (TSTT)","Incident","https://advox.globalvoices.org/2023/11/08/trinidad-tobagos-state-telecommunications-provider-is-hacked-raising-questions-about-data-protection-laws/","Source"
"Telecommunications::WideOpenWest (WOW!)","Incident","https://www.securityweek.com/new-ransomware-group-claims-attack-on-us-telecom-firm-wideopenwest/","Source"
"Telecommunications::WideOpenWest (WOW!)","Incident","https://cybersecuritynews.com/arkana-ransomware-stolen-2-2-million-customer-records/","Source"
"Telecommunications::WideOpenWest (WOW!)","Incident","https://www.theregister.com/2025/03/28/arkana_wow_ransomware/","Source"
"Telecommunications::WideOpenWest (WOW!)","Incident","https://www.sec.gov/Archives/edgar/data/1701051/000110465925029187/tm2428184d1_8k.htm","Source"
"Telecommunications::SK Telecom","Incident","https://techcrunch.com/2025/05/08/a-timeline-of-south-korean-telco-giant-skts-data-breach/","Source"
"Telecommunications::SK Telecom","Incident","https://cybermagazine.com/news/sk-telecom-face-mammoth-us-97m-data-breach-fine","Source"
"Telecommunications::SK Telecom","Incident","https://www.koreaherald.com/article/10563945","Source"
"Telecommunications::SK Telecom","Incident","https://www.zeebiz.com/companies/news-sk-telecom-told-to-pay-100000-won-each-to-23-million-users-after-massive-data-breach-386203","Source"
"Telecommunications::Colt Technology Services","Incident","https://www.theregister.com/2025/08/15/london_telco_colts_services_disrupted/","Source"
"Telecommunications::Colt Technology Services","Incident","https://securityaffairs.com/181247/data-breach/colt-technology-faces-multi-day-outage-after-warlock-ransomware-attack.html","Source"
"Telecommunications::Colt Technology Services","Incident","https://www.sdxcentral.com/news/colt-ransomware-recovery-to-continue-close-to-year-end/","Source"
"Telecommunications::Colt Technology Services","Incident","https://www.computerweekly.com/news/366629873/Warlock-claims-more-victims-as-cyber-attacks-hit-Colt-and-Orange","Source"
"Telecommunications::Orange S.A. (Orange Group, incl. Orange Belgium subsidiary)","Incident","https://www.bloomberg.com/news/articles/2025-08-22/ransomware-hack-hit-orange-telecom-data-published-on-dark-web","Source"
"Telecommunications::Orange S.A. (Orange Group, incl. Orange Belgium subsidiary)","Incident","https://slcyber.io/blog/warlock-ransomware-gang-targets-orange-and-colt/","Source"
"Telecommunications::Orange S.A. (Orange Group, incl. Orange Belgium subsidiary)","Incident","https://www.securityweek.com/orange-belgium-data-breach-impacts-850000-customers/","Source"
"Telecommunications::Orange S.A. (Orange Group, incl. Orange Belgium subsidiary)","Incident","https://www.insurancejournal.com/news/international/2025/08/25/836826.htm","Source"
"Telecommunications::American Tower Corporation","Incident","https://www.dexpose.io/shinyhunters-breach-american-tower-corporation/","Source"
"Telecommunications::American Tower Corporation","Incident","https://www.technadu.com/american-tower-data-breach-215000-accounts-exposed-in-shinyhunters-attack/629952/","Source"
"Telecommunications::American Tower Corporation","Incident","https://haveibeenpwned.com/Breach/AmericanTower","Source"
"Telecommunications::Lumen Technologies, Inc.","Incident","https://www.sec.gov/Archives/edgar/data/18926/000119312523079847/d467138d8k.htm","Source"
"Telecommunications::Ascom","Incident","https://www.bleepingcomputer.com/news/security/hellcat-hackers-go-on-a-worldwide-jira-hacking-spree/","Source"
"Telecommunications::BT Group","Incident","https://www.bleepingcomputer.com/news/security/bt-conferencing-division-took-servers-offline-after-black-basta-ransomware-attack/","Source"
"Telecommunications::Frontier Communications","Incident","https://www.bleepingcomputer.com/news/security/frontier-warns-750-000-of-a-data-breach-after-extortion-threats/","Source"
"Telecommunications::Tigo Business","Incident","https://www.bleepingcomputer.com/news/security/paraguay-warns-of-black-hunt-ransomware-attacks-after-tigo-business-breach/","Source"
"Telecommunications::Grupo GTD","Incident","https://www.bleepingcomputer.com/news/security/chilean-telecom-giant-gtd-hit-by-the-rorschach-ransomware-gang/","Source"
"Telecommunications::Intrado","Incident","https://www.bleepingcomputer.com/news/security/royal-ransomware-claims-attack-on-intrado-telecom-provider/","Source"
"Telecommunications::Bell Technical Solutions (BTS)","Incident","https://www.bleepingcomputer.com/news/security/the-week-in-ransomware-september-16th-2022-iranian-sanctions/","Source"
"Telecommunications::Bell Technical Solutions","Incident","https://www.bleepingcomputer.com/news/security/hive-ransomware-claims-cyberattack-on-bell-canada-subsidiary/","Source"
"Telecommunications::Mitel","Incident","https://www.bleepingcomputer.com/news/security/mitel-zero-day-used-by-hackers-in-suspected-ransomware-attack/","Source"
"Transportation and Warehousing::A.P. Moller-Maersk","Incident","https://www.cnbc.com/2017/08/16/maersk-says-notpetya-cyberattack-could-cost-300-million.html","Source"
"Transportation and Warehousing::A.P. Moller-Maersk","Incident","https://www.forbes.com/sites/leemathews/2017/08/16/notpetya-ransomware-attack-cost-shipping-giant-maersk-over-200-million/","Source"
"Transportation and Warehousing::A.P. Moller-Maersk","Incident","https://www.csoonline.com/article/567845/rebuilding-after-notpetya-how-maersk-moved-forward.html","Source"
"Transportation and Warehousing::A.P. Moller-Maersk","Incident","https://www.techtarget.com/searchsecurity/news/450424681/NotPetya-ransomware-impact-costs-Maersk-hundreds-of-millions","Source"
"Transportation and Warehousing::Toll Group","Incident","https://threatpost.com/ransomware-attack-toll-group-systems-again/155505/","Source"
"Transportation and Warehousing::Toll Group","Incident","https://www.bleepingcomputer.com/news/security/toll-group-hit-by-ransomware-a-second-time-deliveries-affected/","Source"
"Transportation and Warehousing::Toll Group","Incident","https://www.itnews.com.au/news/toll-group-suffers-second-ransomware-attack-this-year-547757","Source"
"Transportation and Warehousing::Expeditors International of Washington","Incident","https://www.sec.gov/Archives/edgar/data/746515/000156459022027382/expd-ex991_6.htm","Source"
"Transportation and Warehousing::Expeditors International of Washington","Incident","https://www.sec.gov/Archives/edgar/data/746515/000095017023005412/expd-20221231.htm","Source"
"Transportation and Warehousing::Expeditors International of Washington","Incident","https://www.thestack.technology/expeditors-ransomware-costs-freight-forwarding/","Source"
"Transportation and Warehousing::Expeditors International of Washington","Incident","https://www.geekwire.com/2022/supply-chain-giant-expeditors-is-still-recovering-from-cyberattack-expects-material-adverse-impact/","Source"
"Transportation and Warehousing::Port of Nagoya (Nagoya Harbor Transportation Association / Nagoya United Terminal System)","Incident","https://edition.cnn.com/2023/07/06/tech/japan-port-ransomware-attack","Source"
"Transportation and Warehousing::Port of Nagoya (Nagoya Harbor Transportation Association / Nagoya United Terminal System)","Incident","https://www.dragos.com/blog/ot-cybersecurity-breach-disrupts-operations-at-the-port-of-nagoya-japan","Source"
"Transportation and Warehousing::Port of Nagoya (Nagoya Harbor Transportation Association / Nagoya United Terminal System)","Incident","https://www.theregister.com/2023/07/06/lockbit_nagoya_attack/","Source"
"Transportation and Warehousing::Port of Nagoya (Nagoya Harbor Transportation Association / Nagoya United Terminal System)","Incident","https://maritime-executive.com/article/ransomware-attack-stops-container-operations-japan-s-nagoya-port","Source"
"Transportation and Warehousing::KNP Logistics Group (Knights of Old)","Incident","https://therecord.media/knp-logistics-ransomware-insolvency-uk","Source"
"Transportation and Warehousing::KNP Logistics Group (Knights of Old)","Incident","https://www.weightmans.com/media-centre/news/how-ransomware-crippled-knp-logistics-group/","Source"
"Transportation and Warehousing::KNP Logistics Group (Knights of Old)","Incident","https://thehackernews.com/2025/09/how-one-bad-password-ended-158-year-old.html","Source"
"Transportation and Warehousing::KNP Logistics Group (Knights of Old)","Incident","https://dig.watch/updates/historic-uk-knp-transport-firm-collapses-after-ransomware-attack","Source"
"Transportation and Warehousing::Estes Express Lines","Incident","https://www.theregister.com/2024/01/03/estes_ransomware/","Source"
"Transportation and Warehousing::Estes Express Lines","Incident","https://www.classaction.org/news/trucking-company-estes-hit-with-class-action-over-cyberattack-affecting-21k","Source"
"Transportation and Warehousing::Estes Express Lines","Incident","https://www.truckingdive.com/news/estes-express-lines-cyberattack-social-security-numbers-update/703427/","Source"
"Transportation and Warehousing::Estes Express Lines","Incident","https://www.comparitech.com/news/freight-forwarder-estes-notifies-data-breach-victims-ransomware-gang-takes-credit/","Source"
"Transportation and Warehousing::ORBCOMM (FleetManager / BT-series ELD platform)","Incident","https://www.bleepingcomputer.com/news/security/orbcomm-ransomware-attack-causes-trucking-fleet-management-outage/","Source"
"Transportation and Warehousing::ORBCOMM (FleetManager / BT-series ELD platform)","Incident","https://therecord.media/orbcomm-trucking-software-ransomware","Source"
"Transportation and Warehousing::ORBCOMM (FleetManager / BT-series ELD platform)","Incident","https://www.freightwaves.com/news/ransomware-attack-hits-orbcomms-bt-series-of-elds-paper-logs-are-back","Source"
"Transportation and Warehousing::JAS Worldwide","Incident","https://www.freightwaves.com/news/global-freight-forwarder-confirms-malware-attack-for-technical-disruptions","Source"
"Transportation and Warehousing::JAS Worldwide","Incident","https://theloadstar.com/jas-worldwide-suffers-cyber-attack/","Source"
"Transportation and Warehousing::JAS Worldwide","Incident","https://thecyberexpress.com/cyberattack-on-jas-worldwide/","Source"
"Transportation and Warehousing::JAS Worldwide","Incident","https://dysruptionhub.com/ransomware-attack-disrupts-global-operations-of-jas-worldwide/","Source"
"Transportation and Warehousing::RTX Corporation","Incident","https://www.sec.gov/Archives/edgar/data/101829/000010182925000036/rtx-20250919.htm","Source"
"Transportation and Warehousing::Manchester Airports Group","Incident","https://www.bleepingcomputer.com/news/security/manchester-airports-group-says-hackers-stole-travelers-data/","Source"
"Transportation and Warehousing::Port of Seattle","Incident","https://www.bleepingcomputer.com/news/security/port-of-seattle-says-ransomware-breach-impacts-90-000-people/","Source"
"Transportation and Warehousing::Americold","Incident","https://www.bleepingcomputer.com/news/security/cold-storage-giant-americold-discloses-data-breach-after-april-malware-attack/","Source"
"Transportation and Warehousing::Allied Pilots Association","Incident","https://www.bleepingcomputer.com/news/security/american-airlines-pilot-union-hit-by-ransomware-attack/","Source"
"Transportation and Warehousing::Air Canada","Incident","https://www.bleepingcomputer.com/news/security/the-week-in-ransomware-october-13th-2023-increasing-attacks/","Source"
"Transportation and Warehousing::ORBCOMM","Incident","https://www.bleepingcomputer.com/news/security/orbcomm-ransomware-attack-causes-trucking-fleet-management-outage/","Source"
"Transportation and Warehousing::Auckland Transport","Incident","https://www.bleepingcomputer.com/news/security/auckland-transport-authority-hit-by-suspected-ransomware-attack/","Source"
"Transportation and Warehousing::Port of Nagoya","Incident","https://www.bleepingcomputer.com/news/security/japans-largest-port-stops-operations-after-ransomware-attack/","Source"
"Transportation and Warehousing::Royal Mail","Incident","https://www.bleepingcomputer.com/news/security/lockbit-ransomware-gang-claims-royal-mail-cyberattack/","Source"
"Transportation and Warehousing::Wabtec Corporation","Incident","https://www.bleepingcomputer.com/news/security/rail-giant-wabtec-discloses-data-breach-after-lockbit-ransomware-attack/","Source"
"Transportation and Warehousing::Port of Lisbon Administration (APL)","Incident","https://www.bleepingcomputer.com/news/security/lockbit-ransomware-claims-attack-on-port-of-lisbon-in-portugal/","Source"
"Transportation and Warehousing::transportation and logistics organizations in Ukraine and Poland","Incident","https://www.bleepingcomputer.com/news/security/russian-military-hackers-linked-to-ransomware-attacks-in-ukraine/","Source"
"Transportation and Warehousing::TAP Air Portugal","Incident","https://www.bleepingcomputer.com/news/security/ragnar-locker-ransomware-claims-attack-on-portugals-flag-airline/","Source"
"Transportation and Warehousing::SpiceJet","Incident","https://www.bleepingcomputer.com/news/security/spicejet-airline-passengers-stranded-after-ransomware-attack/","Source"