from,from_label,to,to_label
"initial access vectors","Hazard","initial access vectors::help desk call center social engineering and vishing to reset mfa or credentials scattered spider style attacks on mgm caesars","Subcategory"
"initial access vectors","Hazard","initial access vectors::phishing and callback phishing eg silent ransom group style tactics","Subcategory"
"initial access vectors","Hazard","initial access vectors::compromised or purchased credentials often sourced via infostealer malware from employee or third party devices","Subcategory"
"initial access vectors","Hazard","initial access vectors::exploitation of internet facing pms booking or pos software vulnerabilities","Subcategory"
"initial access vectors","Hazard","initial access vectors::compromise of third party it support managed service providers with privileged remote access","Subcategory"
"initial access vectors","Hazard","initial access vectors::compromise via franchise partner networks with shared or federated access to corporate systems","Subcategory"
"extortion tactics","Hazard","extortion tactics::encryption of operational systems pms pos reservations causing immediate highly visible service disruption","Subcategory"
"extortion tactics","Hazard","extortion tactics::data exfiltration and double triple extortion threatening publication of guest loyalty pii id scans financial data","Subcategory"
"extortion tactics","Hazard","extortion tactics::direct harassment of executives guests or loyalty program members with stolen data","Subcategory"
"extortion tactics","Hazard","extortion tactics::publication of sensitive operational or ip like materials eg unreleased attraction designs menus pricing as leverage distinct to entertainment theme park operators","Subcategory"
"extortion tactics","Hazard","extortion tactics::timing attacks to coincide with peak seasons holidays or major events to maximize revenue loss pressure and increase likelihood of ransom payment","Subcategory"
"extortion tactics","Hazard","extortion tactics::pure data theft extortion without encryption eg shinyhunters scattered spider linked groups increasingly skip encryption and threaten to leak only","Subcategory"
"operational technology ot and physical safety adjacent risk","Hazard","operational technology ot and physical safety adjacent risk::casino floor and gaming machine network disruption","Subcategory"
"operational technology ot and physical safety adjacent risk","Hazard","operational technology ot and physical safety adjacent risk::digital door lock and access control system failures stranding guests or preventing check in","Subcategory"
"operational technology ot and physical safety adjacent risk","Hazard","operational technology ot and physical safety adjacent risk::point of sale payment terminal outages forcing cash only operations","Subcategory"
"operational technology ot and physical safety adjacent risk","Hazard","operational technology ot and physical safety adjacent risk::ride attraction control and building management system exposure at theme parks and large venues","Subcategory"
"operational technology ot and physical safety adjacent risk","Hazard","operational technology ot and physical safety adjacent risk::kitchen ordering and inventory system outages disrupting food safety and service continuity","Subcategory"
"third party and supply chain risk","Hazard","third party and supply chain risk::managed service provider msp it help desk vendor compromise root cause of mgm and caesars incidents","Subcategory"
"third party and supply chain risk","Hazard","third party and supply chain risk::saas booking pms or supply chain platform compromise affecting many downstream hotel restaurant brands simultaneously mirrors blue yonder type incidents verizon dbir flagged for accommodation food services","Subcategory"
"third party and supply chain risk","Hazard","third party and supply chain risk::construction renovation or facilities contractor breaches exposing sensitive operational data disneyland paris partner breach","Subcategory"
"third party and supply chain risk","Hazard","third party and supply chain risk::franchise master licensor shared infrastructure compromise cascading to independently owned locations","Subcategory"
"third party and supply chain risk","Hazard","third party and supply chain risk::payment processor or gift card platform compromise","Subcategory"
"insider and workforce risk","Hazard","insider and workforce risk::high staff turnover creating stale orphaned credentials and inconsistent access de provisioning","Subcategory"
"insider and workforce risk","Hazard","insider and workforce risk::seasonal and temporary contract staff with broad system access and less security training","Subcategory"
"insider and workforce risk","Hazard","insider and workforce risk::front desk pos level social engineering targets staff empowered to make account reservation changes","Subcategory"
"insider and workforce risk","Hazard","insider and workforce risk::shared or weakly managed credentials across large decentralized property networks","Subcategory"
"regulatory contractual and reputational exposure","Hazard","regulatory contractual and reputational exposure::pci dss obligations for any entity processing card payments hotels restaurants casinos ticketing","Subcategory"
"regulatory contractual and reputational exposure","Hazard","regulatory contractual and reputational exposure::state national breach notification laws frequent driver of disclosed incident detail in this sector as seen in maine ag filings","Subcategory"
"regulatory contractual and reputational exposure","Hazard","regulatory contractual and reputational exposure::gaming commission and casino regulator compliance obligations","Subcategory"
"regulatory contractual and reputational exposure","Hazard","regulatory contractual and reputational exposure::gdpr international privacy law exposure for globally operating hotel chains and cruise lines","Subcategory"
"regulatory contractual and reputational exposure","Hazard","regulatory contractual and reputational exposure::consumer class action litigation risk following large loyalty program or guest data breaches mgm caesars marriott","Subcategory"
"regulatory contractual and reputational exposure","Hazard","regulatory contractual and reputational exposure::brand reputational risk disproportionate to direct financial loss given guest trust dependent business models","Subcategory"
"guest facing reservation and property systems","Exposure","guest facing reservation and property systems::property management systems pms for hotels resorts","Subcategory"
"guest facing reservation and property systems","Exposure","guest facing reservation and property systems::central reservation systems crs and channel managers ota integrations","Subcategory"
"guest facing reservation and property systems","Exposure","guest facing reservation and property systems::digital room key electronic lock systems","Subcategory"
"guest facing reservation and property systems","Exposure","guest facing reservation and property systems::restaurant venue reservation and table management platforms","Subcategory"
"guest facing reservation and property systems","Exposure","guest facing reservation and property systems::ticketing and admissions systems theme parks museums theaters sporting entertainment venues","Subcategory"
"guest facing reservation and property systems","Exposure","guest facing reservation and property systems::event and conference booking platforms","Subcategory"
"payment and point of sale pos infrastructure","Exposure","payment and point of sale pos infrastructure::pos terminals and back office pos servers restaurants bars retail outlets cafs","Subcategory"
"payment and point of sale pos infrastructure","Exposure","payment and point of sale pos infrastructure::payment gateways and card present processing systems","Subcategory"
"payment and point of sale pos infrastructure","Exposure","payment and point of sale pos infrastructure::gift card stored value and mobile order ahead platforms","Subcategory"
"payment and point of sale pos infrastructure","Exposure","payment and point of sale pos infrastructure::casino cage kiosk and cashless wagering systems","Subcategory"
"payment and point of sale pos infrastructure","Exposure","payment and point of sale pos infrastructure::atms and self service payment kiosks on premises","Subcategory"
"guest and member personal data pii","Exposure","guest and member personal data pii::loyalty rewards program databases names contact info tier points data","Subcategory"
"guest and member personal data pii","Exposure","guest and member personal data pii::government id data passport drivers license national id numbers collected for check in kyc casino compliance","Subcategory"
"guest and member personal data pii","Exposure","guest and member personal data pii::social security national insurance numbers employee and in some jurisdictions guest records","Subcategory"
"guest and member personal data pii","Exposure","guest and member personal data pii::payment card and billing data","Subcategory"
"guest and member personal data pii","Exposure","guest and member personal data pii::health dietary accessibility data spas cruise lines event catering","Subcategory"
"guest and member personal data pii","Exposure","guest and member personal data pii::minors data theme parks family resorts youth programs","Subcategory"
"casino and gaming specific systems","Exposure","casino and gaming specific systems::slot machine and cashless wagering networks","Subcategory"
"casino and gaming specific systems","Exposure","casino and gaming specific systems::surveillance and physical security systems often networked to it","Subcategory"
"casino and gaming specific systems","Exposure","casino and gaming specific systems::player tracking rewards card systems","Subcategory"
"casino and gaming specific systems","Exposure","casino and gaming specific systems::sports betting and online gaming platforms","Subcategory"
"casino and gaming specific systems","Exposure","casino and gaming specific systems::regulatory compliance reporting systems gaming commissions","Subcategory"
"third party and supply chain exposure","Exposure","third party and supply chain exposure::it help desk managed service providers a common initial access vector eg mgm caesars","Subcategory"
"third party and supply chain exposure","Exposure","third party and supply chain exposure::third party booking ticketing and ota platforms","Subcategory"
"third party and supply chain exposure","Exposure","third party and supply chain exposure::food and beverage supply chain and distribution logistics vendors eg blue yonder type saas incidents","Subcategory"
"third party and supply chain exposure","Exposure","third party and supply chain exposure::construction renovation and facilities contractors with access to internal systems data eg disneyland paris partner breach","Subcategory"
"third party and supply chain exposure","Exposure","third party and supply chain exposure::staffing agencies and payroll hr outsourcing providers","Subcategory"
"third party and supply chain exposure","Exposure","third party and supply chain exposure::franchise and multi brand management companies operating shared back office systems across many independently branded properties","Subcategory"
"building iot and physical operations technology","Exposure","building iot and physical operations technology::hvac elevator and building management systems","Subcategory"
"building iot and physical operations technology","Exposure","building iot and physical operations technology::digital signage and in room entertainment systems","Subcategory"
"building iot and physical operations technology","Exposure","building iot and physical operations technology::wi fi and guest network infrastructure","Subcategory"
"building iot and physical operations technology","Exposure","building iot and physical operations technology::access control and key card provisioning systems","Subcategory"
"building iot and physical operations technology","Exposure","building iot and physical operations technology::ride attraction control systems theme parks and av production systems theaters arenas","Subcategory"
"corporate financial and employee systems","Exposure","corporate financial and employee systems::employee hr payroll records ssns banking details","Subcategory"
"corporate financial and employee systems","Exposure","corporate financial and employee systems::corporate financial erp systems","Subcategory"
"corporate financial and employee systems","Exposure","corporate financial and employee systems::email and collaboration communication platforms","Subcategory"
"corporate financial and employee systems","Exposure","corporate financial and employee systems::franchise financial reporting and multi property accounting consolidations","Subcategory"
"initial access vectors","Hazard","initial access vectors::phishing business email compromise targeting procurement logistics and finance staff single click compromise as in the ahold delhaize usa breach","Subcategory"
"initial access vectors","Hazard","initial access vectors::exploitation of internet facing edge devices and unpatched vpns rdp and firewalls at remote farms elevators plants and cold storage sites","Subcategory"
"initial access vectors","Hazard","initial access vectors::mass exploitation of zero day managed file transfer and enterprise software vulnerabilities cl0p style campaigns against the sector","Subcategory"
"initial access vectors","Hazard","initial access vectors::valid stolen credentials sourced from infostealer logs ransomwarelive records infostealer linked exposure for many food ag domains","Subcategory"
"initial access vectors","Hazard","initial access vectors::compromise of third party it ot integrators msps ag tech saas and remote maintenance access into plant networks","Subcategory"
"initial access vectors","Hazard","initial access vectors::weak segmentation between corporate it and plant ot allowing lateral movement from an office foothold into production","Subcategory"
"extortion and impact tactics","Hazard","extortion and impact tactics::encryption of production erp warehouse and ordering systems that halts slaughter processing packing invoicing and dispatch jbs kp snacks unfi","Subcategory"
"extortion and impact tactics","Hazard","extortion and impact tactics::double extortion exfiltration of data plus threat to leak conti kp snacks inc ransom ahold delhaize blackmatter new cooperative","Subcategory"
"extortion and impact tactics","Hazard","extortion and impact tactics::perishability driven time pressure spoilage of raw materials finished goods and livestock welfare used as urgency leverage","Subcategory"
"extortion and impact tactics","Hazard","extortion and impact tactics::food security public safety framing to raise reputational and regulatory stakes on a critical infrastructure victim","Subcategory"
"extortion and impact tactics","Hazard","extortion and impact tactics::re extortion and data recycling eg 2026 coinbasecartel posting reusing jbs data years after the original event","Subcategory"
"extortion and impact tactics","Hazard","extortion and impact tactics::triple extortion harassment of customers growers and downstream retailers whose shelves empty during an outage","Subcategory"
"ot ics and physical process risk","Hazard","ot ics and physical process risk::plant scada plc and process control systems for slaughter lines pasteurization cooking canning milling and bottling","Subcategory"
"ot ics and physical process risk","Hazard","ot ics and physical process risk::cold chain and refrigeration hvac controls where downtime causes spoilage or food safety failures","Subcategory"
"ot ics and physical process risk","Hazard","ot ics and physical process risk::automated milking feeding ventilation and climate systems in livestock poultry dairy operations animal welfare risk","Subcategory"
"ot ics and physical process risk","Hazard","ot ics and physical process risk::precision agriculture and equipment telematics gps guided machinery grain drying irrigation environmental controls","Subcategory"
"ot ics and physical process risk","Hazard","ot ics and physical process risk::building management and food safety monitoring systems temperature logging haccp linked sensors","Subcategory"
"ot ics and physical process risk","Hazard","ot ics and physical process risk::it ot convergence and flat networks that let office ransomware reach production floors","Subcategory"
"supply chain and third party concentration risk","Hazard","supply chain and third party concentration risk::concentration risk in dominant nodes few large meatpackers a single primary grocery distributor such as unfi supplying 30000 stores","Subcategory"
"supply chain and third party concentration risk","Hazard","supply chain and third party concentration risk::cooperative shared platform risk where one hub serves many farms new cooperative claimed to touch 40 of us grain production","Subcategory"
"supply chain and third party concentration risk","Hazard","supply chain and third party concentration risk::downstream disruption to retailers and food service empty shelves salad kit and crisp shortages creating contractual and liability exposure","Subcategory"
"supply chain and third party concentration risk","Hazard","supply chain and third party concentration risk::upstream dependency on agrochemical seed feed packaging and logistics vendors as attack conduits","Subcategory"
"supply chain and third party concentration risk","Hazard","supply chain and third party concentration risk::ag tech saas and cloud erp dependencies soilmap type platforms farm management software","Subcategory"
"supply chain and third party concentration risk","Hazard","supply chain and third party concentration risk::cross border multi plant footprints that let a single intrusion affect operations on several continents jbs us canada australia","Subcategory"
"regulatory legal and food security exposure","Hazard","regulatory legal and food security exposure::critical infrastructure reporting obligations cisa circia in the us nis2 in the eu and national food security scrutiny","Subcategory"
"regulatory legal and food security exposure","Hazard","regulatory legal and food security exposure::data breach notification and privacy liability state ag filings gdpr for employee grower and customer pii ssns ahold delhaize 22m individuals","Subcategory"
"regulatory legal and food security exposure","Hazard","regulatory legal and food security exposure::food safety regulatory fallout when process monitoring systems are compromised fda usda haccp records","Subcategory"
"regulatory legal and food security exposure","Hazard","regulatory legal and food security exposure::sanctions ofac risk when paying groups linked to sanctioned actors","Subcategory"
"regulatory legal and food security exposure","Hazard","regulatory legal and food security exposure::securities disclosure exposure for public companies sec 8 k 6 k materiality dole and unfi quantified impacts in filings","Subcategory"
"regulatory legal and food security exposure","Hazard","regulatory legal and food security exposure::contractual penalties and litigation from retailers distributors and cooperative members affected by supply failure","Subcategory"
"insider workforce and operational maturity risk","Hazard","insider workforce and operational maturity risk::large seasonal temporary and low turnover training workforce increasing phishing susceptibility","Subcategory"
"insider workforce and operational maturity risk","Hazard","insider workforce and operational maturity risk::historically thin cybersecurity budgets and staffing especially at farms co ops and mid size processors dhs records noted jbss pre attack security as unusually poor","Subcategory"
"insider workforce and operational maturity risk","Hazard","insider workforce and operational maturity risk::legacy and end of life systems in plants and back office dole half of legacy servers affected","Subcategory"
"insider workforce and operational maturity risk","Hazard","insider workforce and operational maturity risk::limited backup recovery testing and lack of manual fallback procedures for automated operations","Subcategory"
"insider workforce and operational maturity risk","Hazard","insider workforce and operational maturity risk::dispersed rural sites with inconsistent monitoring and slow patch cycles","Subcategory"
"insider workforce and operational maturity risk","Hazard","insider workforce and operational maturity risk::insider access at co ops and family closely held businesses with informal it governance","Subcategory"
"production and operational technology systems","Exposure","production and operational technology systems::processing line scada plc dcs slaughter milling pasteurization cooking canning bottling","Subcategory"
"production and operational technology systems","Exposure","production and operational technology systems::cold storage refrigeration hvac and environmental controls","Subcategory"
"production and operational technology systems","Exposure","production and operational technology systems::automated milking feeding ventilation and livestock climate systems","Subcategory"
"production and operational technology systems","Exposure","production and operational technology systems::precision ag equipment telematics gps guidance irrigation and grain drying controls","Subcategory"
"production and operational technology systems","Exposure","production and operational technology systems::food safety and quality monitoring sensor systems temperature logging haccp instrumentation","Subcategory"
"production and operational technology systems","Exposure","production and operational technology systems::warehouse automation robotics and conveyance in distribution centers","Subcategory"
"enterprise it erp and ordering logistics platforms","Exposure","enterprise it erp and ordering logistics platforms::erp mrp and inventory management systems","Subcategory"
"enterprise it erp and ordering logistics platforms","Exposure","enterprise it erp and ordering logistics platforms::electronic ordering edi invoicing and payment systems unfi outage crippled ordering invoicing","Subcategory"
"enterprise it erp and ordering logistics platforms","Exposure","enterprise it erp and ordering logistics platforms::warehouse management and transportation fleet management systems","Subcategory"
"enterprise it erp and ordering logistics platforms","Exposure","enterprise it erp and ordering logistics platforms::corporate email file repositories and active directory identity infrastructure","Subcategory"
"enterprise it erp and ordering logistics platforms","Exposure","enterprise it erp and ordering logistics platforms::back office finance hr and payroll systems","Subcategory"
"enterprise it erp and ordering logistics platforms","Exposure","enterprise it erp and ordering logistics platforms::legacy and end of life servers and end user computers","Subcategory"
"sensitive data assets","Exposure","sensitive data assets::employee grower pii including ssns drivers licenses and passports ahold delhaize names dob government ids","Subcategory"
"sensitive data assets","Exposure","sensitive data assets::customer and loyalty pharmacy data at grocery affiliated operations","Subcategory"
"sensitive data assets","Exposure","sensitive data assets::financial banking and payment card records","Subcategory"
"sensitive data assets","Exposure","sensitive data assets::proprietary r and d recipes breeding genetics data and agronomic ip blackmatter stole new cooperatives soilmap source code","Subcategory"
"sensitive data assets","Exposure","sensitive data assets::contracts pricing supplier and cooperative member records","Subcategory"
"sensitive data assets","Exposure","sensitive data assets::food safety traceability and compliance documentation","Subcategory"
"third party and supply chain dependencies","Exposure","third party and supply chain dependencies::grocery retailers food service buyers and downstream distributors dependent on continuous supply","Subcategory"
"third party and supply chain dependencies","Exposure","third party and supply chain dependencies::cooperative members and affiliated farms sharing a common platform hub","Subcategory"
"third party and supply chain dependencies","Exposure","third party and supply chain dependencies::upstream input suppliers seed feed fertilizer agrochemicals packaging","Subcategory"
"third party and supply chain dependencies","Exposure","third party and supply chain dependencies::logistics cold chain and 3pl transportation providers","Subcategory"
"third party and supply chain dependencies","Exposure","third party and supply chain dependencies::ag tech farm management saas cloud erp and remote support msps integrators","Subcategory"
"third party and supply chain dependencies","Exposure","third party and supply chain dependencies::payment processors and banking partners","Subcategory"
"physical goods livestock and continuity assets","Exposure","physical goods livestock and continuity assets::perishable raw materials and finished inventory at risk of spoilage during outages","Subcategory"
"physical goods livestock and continuity assets","Exposure","physical goods livestock and continuity assets::live animals dependent on automated feeding watering and climate control welfare and mortality risk","Subcategory"
"physical goods livestock and continuity assets","Exposure","physical goods livestock and continuity assets::cold chain integrity across storage and transit","Subcategory"
"physical goods livestock and continuity assets","Exposure","physical goods livestock and continuity assets::seasonal time critical processing windows harvest slaughter planting with no slack to absorb downtime","Subcategory"
"physical goods livestock and continuity assets","Exposure","physical goods livestock and continuity assets::manual workaround capacity and business continuity backup infrastructure","Subcategory"
"physical goods livestock and continuity assets","Exposure","physical goods livestock and continuity assets::brand reputation and consumer trust assets tied to food safety and availability","Subcategory"
"initial access vectors","Hazard","initial access vectors::phishing bec targeting project managers estimators and accounts payable staff constructions high value milestone based subcontractor and supplier payments make it a prime invoice fraud bec target often paired with or following a ransomware intrusion","Subcategory"
"initial access vectors","Hazard","initial access vectors::exploited perimeter and file transfer erp vulnerabilities in widely used enterprise software eg clops 2025 oracle e business suite cve 2025 61882 zero day campaign hit multiple construction firms including bechtel and kier within days of each other","Subcategory"
"initial access vectors","Hazard","initial access vectors::compromised vpn rdp credentials including access issued to jobsite trailers and temporary site networks with weaker controls than corporate hq","Subcategory"
"initial access vectors","Hazard","initial access vectors::infostealer harvested credentials from employee and third party devices ferrovials july 2026 ailock incident was linked to over 100 compromised employee and third party credential sets surfaced via infostealer telemetry","Subcategory"
"initial access vectors","Hazard","initial access vectors::compromised or over privileged subcontractor vendor remote access accounts on shared project extranets","Subcategory"
"extortion tactics","Hazard","extortion tactics::double extortion encryption plus exfiltration and leak site publication of stolen files the dominant model seen across qilin lockbit akira play dragonforce inc ransom incidents in the dataset","Subcategory"
"extortion tactics","Hazard","extortion tactics::triple extortion regulatory and reputational threats ailock explicitly threatens to notify regulators and competitors and gives victims a 72 hour response window","Subcategory"
"extortion tactics","Hazard","extortion tactics::pure data theft extortion without encryption everest has shifted toward this model used against turner construction","Subcategory"
"extortion tactics","Hazard","extortion tactics::threats to leak competitively sensitive bid pricing and design data to rival bidders or competitors ahead of tender awards","Subcategory"
"extortion tactics","Hazard","extortion tactics::mass name and shame campaigns where dozens of victims across many industries including construction are listed together after a single shared software exploit increasing pressure via public exposure even before individualized negotiation","Subcategory"
"ot iot and jobsite facilities technology risk","Hazard","ot iot and jobsite facilities technology risk::building management automation systems bms bas for hvac elevators and life safety systems on projects under a firms ongoing facilities management or warranty service contracts","Subcategory"
"ot iot and jobsite facilities technology risk","Hazard","ot iot and jobsite facilities technology risk::connected heavy equipment telematics and fleet gps tracking systems","Subcategory"
"ot iot and jobsite facilities technology risk","Hazard","ot iot and jobsite facilities technology risk::jobsite iot sensors structural concrete cure monitoring environmental sensors","Subcategory"
"ot iot and jobsite facilities technology risk","Hazard","ot iot and jobsite facilities technology risk::site security systems cameras badge access control on active construction sites","Subcategory"
"ot iot and jobsite facilities technology risk","Hazard","ot iot and jobsite facilities technology risk::potential physical safety and schedule disruption consequences if ot jobsite systems are affected distinct from pure data confidentiality harm","Subcategory"
"third party and supply chain risk","Hazard","third party and supply chain risk::shared collaboration bim platforms eg procore autodesk construction cloud bim 360 linking general contractors architects engineers and dozens of subcontractors","Subcategory"
"third party and supply chain risk","Hazard","third party and supply chain risk::common enterprise software creating simultaneous multi victim exposure bechtel and kier group were both hit within the same week during clops oracle ebs campaign despite being unrelated companies","Subcategory"
"third party and supply chain risk","Hazard","third party and supply chain risk::general contractor subcontractor sub subcontractor credential and data flows where the weakest link in the chain can expose the whole project","Subcategory"
"third party and supply chain risk","Hazard","third party and supply chain risk::architecture engineering design partners and geotechnical survey consultants with access to shared project data","Subcategory"
"third party and supply chain risk","Hazard","third party and supply chain risk::owner and lender portals used for draw requests and project financing exposing financial data outside the contractors own perimeter","Subcategory"
"insider and workforce risk","Hazard","insider and workforce risk::shared or generic site login credentials used across union labor day laborers and rotating temp subcontractor staff","Subcategory"
"insider and workforce risk","Hazard","insider and workforce risk::weak or inconsistent offboarding across multi employer jobsites when subcontractor personnel change frequently","Subcategory"
"insider and workforce risk","Hazard","insider and workforce risk::disgruntled former employees or terminated subcontractors retaining vpn portal access","Subcategory"
"insider and workforce risk","Hazard","insider and workforce risk::field staff use of personal byod devices for project apps increasing infostealer and credential theft exposure outside corporate it control","Subcategory"
"regulatory and legal exposure","Hazard","regulatory and legal exposure::employee pii payroll breach notification obligations aecoms 2021 incident exposed employee ssns and bank routing account numbers and required notification to the california attorney general","Subcategory"
"regulatory and legal exposure","Hazard","regulatory and legal exposure::government contractor obligations major defense energy critical infrastructure contractors such as bechtel and aecom handle dod doe and critical infrastructure work raising cmmc dfars style breach notification and controlled technical information exposure","Subcategory"
"regulatory and legal exposure","Hazard","regulatory and legal exposure::professional liability errors and omissions exposure if stolen design cad bim or structural engineering data proves defective or is misused after a leak","Subcategory"
"regulatory and legal exposure","Hazard","regulatory and legal exposure::contractual delay damages liquidated damages exposure if ransomware driven downtime in scheduling procurement or payroll systems cascades into project schedule slippage","Subcategory"
"regulatory and legal exposure","Hazard","regulatory and legal exposure::bid integrity and antitrust adjacent exposure if leaked tender pricing data undermines competitive bidding processes","Subcategory"
"business interruption project delay risk","Hazard","business interruption project delay risk::disruption to estimating scheduling and project management software halting active bid submissions or project coordination","Subcategory"
"business interruption project delay risk","Hazard","business interruption project delay risk::erp accounting payroll system outages disrupting subcontractor and supplier payments risking mechanics lien and cash flow disputes","Subcategory"
"business interruption project delay risk","Hazard","business interruption project delay risk::procurement and material ordering system outages delaying material delivery to active job sites","Subcategory"
"business interruption project delay risk","Hazard","business interruption project delay risk::indirect rather than physical site downtime unlike manufacturing ot shutdowns ransomware in construction more often stalls back office coordination functions than the physical build itself per sophos data showing lower rates of data theft encryption combination in construction property energy versus manufacturing","Subcategory"
"project and design data","Exposure","project and design data::cad and bim building information modeling files","Subcategory"
"project and design data","Exposure","project and design data::architectural drawings and blueprints","Subcategory"
"project and design data","Exposure","project and design data::structural mep and civil engineering calculations","Subcategory"
"project and design data","Exposure","project and design data::geotechnical and site survey data","Subcategory"
"project and design data","Exposure","project and design data::proprietary construction methods and engineering ip","Subcategory"
"bid contract and financial data","Exposure","bid contract and financial data::tender bid documents and competitive pricing data","Subcategory"
"bid contract and financial data","Exposure","bid contract and financial data::contract terms and subcontractor pricing schedules","Subcategory"
"bid contract and financial data","Exposure","bid contract and financial data::procurement and vendor supplier data","Subcategory"
"bid contract and financial data","Exposure","bid contract and financial data::erp and accounting systems eg oracle e business suite the shared platform exploited in the 2025 clop campaign that hit bechtel and kier","Subcategory"
"bid contract and financial data","Exposure","bid contract and financial data::banking and wire transfer details a frequent target for invoice fraud bec layered on top of ransomware intrusions","Subcategory"
"employee and workforce pii","Exposure","employee and workforce pii::payroll systems ssns bank account routing numbers exposed in aecoms 2021 breach","Subcategory"
"employee and workforce pii","Exposure","employee and workforce pii::hr files and personnel records","Subcategory"
"employee and workforce pii","Exposure","employee and workforce pii::union membership and labor records","Subcategory"
"employee and workforce pii","Exposure","employee and workforce pii::licensing certification and background check records for skilled trades","Subcategory"
"employee and workforce pii","Exposure","employee and workforce pii::badge and physical access control credentials","Subcategory"
"field and jobsite systems","Exposure","field and jobsite systems::project management collaboration platforms procore autodesk construction cloud bim 360 plangrid","Subcategory"
"field and jobsite systems","Exposure","field and jobsite systems::jobsite security cameras and access control systems","Subcategory"
"field and jobsite systems","Exposure","field and jobsite systems::equipment telematics and fleet management gps tracking systems","Subcategory"
"field and jobsite systems","Exposure","field and jobsite systems::connected automated heavy machinery","Subcategory"
"field and jobsite systems","Exposure","field and jobsite systems::temporary site networks and trailer based it infrastructure","Subcategory"
"building management and facilities systems","Exposure","building management and facilities systems::building management automation systems hvac elevators","Subcategory"
"building management and facilities systems","Exposure","building management and facilities systems::life safety systems fire alarm in occupied buildings under warranty fm contracts","Subcategory"
"building management and facilities systems","Exposure","building management and facilities systems::toll road transit and infrastructure operational systems for firms that also operate not just build infrastructure assets eg ferrovials toll road and mobility operations","Subcategory"
"third party and subcontractor networks","Exposure","third party and subcontractor networks::shared extranets portals used by subcontractors architects and engineers","Subcategory"
"third party and subcontractor networks","Exposure","third party and subcontractor networks::owner and lender draw request financing portals","Subcategory"
"third party and subcontractor networks","Exposure","third party and subcontractor networks::common enterprise software shared industry wide creating correlated multi victim exposure","Subcategory"
"third party and subcontractor networks","Exposure","third party and subcontractor networks::managed it security service providers used by smaller subcontractors","Subcategory"
"client and government owner data","Exposure","client and government owner data::defense energy and critical infrastructure project data bechtel and aecom both handle large dod doe and critical infrastructure programs","Subcategory"
"client and government owner data","Exposure","client and government owner data::potentially export controlled or classified adjacent technical data for defense energy construction work","Subcategory"
"client and government owner data","Exposure","client and government owner data::public infrastructure and toll transit operational data","Subcategory"
"initial access via open and federated campus environments","Hazard","initial access via open and federated campus environments::unpatched internet facing infrastructure vpn concentrators vmware esxi citrix file transfer appliances","Subcategory"
"initial access via open and federated campus environments","Hazard","initial access via open and federated campus environments::phishing and business email compromise against faculty staff and payroll","Subcategory"
"initial access via open and federated campus environments","Hazard","initial access via open and federated campus environments::compromised credentials and absent or partial mfa on student staff sso","Subcategory"
"initial access via open and federated campus environments","Hazard","initial access via open and federated campus environments::federated identity and sso trust chains shibboleth incommon edugain entra id enabling lateral movement across institutions","Subcategory"
"initial access via open and federated campus environments","Hazard","initial access via open and federated campus environments::byod and unmanaged student owned devices on production vlans","Subcategory"
"initial access via open and federated campus environments","Hazard","initial access via open and federated campus environments::flat unsegmented k 12 district networks linking administrative and instructional systems","Subcategory"
"initial access via open and federated campus environments","Hazard","initial access via open and federated campus environments::research collaboration links shared hpc clusters and inter institutional data sharing","Subcategory"
"initial access via open and federated campus environments","Hazard","initial access via open and federated campus environments::remote and hybrid learning infrastructure exposed rdp and legacy remote access","Subcategory"
"initial access via open and federated campus environments","Hazard","initial access via open and federated campus environments::seasonal staffing churn adjunct and contractor accounts and stale account deprovisioning","Subcategory"
"extortion leverage from minors and student data","Hazard","extortion leverage from minors and student data::publication of minors pii disciplinary special education and counselling records","Subcategory"
"extortion leverage from minors and student data","Hazard","extortion leverage from minors and student data::release of student psychological and medical assessments","Subcategory"
"extortion leverage from minors and student data","Hazard","extortion leverage from minors and student data::direct contact with parents students and staff to amplify pressure triple extortion","Subcategory"
"extortion leverage from minors and student data","Hazard","extortion leverage from minors and student data::leak of campus security blueprints floor plans and access control layouts","Subcategory"
"extortion leverage from minors and student data","Hazard","extortion leverage from minors and student data::ferpa coppa notification exposure used as negotiating leverage","Subcategory"
"extortion leverage from minors and student data","Hazard","extortion leverage from minors and student data::reputational leverage over admissions enrolment and donor confidence","Subcategory"
"extortion leverage from minors and student data","Hazard","extortion leverage from minors and student data::timing of attacks to term start exams enrolment or financial aid deadlines","Subcategory"
"extortion leverage from minors and student data","Hazard","extortion leverage from minors and student data::re extortion of individual institutions after a vendor has already paid","Subcategory"
"extortion leverage from minors and student data","Hazard","extortion leverage from minors and student data::auction and resale of student datasets on leak sites","Subcategory"
"third party and edtech vendor concentration risk","Hazard","third party and edtech vendor concentration risk::student information system sis platform compromise","Subcategory"
"third party and edtech vendor concentration risk","Hazard","third party and edtech vendor concentration risk::learning management system lms platform compromise","Subcategory"
"third party and edtech vendor concentration risk","Hazard","third party and edtech vendor concentration risk::single vendor concentration across a large book of district university insureds","Subcategory"
"third party and edtech vendor concentration risk","Hazard","third party and edtech vendor concentration risk::downstream re extortion of individual schools using vendor stolen data","Subcategory"
"third party and edtech vendor concentration risk","Hazard","third party and edtech vendor concentration risk::managed service providers and regional education service agencies serving many districts","Subcategory"
"third party and edtech vendor concentration risk","Hazard","third party and edtech vendor concentration risk::tuition bursar and payment processor compromise","Subcategory"
"third party and edtech vendor concentration risk","Hazard","third party and edtech vendor concentration risk::assessment proctoring transcript and admissions platforms","Subcategory"
"third party and edtech vendor concentration risk","Hazard","third party and edtech vendor concentration risk::cloud file transfer and third party saas eg mass moveit cleo style exploitation reaching education via clop","Subcategory"
"third party and edtech vendor concentration risk","Hazard","third party and edtech vendor concentration risk::contractual gaps in vendor breach notification indemnity and data deletion assurance","Subcategory"
"insider and student originated threat","Hazard","insider and student originated threat::student credential abuse and grade or transcript alteration","Subcategory"
"insider and student originated threat","Hazard","insider and student originated threat::attacks originating from enrolled students against their own institution","Subcategory"
"insider and student originated threat","Hazard","insider and student originated threat::faculty and staff insider data theft","Subcategory"
"insider and student originated threat","Hazard","insider and student originated threat::credential sharing shadow it and unauthorised saas in departments","Subcategory"
"insider and student originated threat","Hazard","insider and student originated threat::initial access broker purchase of student staff credentials from infostealer logs","Subcategory"
"insider and student originated threat","Hazard","insider and student originated threat::departing staff and contractor access retention","Subcategory"
"insider and student originated threat","Hazard","insider and student originated threat::negligent insiders and misconfigured shares exposing student records","Subcategory"
"regulatory notification and litigation exposure","Hazard","regulatory notification and litigation exposure::ferpa us student education records","Subcategory"
"regulatory notification and litigation exposure","Hazard","regulatory notification and litigation exposure::coppa and state student privacy laws eg sopipa style statutes","Subcategory"
"regulatory notification and litigation exposure","Hazard","regulatory notification and litigation exposure::state breach notification statutes and attorney general inquiries","Subcategory"
"regulatory notification and litigation exposure","Hazard","regulatory notification and litigation exposure::uk gdpr eu gdpr and ico or dpa enforcement","Subcategory"
"regulatory notification and litigation exposure","Hazard","regulatory notification and litigation exposure::hipaa exposure for university medical centres clinics and health research","Subcategory"
"regulatory notification and litigation exposure","Hazard","regulatory notification and litigation exposure::research funder irb and human subjects data obligations","Subcategory"
"regulatory notification and litigation exposure","Hazard","regulatory notification and litigation exposure::class action litigation on behalf of students parents and staff","Subcategory"
"regulatory notification and litigation exposure","Hazard","regulatory notification and litigation exposure::delayed notification liability and credit monitoring remediation costs","Subcategory"
"regulatory notification and litigation exposure","Hazard","regulatory notification and litigation exposure::public records and transparency obligations for public institutions","Subcategory"
"operational disruption of instruction and institutional continuity","Hazard","operational disruption of instruction and institutional continuity::full school or campus closure and lost instructional days","Subcategory"
"operational disruption of instruction and institutional continuity","Hazard","operational disruption of instruction and institutional continuity::statutory make up day and calendar extension obligations","Subcategory"
"operational disruption of instruction and institutional continuity","Hazard","operational disruption of instruction and institutional continuity::loss of attendance gradebook timetabling and transport systems","Subcategory"
"operational disruption of instruction and institutional continuity","Hazard","operational disruption of instruction and institutional continuity::disruption to free reduced meal programmes and student services","Subcategory"
"operational disruption of instruction and institutional continuity","Hazard","operational disruption of instruction and institutional continuity::payroll hr and accounts payable outage","Subcategory"
"operational disruption of instruction and institutional continuity","Hazard","operational disruption of instruction and institutional continuity::research interruption lost experiments and grant milestone failure","Subcategory"
"operational disruption of instruction and institutional continuity","Hazard","operational disruption of instruction and institutional continuity::admissions enrolment registration and financial aid disruption","Subcategory"
"operational disruption of instruction and institutional continuity","Hazard","operational disruption of instruction and institutional continuity::extended rebuild and device re imaging across large fleets","Subcategory"
"operational disruption of instruction and institutional continuity","Hazard","operational disruption of instruction and institutional continuity::library catalogue and digital collection outage","Subcategory"
"underfunded security posture and recovery capability","Hazard","underfunded security posture and recovery capability::small or single person it teams in k 12 districts","Subcategory"
"underfunded security posture and recovery capability","Hazard","underfunded security posture and recovery capability::legacy and end of life systems retained on constrained capital budgets","Subcategory"
"underfunded security posture and recovery capability","Hazard","underfunded security posture and recovery capability::backup compromise untested restores and insufficient offline copies","Subcategory"
"underfunded security posture and recovery capability","Hazard","underfunded security posture and recovery capability::absence of 24 7 monitoring edr coverage gaps and alert fatigue","Subcategory"
"underfunded security posture and recovery capability","Hazard","underfunded security posture and recovery capability::limited or absent cyber insurance and incident response retainers","Subcategory"
"underfunded security posture and recovery capability","Hazard","underfunded security posture and recovery capability::slow public procurement and board approval cycles","Subcategory"
"underfunded security posture and recovery capability","Hazard","underfunded security posture and recovery capability::reserve depletion funding recovery british library used c40 of reserves","Subcategory"
"underfunded security posture and recovery capability","Hazard","underfunded security posture and recovery capability::it staff burnout and turnover following incidents","Subcategory"
"underfunded security posture and recovery capability","Hazard","underfunded security posture and recovery capability::decentralised university it with no central authority over departmental systems","Subcategory"
"student information systems sis and core records","Exposure","student information systems sis and core records::enrolment demographic and household records","Subcategory"
"student information systems sis and core records","Exposure","student information systems sis and core records::attendance and truancy data","Subcategory"
"student information systems sis and core records","Exposure","student information systems sis and core records::disciplinary and behavioural records","Subcategory"
"student information systems sis and core records","Exposure","student information systems sis and core records::transcripts grades and academic history","Subcategory"
"student information systems sis and core records","Exposure","student information systems sis and core records::special education iep 504 records","Subcategory"
"student information systems sis and core records","Exposure","student information systems sis and core records::immunisation and student health records held in sis","Subcategory"
"student information systems sis and core records","Exposure","student information systems sis and core records::emergency contact and guardian custody information","Subcategory"
"student information systems sis and core records","Exposure","student information systems sis and core records::free and reduced price meal eligibility income linked","Subcategory"
"student information systems sis and core records","Exposure","student information systems sis and core records::vendor hosted sis instances and sis data warehouses","Subcategory"
"learning management systems gradebooks and instructional platforms","Exposure","learning management systems gradebooks and instructional platforms::lms platforms canvas blackboard moodle schoology google classroom","Subcategory"
"learning management systems gradebooks and instructional platforms","Exposure","learning management systems gradebooks and instructional platforms::gradebooks and assignment submission repositories","Subcategory"
"learning management systems gradebooks and instructional platforms","Exposure","learning management systems gradebooks and instructional platforms::private messaging between students teachers and staff","Subcategory"
"learning management systems gradebooks and instructional platforms","Exposure","learning management systems gradebooks and instructional platforms::online assessment exam and remote proctoring systems","Subcategory"
"learning management systems gradebooks and instructional platforms","Exposure","learning management systems gradebooks and instructional platforms::lecture capture courseware and digital content libraries","Subcategory"
"learning management systems gradebooks and instructional platforms","Exposure","learning management systems gradebooks and instructional platforms::plagiarism detection and academic integrity tooling","Subcategory"
"learning management systems gradebooks and instructional platforms","Exposure","learning management systems gradebooks and instructional platforms::course rosters section data and lti integrations","Subcategory"
"learning management systems gradebooks and instructional platforms","Exposure","learning management systems gradebooks and instructional platforms::single sign on tokens and api keys linking lms to institutional identity","Subcategory"
"financial aid bursar payroll and payment systems","Exposure","financial aid bursar payroll and payment systems::financial aid fafsa scholarship and loan records","Subcategory"
"financial aid bursar payroll and payment systems","Exposure","financial aid bursar payroll and payment systems::bursar tuition billing and student account systems","Subcategory"
"financial aid bursar payroll and payment systems","Exposure","financial aid bursar payroll and payment systems::payroll hr and benefits data for staff and faculty","Subcategory"
"financial aid bursar payroll and payment systems","Exposure","financial aid bursar payroll and payment systems::bank account and direct deposit details","Subcategory"
"financial aid bursar payroll and payment systems","Exposure","financial aid bursar payroll and payment systems::social security numbers and taxpayer identifiers","Subcategory"
"financial aid bursar payroll and payment systems","Exposure","financial aid bursar payroll and payment systems::third party tuition payment processors and gateways","Subcategory"
"financial aid bursar payroll and payment systems","Exposure","financial aid bursar payroll and payment systems::procurement accounts payable and vendor master files","Subcategory"
"financial aid bursar payroll and payment systems","Exposure","financial aid bursar payroll and payment systems::campus card and stored value dining account systems","Subcategory"
"financial aid bursar payroll and payment systems","Exposure","financial aid bursar payroll and payment systems::grant accounting and research funding administration","Subcategory"
"research data intellectual property and regulated research health data","Exposure","research data intellectual property and regulated research health data::human subjects research cohorts and longitudinal study data","Subcategory"
"research data intellectual property and regulated research health data","Exposure","research data intellectual property and regulated research health data::clinical patient and genomic research datasets hipaa regulated","Subcategory"
"research data intellectual property and regulated research health data","Exposure","research data intellectual property and regulated research health data::pre publication research grant applications and unpublished results","Subcategory"
"research data intellectual property and regulated research health data","Exposure","research data intellectual property and regulated research health data::patents licensing pipelines and technology transfer records","Subcategory"
"research data intellectual property and regulated research health data","Exposure","research data intellectual property and regulated research health data::export controlled defence and dual use research","Subcategory"
"research data intellectual property and regulated research health data","Exposure","research data intellectual property and regulated research health data::industry sponsored and contract research under nda","Subcategory"
"research data intellectual property and regulated research health data","Exposure","research data intellectual property and regulated research health data::hpc clusters lab instrumentation and research computing storage","Subcategory"
"research data intellectual property and regulated research health data","Exposure","research data intellectual property and regulated research health data::licensed third party datasets with contractual breach penalties","Subcategory"
"research data intellectual property and regulated research health data","Exposure","research data intellectual property and regulated research health data::irb records and participant consent identity linkage files","Subcategory"
"minors pii and sensitive student welfare records","Exposure","minors pii and sensitive student welfare records::minors names dates of birth addresses and ssns","Subcategory"
"minors pii and sensitive student welfare records","Exposure","minors pii and sensitive student welfare records::counselling mental health and psychological assessment records","Subcategory"
"minors pii and sensitive student welfare records","Exposure","minors pii and sensitive student welfare records::child protection safeguarding and abuse reports","Subcategory"
"minors pii and sensitive student welfare records","Exposure","minors pii and sensitive student welfare records::custody foster care and guardianship arrangements","Subcategory"
"minors pii and sensitive student welfare records","Exposure","minors pii and sensitive student welfare records::juvenile justice and prior conviction referral records","Subcategory"
"minors pii and sensitive student welfare records","Exposure","minors pii and sensitive student welfare records::health disability and medication records","Subcategory"
"minors pii and sensitive student welfare records","Exposure","minors pii and sensitive student welfare records::immigration status and english learner designations","Subcategory"
"minors pii and sensitive student welfare records","Exposure","minors pii and sensitive student welfare records::photographs biometrics and student id imagery","Subcategory"
"minors pii and sensitive student welfare records","Exposure","minors pii and sensitive student welfare records::long tail identity theft exposure dormant credit files of minors","Subcategory"
"campus operational technology and physical safety systems","Exposure","campus operational technology and physical safety systems::door access control badging and electronic locking systems","Subcategory"
"campus operational technology and physical safety systems","Exposure","campus operational technology and physical safety systems::cctv video surveillance and monitoring platforms","Subcategory"
"campus operational technology and physical safety systems","Exposure","campus operational technology and physical safety systems::fire alarm intrusion detection and emergency notification systems","Subcategory"
"campus operational technology and physical safety systems","Exposure","campus operational technology and physical safety systems::hvac boiler and building management systems","Subcategory"
"campus operational technology and physical safety systems","Exposure","campus operational technology and physical safety systems::dormitory and residence hall access and utilities","Subcategory"
"campus operational technology and physical safety systems","Exposure","campus operational technology and physical safety systems::bus routing fleet telematics and student transport tracking","Subcategory"
"campus operational technology and physical safety systems","Exposure","campus operational technology and physical safety systems::bell schedules pa systems and lockdown emergency controls","Subcategory"
"campus operational technology and physical safety systems","Exposure","campus operational technology and physical safety systems::campus security floor plans blueprints and camera placement maps","Subcategory"
"campus operational technology and physical safety systems","Exposure","campus operational technology and physical safety systems::laboratory athletic facility and dining ot systems","Subcategory"
"alumni donor and advancement databases","Exposure","alumni donor and advancement databases::alumni contact employment and biographical records","Subcategory"
"alumni donor and advancement databases","Exposure","alumni donor and advancement databases::donor giving histories and pledge commitments","Subcategory"
"alumni donor and advancement databases","Exposure","alumni donor and advancement databases::wealth screening and capacity propensity ratings","Subcategory"
"alumni donor and advancement databases","Exposure","alumni donor and advancement databases::major gift prospect research and confidential correspondence","Subcategory"
"alumni donor and advancement databases","Exposure","alumni donor and advancement databases::payment instruments and recurring donation details","Subcategory"
"alumni donor and advancement databases","Exposure","alumni donor and advancement databases::endowment trust and planned giving records","Subcategory"
"alumni donor and advancement databases","Exposure","alumni donor and advancement databases::board trustee and named benefactor information","Subcategory"
"alumni donor and advancement databases","Exposure","alumni donor and advancement databases::event membership and affinity programme data","Subcategory"
"third party edtech cloud and identity infrastructure","Exposure","third party edtech cloud and identity infrastructure::sis lms and assessment vendors aggregation nodes","Subcategory"
"third party edtech cloud and identity infrastructure","Exposure","third party edtech cloud and identity infrastructure::managed service providers and regional education service agencies","Subcategory"
"third party edtech cloud and identity infrastructure","Exposure","third party edtech cloud and identity infrastructure::cloud tenancies microsoft 365 google workspace and oauth token estates","Subcategory"
"third party edtech cloud and identity infrastructure","Exposure","third party edtech cloud and identity infrastructure::federated identity providers and sso trust fabric shibboleth incommon edugain","Subcategory"
"third party edtech cloud and identity infrastructure","Exposure","third party edtech cloud and identity infrastructure::managed file transfer and data exchange platforms","Subcategory"
"third party edtech cloud and identity infrastructure","Exposure","third party edtech cloud and identity infrastructure::payment processors tuition plans and collections agencies","Subcategory"
"third party edtech cloud and identity infrastructure","Exposure","third party edtech cloud and identity infrastructure::library systems catalogues e resource and publisher platforms","Subcategory"
"third party edtech cloud and identity infrastructure","Exposure","third party edtech cloud and identity infrastructure::transcript credentialing admissions and enrolment verification services","Subcategory"
"third party edtech cloud and identity infrastructure","Exposure","third party edtech cloud and identity infrastructure::backup dr and archival providers","Subcategory"
"third party edtech cloud and identity infrastructure","Exposure","third party edtech cloud and identity infrastructure::student wellbeing tutoring safety monitoring and communications apps","Subcategory"
"initial access vectors","Hazard","initial access vectors::stolen compromised credentials ibm 1 vector at 16 eg conpet infostealer on an it admins personal device","Subcategory"
"initial access vectors","Hazard","initial access vectors::infostealer malware harvesting vpn wsus rdp credentials from employee or contractor devices","Subcategory"
"initial access vectors","Hazard","initial access vectors::internet facing vpn firewall and remote access appliance exploitation fortinet citrix ivanti class edge devices","Subcategory"
"initial access vectors","Hazard","initial access vectors::phishing business email compromise energy utilities are hit harder by email borne attacks than most sectors","Subcategory"
"initial access vectors","Hazard","initial access vectors::abuse of legitimate internal infrastructure eg wsus patch management to push a malicious fake update at conpet","Subcategory"
"initial access vectors","Hazard","initial access vectors::exploitation of unpatched internet facing enterprise apps and public facing customer billing portals","Subcategory"
"initial access vectors","Hazard","initial access vectors::third party vendor and msp remote access compromise","Subcategory"
"extortion tactics","Hazard","extortion tactics::encryption of it systems production planning shipment tracking billing erp","Subcategory"
"extortion tactics","Hazard","extortion tactics::data exfiltration leak site publication double extortion eg alphv 150gb from creos encevo qilin 1tb from conpet","Subcategory"
"extortion tactics","Hazard","extortion tactics::triple extortion added pressure via press regulators and threats to customers partners whose data was stolen","Subcategory"
"extortion tactics","Hazard","extortion tactics::threat harassment of executives employees and petro points loyalty style customer bases","Subcategory"
"extortion tactics","Hazard","extortion tactics::ddos as an added coercion layer","Subcategory"
"extortion tactics","Hazard","extortion tactics::auctioning selling stolen files to highest bidder ransomhub model","Subcategory"
"extortion tactics","Hazard","extortion tactics::geopolitical hacktivist extortion and name and shame with no intent to decrypt eg handala targeting gulf oil majors","Subcategory"
"ot vs it risk cyber physical","Hazard","ot vs it risk cyber physical::precautionary ot shutdown after an it only breach colonial pipeline 6 day halt conpet isolated systems","Subcategory"
"ot vs it risk cyber physical","Hazard","ot vs it risk cyber physical::flat poorly segmented it ot networks allowing lateral movement into control systems","Subcategory"
"ot vs it risk cyber physical","Hazard","ot vs it risk cyber physical::scada dcs hmi historian compromise and loss of view or loss of control","Subcategory"
"ot vs it risk cyber physical","Hazard","ot vs it risk cyber physical::ot specific ics tailored malware eg frostygoop manipulating modbus tcp 502 ekans snake targeting ics processes","Subcategory"
"ot vs it risk cyber physical","Hazard","ot vs it risk cyber physical::legacy unpatchable ot assets and long ot maintenance windows","Subcategory"
"ot vs it risk cyber physical","Hazard","ot vs it risk cyber physical::safety instrumented system sis risk and potential for physical damage to turbines pipelines transformers","Subcategory"
"ot vs it risk cyber physical","Hazard","ot vs it risk cyber physical::dragos 25 of observed ot ransomware cases involved full ot site shutdown 75 caused some operational disruption","Subcategory"
"third party and supply chain risk","Hazard","third party and supply chain risk::oilfield services and drilling contractors as chokepoints halliburton disruption rippled to e and p customers","Subcategory"
"third party and supply chain risk","Hazard","third party and supply chain risk::ics automation vendors and remote maintenance access eg schneider electric compromise affecting industrial customers","Subcategory"
"third party and supply chain risk","Hazard","third party and supply chain risk::managed service providers and shared it platforms across utility groups","Subcategory"
"third party and supply chain risk","Hazard","third party and supply chain risk::software firmware supply chain and update mechanism abuse","Subcategory"
"third party and supply chain risk","Hazard","third party and supply chain risk::fuel retail and payment pos processors suncor petro canada payment outage at 1500 stations","Subcategory"
"third party and supply chain risk","Hazard","third party and supply chain risk::interconnected grid pipeline operators and shared scada telemetry","Subcategory"
"third party and supply chain risk","Hazard","third party and supply chain risk::metering ami and smart grid device supply chain","Subcategory"
"insider and workforce risk","Hazard","insider and workforce risk::privileged it ot administrator credential theft conpet root cause","Subcategory"
"insider and workforce risk","Hazard","insider and workforce risk::use of personal unmanaged devices for work access","Subcategory"
"insider and workforce risk","Hazard","insider and workforce risk::contractor and seasonal field workforce access sprawl","Subcategory"
"insider and workforce risk","Hazard","insider and workforce risk::weak mfa coverage on remote access and ot jump hosts","Subcategory"
"insider and workforce risk","Hazard","insider and workforce risk::malicious or negligent insiders with scada access","Subcategory"
"regulatory legal and reputational exposure","Hazard","regulatory legal and reputational exposure::nerc cip bulk power and tsa pipeline security directive obligations","Subcategory"
"regulatory legal and reputational exposure","Hazard","regulatory legal and reputational exposure::cisa circia and national cert incident reporting mandates sec 8 k materiality disclosure halliburton","Subcategory"
"regulatory legal and reputational exposure","Hazard","regulatory legal and reputational exposure::ofac sanctions exposure when paying ransom to sanctioned russian linked groups","Subcategory"
"regulatory legal and reputational exposure","Hazard","regulatory legal and reputational exposure::data protection privacy penalties gdpr in eu customer pii breaches","Subcategory"
"regulatory legal and reputational exposure","Hazard","regulatory legal and reputational exposure::state national security scrutiny and geopolitical targeting of energy assets","Subcategory"
"regulatory legal and reputational exposure","Hazard","regulatory legal and reputational exposure::litigation and shareholder stock impact from disclosed material incidents","Subcategory"
"operational technology and control systems","Exposure","operational technology and control systems::scada systems and rtus plcs at pipelines substations wells pump compressor stations","Subcategory"
"operational technology and control systems","Exposure","operational technology and control systems::distributed control systems dcs at power plants and refineries","Subcategory"
"operational technology and control systems","Exposure","operational technology and control systems::human machine interfaces hmis engineering workstations and ot historians","Subcategory"
"operational technology and control systems","Exposure","operational technology and control systems::safety instrumented systems sis and protective relays","Subcategory"
"operational technology and control systems","Exposure","operational technology and control systems::modbus dnp3 iec 61850 industrial protocol networks","Subcategory"
"operational technology and control systems","Exposure","operational technology and control systems::grid ami smart meter and distribution automation infrastructure","Subcategory"
"enterprise it and business critical applications","Exposure","enterprise it and business critical applications::production planning and shipment logistics tracking systems halliburton","Subcategory"
"enterprise it and business critical applications","Exposure","enterprise it and business critical applications::erp scm and asset management platforms","Subcategory"
"enterprise it and business critical applications","Exposure","enterprise it and business critical applications::energy trading scheduling and settlement systems","Subcategory"
"enterprise it and business critical applications","Exposure","enterprise it and business critical applications::billing metering to cash and customer information systems cis","Subcategory"
"enterprise it and business critical applications","Exposure","enterprise it and business critical applications::email identity active directory and vpn remote access infrastructure","Subcategory"
"enterprise it and business critical applications","Exposure","enterprise it and business critical applications::backup and disaster recovery systems targeted to force payment","Subcategory"
"customer facing and retail systems","Exposure","customer facing and retail systems::fuel retail pos and electronic payment systems suncor petro canada 1500 stations to cash only","Subcategory"
"customer facing and retail systems","Exposure","customer facing and retail systems::customer web portals and mobile apps creos enovos portals knocked offline","Subcategory"
"customer facing and retail systems","Exposure","customer facing and retail systems::loyalty rewards platforms and member databases petro points","Subcategory"
"customer facing and retail systems","Exposure","customer facing and retail systems::outage reporting and customer service systems","Subcategory"
"customer facing and retail systems","Exposure","customer facing and retail systems::prepay smart meter customer accounts","Subcategory"
"sensitive data assets","Exposure","sensitive data assets::customer pii and payment loyalty data","Subcategory"
"sensitive data assets","Exposure","sensitive data assets::employee pii hr records passport id scans conpet creos","Subcategory"
"sensitive data assets","Exposure","sensitive data assets::confidential contracts agreements invoices financial records","Subcategory"
"sensitive data assets","Exposure","sensitive data assets::engineering diagrams pipeline grid schematics and control system documentation national security sensitive","Subcategory"
"sensitive data assets","Exposure","sensitive data assets::geophysical seismic reserves and exploration ip oil and gas trade secrets","Subcategory"
"sensitive data assets","Exposure","sensitive data assets::plaintext credentials and access secrets found in exfiltrated document troves 2270 credential bearing files at creos","Subcategory"
"third parties and interconnections","Exposure","third parties and interconnections::oilfield service drilling and epc contractors","Subcategory"
"third parties and interconnections","Exposure","third parties and interconnections::ics automation vendors and remote maintenance channels","Subcategory"
"third parties and interconnections","Exposure","third parties and interconnections::fuel payment processors and retail franchisees","Subcategory"
"third parties and interconnections","Exposure","third parties and interconnections::interconnected pipeline grid operators and shared telemetry","Subcategory"
"third parties and interconnections","Exposure","third parties and interconnections::msps it outsourcers and shared group it platforms","Subcategory"
"third parties and interconnections","Exposure","third parties and interconnections::software firmware update supply chain wsus abuse vendor patches","Subcategory"
"initial access vectors","Hazard","initial access vectors::exploitation of internet facing remote access appliances eg citrix netscaler cve 2023 4966 4967 in the icbc incident","Subcategory"
"initial access vectors","Hazard","initial access vectors::phishing and malicious links leading to credential endpoint compromise eg evolve bank and trust employee click","Subcategory"
"initial access vectors","Hazard","initial access vectors::stolen leaked credentials sourced from infostealer logs 54 of ransomware victims per 2025 verizon dbir had prior credential exposure","Subcategory"
"initial access vectors","Hazard","initial access vectors::compromise via a shared downstream vendor rather than the institutions own perimeter frost citizens shared vendor deutsche bank marketing platform vendor","Subcategory"
"initial access vectors","Hazard","initial access vectors::exploitation of unpatched known cves in edge vpn infrastructure","Subcategory"
"initial access vectors","Hazard","initial access vectors::business email compromise as a precursor to ransomware deployment","Subcategory"
"extortion tactics","Hazard","extortion tactics::encryption of core systems to force operational downtime classic single extortion","Subcategory"
"extortion tactics","Hazard","extortion tactics::data exfiltration and double extortion threat of publishing stolen customer financial records dominant pattern in nearly all example incidents above","Subcategory"
"extortion tactics","Hazard","extortion tactics::leak site countdown deadlines to pressure fast payment eg everests 6 day deadline on frost citizens","Subcategory"
"extortion tactics","Hazard","extortion tactics::harassment of executives customers or regulators directly naming institutions publicly contacting affected customers","Subcategory"
"extortion tactics","Hazard","extortion tactics::reputational shaming posts calling out incident response vendors or refusal to negotiate alphvs public post against fnf","Subcategory"
"extortion tactics","Hazard","extortion tactics::threats of onward sale of data to third parties rather than public leak as a middle ground pressure tactic mapfre lapsus","Subcategory"
"systemic and market contagion risk","Hazard","systemic and market contagion risk::disruption to trade clearing settlement causing failed deliveries at a market level icbc 62b in failed treasury settlements in a single day","Subcategory"
"systemic and market contagion risk","Hazard","systemic and market contagion risk::derivatives clearing platform outages forcing manual processing across many institutions simultaneously ion group affecting 42 clients","Subcategory"
"systemic and market contagion risk","Hazard","systemic and market contagion risk::central bank national payment infrastructure targeting with potential monetary policy or public confidence implications central bank of libya","Subcategory"
"systemic and market contagion risk","Hazard","systemic and market contagion risk::contagion through banking as a service and fintech partner networks where one banks compromise exposes many unaffiliated fintech brands customers evolve bank and trust","Subcategory"
"third party and supply chain risk","Hazard","third party and supply chain risk::concentrated vendor risk a single vendor compromise affecting multiple unrelated financial institutions frost bank citizens bank via shared print fulfillment vendor","Subcategory"
"third party and supply chain risk","Hazard","third party and supply chain risk::core processor payments vendor compromise fiserv tsys type entities appearing as ransomware group targets","Subcategory"
"third party and supply chain risk","Hazard","third party and supply chain risk::fintech baas partner network exposure cascading to end consumers who never had a direct relationship with the breached entity","Subcategory"
"third party and supply chain risk","Hazard","third party and supply chain risk::marketing loyalty platform vendors handling employee or partner data on the institutions behalf","Subcategory"
"third party and supply chain risk","Hazard","third party and supply chain risk::weak contractual audit visibility into subcontractors security posture a recurring theme in post incident litigation eg glba vendor accountability suits against citizens frost","Subcategory"
"regulatory and legal exposure","Hazard","regulatory and legal exposure::breach notification regimes with short compressed timelines contributing to elevated detection and escalation cost share per ibm 2025 34 in financial services vs 29 global","Subcategory"
"regulatory and legal exposure","Hazard","regulatory and legal exposure::sector specific regulatory regimes glba in the us dora in the eu functional regulator rules for banks insurers","Subcategory"
"regulatory and legal exposure","Hazard","regulatory and legal exposure::sec disclosure obligations for material cybersecurity incidents as invoked in the fnf sec filing","Subcategory"
"regulatory and legal exposure","Hazard","regulatory and legal exposure::state national data protection authority investigations eg spanish aepd scrutiny in mapfres 2021 incident","Subcategory"
"regulatory and legal exposure","Hazard","regulatory and legal exposure::follow on class action litigation from affected customers increasingly targeting both the breached entity and its vendors","Subcategory"
"regulatory and legal exposure","Hazard","regulatory and legal exposure::aml kyc and financial stability regulator engagement when core systems or national payment infrastructure are affected","Subcategory"
"operational business continuity risk","Hazard","operational business continuity risk::loss of access to trading settlement systems forcing manual error prone workarounds","Subcategory"
"operational business continuity risk","Hazard","operational business continuity risk::branch call center and digital channel outages affecting customer facing service availability","Subcategory"
"operational business continuity risk","Hazard","operational business continuity risk::delayed real estate closings title transactions when escrow title systems are down fnf","Subcategory"
"operational business continuity risk","Hazard","operational business continuity risk::claims processing and underwriting delays in insurance operations","Subcategory"
"operational business continuity risk","Hazard","operational business continuity risk::reputational and customer trust damage disproportionate to direct financial loss given the sectors dependence on public confidence","Subcategory"
"insider and workforce risk","Hazard","insider and workforce risk::single employee phishing susceptibility as a root cause evolve bank and trust","Subcategory"
"insider and workforce risk","Hazard","insider and workforce risk::inadequate or inconsistent security controls across a large branch subsidiary m and a footprint","Subcategory"
"insider and workforce risk","Hazard","insider and workforce risk::insider threats raised as a growing concern in covewares late 2025 reporting alongside falling payment rates","Subcategory"
"insider and workforce risk","Hazard","insider and workforce risk::vendor employee access management gaps at outsourced processors","Subcategory"
"core banking and payment systems","Exposure","core banking and payment systems::core banking platforms deposit loan servicing account management","Subcategory"
"core banking and payment systems","Exposure","core banking and payment systems::payment rails and settlement systems ach wire swift interfaces card networks","Subcategory"
"core banking and payment systems","Exposure","core banking and payment systems::trading clearing and derivatives processing platforms eg ion style trade clearing software","Subcategory"
"core banking and payment systems","Exposure","core banking and payment systems::atm and branch network infrastructure","Subcategory"
"core banking and payment systems","Exposure","core banking and payment systems::treasury and repo settlement operations systems","Subcategory"
"customer and counterparty data pii pfi","Exposure","customer and counterparty data pii pfi::personally identifiable information ssns national ids addresses dob","Subcategory"
"customer and counterparty data pii pfi","Exposure","customer and counterparty data pii pfi::account numbers card pans ibans routing wire details","Subcategory"
"customer and counterparty data pii pfi","Exposure","customer and counterparty data pii pfi::credit income and investment portfolio data","Subcategory"
"customer and counterparty data pii pfi","Exposure","customer and counterparty data pii pfi::kyc aml documentation and identity verification records","Subcategory"
"customer and counterparty data pii pfi","Exposure","customer and counterparty data pii pfi::insurance policy claims and underwriting data medical property liability details","Subcategory"
"customer and counterparty data pii pfi","Exposure","customer and counterparty data pii pfi::employee data and internal credentials password hashes","Subcategory"
"third party vendor and fintech partner ecosystem","Exposure","third party vendor and fintech partner ecosystem::banking as a service baas infrastructure providers and their downstream fintech clients eg evolve bank and trust exposing affirm wise mercury customers","Subcategory"
"third party vendor and fintech partner ecosystem","Exposure","third party vendor and fintech partner ecosystem::statement printing mailing and document fulfillment vendors eg frost citizens shared vendor","Subcategory"
"third party vendor and fintech partner ecosystem","Exposure","third party vendor and fintech partner ecosystem::marketing loyalty and incentive platform vendors serving bank sales partners eg deutsche bank third party marketing platform","Subcategory"
"third party vendor and fintech partner ecosystem","Exposure","third party vendor and fintech partner ecosystem::core processing and payments technology vendors eg fiserv tsys type processors","Subcategory"
"third party vendor and fintech partner ecosystem","Exposure","third party vendor and fintech partner ecosystem::title escrow and closing services platforms tied to real estate transactions eg fnf","Subcategory"
"third party vendor and fintech partner ecosystem","Exposure","third party vendor and fintech partner ecosystem::credit bureaus kyc identity verification and data aggregation partners","Subcategory"
"third party vendor and fintech partner ecosystem","Exposure","third party vendor and fintech partner ecosystem::managed it security service providers and outsourced call centers","Subcategory"
"market infrastructure and institutional systems","Exposure","market infrastructure and institutional systems::derivatives and securities clearing settlement pipelines","Subcategory"
"market infrastructure and institutional systems","Exposure","market infrastructure and institutional systems::central bank and national payment system infrastructure","Subcategory"
"market infrastructure and institutional systems","Exposure","market infrastructure and institutional systems::correspondent banking and interbank messaging systems","Subcategory"
"market infrastructure and institutional systems","Exposure","market infrastructure and institutional systems::credit union and community bank shared service platforms","Subcategory"
"market infrastructure and institutional systems","Exposure","market infrastructure and institutional systems::regulatory reporting and financial market utility interfaces","Subcategory"
"digital and remote access channels","Exposure","digital and remote access channels::online and mobile banking insurance portals","Subcategory"
"digital and remote access channels","Exposure","digital and remote access channels::remote access and vpn citrix infrastructure a documented entry point eg icbc cve 2023 4966 4967","Subcategory"
"digital and remote access channels","Exposure","digital and remote access channels::email and collaboration systems","Subcategory"
"digital and remote access channels","Exposure","digital and remote access channels::call center and customer service platforms","Subcategory"
"digital and remote access channels","Exposure","digital and remote access channels::employee remote work endpoints and credentials","Subcategory"
"corporate legal and governance records","Exposure","corporate legal and governance records::board executive communications and m and a sensitive information","Subcategory"
"corporate legal and governance records","Exposure","corporate legal and governance records::internal audit compliance and regulatory exam records","Subcategory"
"corporate legal and governance records","Exposure","corporate legal and governance records::litigation and legal hold materials","Subcategory"
"corporate legal and governance records","Exposure","corporate legal and governance records::vendor contracts and risk assessment documentation","Subcategory"
"corporate legal and governance records","Exposure","corporate legal and governance records::employee hr and payroll records","Subcategory"
"initial access vectors","Hazard","initial access vectors::exploitation of unpatched internet facing vpn remote access appliances and edge devices a leading verizon dbir cited vector for healthcare breaches up sharply year over year","Subcategory"
"initial access vectors","Hazard","initial access vectors::compromised or purchased vpn rdp citrix credentials including credentials harvested by infostealer malware from employee or third party devices ransomwarelive infostealer telemetry shows large stealer log exposure tied to healthcare victims eg medibank","Subcategory"
"initial access vectors","Hazard","initial access vectors::phishing and business email compromise targeting clinical billing and admin staff","Subcategory"
"initial access vectors","Hazard","initial access vectors::compromise of managed service providers msps it vendors and ehr practice management software resellers who hold privileged access across many small provider networks","Subcategory"
"initial access vectors","Hazard","initial access vectors::exploitation of vulnerabilities in widely deployed healthcare adjacent software file transfer tools voip telehealth platforms backup software as mass one to many entry points","Subcategory"
"initial access vectors","Hazard","initial access vectors::insider enabled access or credential sale by disgruntled or compromised employees contractors","Subcategory"
"extortion tactics","Hazard","extortion tactics::encryption of clinical administrative and financial systems ehr pacs pharmacy lab scheduling forcing downtime procedures and patient diversion","Subcategory"
"extortion tactics","Hazard","extortion tactics::data exfiltration and double triple extortion publishing or threatening to publish stolen phi on leak sites roughly three quarters of recent healthcare cases reportedly involve exfiltration per coveware","Subcategory"
"extortion tactics","Hazard","extortion tactics::targeted harassment of especially vulnerable patients using stolen sensitive records eg alphv blackcats publication of nude cancer patient treatment photos at lehigh valley health network medibank attackers publishing abortion and addiction treatment records to increase payment pressure","Subcategory"
"extortion tactics","Hazard","extortion tactics::direct extortion emails calls to patients or plan members threatening individual data release unless the organization or the individual pays","Subcategory"
"extortion tactics","Hazard","extortion tactics::ddos attacks layered on top of encryption exfiltration to pressure incident response teams","Subcategory"
"extortion tactics","Hazard","extortion tactics::re victimization re posting or re selling the same stolen healthcare dataset by multiple groups or brokers after an initial attack dispossessor second hand leak listings observed in the dataset","Subcategory"
"third party and supply chain risk","Hazard","third party and supply chain risk::claims clearinghouse revenue cycle processor compromise change healthcare optum processes 15 billion transactions year roughly a third of us patient records per reporting causing nationwide billing and pharmacy disruption far beyond the direct victim","Subcategory"
"third party and supply chain risk","Hazard","third party and supply chain risk::pathology lab and diagnostic services partner compromise synnovis attack on nhs london trusts halting blood testing and surgeries at hospitals that never touched the attacker directly","Subcategory"
"third party and supply chain risk","Hazard","third party and supply chain risk::ehr practice management and medical billing software vendor compromise cascading to hundreds of downstream clinics practices","Subcategory"
"third party and supply chain risk","Hazard","third party and supply chain risk::managed it security services provider compromise granting simultaneous access to many hospital or clinic networks","Subcategory"
"third party and supply chain risk","Hazard","third party and supply chain risk::business associate and vendor risk under hipaa breach liability extending to the covered entity even when the incident originates at a subcontractor","Subcategory"
"third party and supply chain risk","Hazard","third party and supply chain risk::group purchasing supply and medical device maintenance vendors as pivot points into hospital networks","Subcategory"
"ot medical device and clinical operations risk","Hazard","ot medical device and clinical operations risk::forced downtime diversion of ambulances and emergency departments during ehr outages documented at uhs 2020 and other hospital system attacks","Subcategory"
"ot medical device and clinical operations risk","Hazard","ot medical device and clinical operations risk::disruption of networked medical devices infusion pumps imaging pacs systems and lab analyzers that depend on now encrypted or isolated networks","Subcategory"
"ot medical device and clinical operations risk","Hazard","ot medical device and clinical operations risk::delayed or cancelled surgeries chemotherapy dialysis and elective procedures during recovery windows","Subcategory"
"ot medical device and clinical operations risk","Hazard","ot medical device and clinical operations risk::documented contribution to patient harm death from care delays uk coroner findings tied delayed blood test results after the synnovis attack to a patient death","Subcategory"
"ot medical device and clinical operations risk","Hazard","ot medical device and clinical operations risk::reversion to paper based manual clinical documentation for weeks increasing medication and diagnostic error risk","Subcategory"
"ot medical device and clinical operations risk","Hazard","ot medical device and clinical operations risk::ot it convergence risk in hospital facilities systems hvac building access refrigeration for pharmaceuticals blood products","Subcategory"
"regulatory and legal exposure","Hazard","regulatory and legal exposure::hipaa hhs ocr breach notification investigation and potential civil monetary penalties us","Subcategory"
"regulatory and legal exposure","Hazard","regulatory and legal exposure::state attorney general actions and multistate settlements","Subcategory"
"regulatory and legal exposure","Hazard","regulatory and legal exposure::mass tort class action litigation from affected patients eg 65m lehigh valley health network settlement commonspirit and hca class actions","Subcategory"
"regulatory and legal exposure","Hazard","regulatory and legal exposure::gdpr and equivalent international health data protection regimes for multinational providers and insurers","Subcategory"
"regulatory and legal exposure","Hazard","regulatory and legal exposure::government parliamentary inquiries and mandatory incident reporting for public health systems irelands hse uk nhs","Subcategory"
"regulatory and legal exposure","Hazard","regulatory and legal exposure::loss of accreditation payer contract or medicare medicaid compliance risk tied to prolonged system unavailability","Subcategory"
"regulatory and legal exposure","Hazard","regulatory and legal exposure::cyber insurance coverage disputes and sub limits given the scale of potential claims in this sector","Subcategory"
"insider and workforce risk","Hazard","insider and workforce risk::widespread broad ehr access privileges among clinical staff increasing blast radius of a single compromised account","Subcategory"
"insider and workforce risk","Hazard","insider and workforce risk::credential reuse and shadow it tools eg unsanctioned messaging file sharing apps used by clinicians bypassing security controls","Subcategory"
"insider and workforce risk","Hazard","insider and workforce risk::chronic cybersecurity staffing budget shortfalls relative to it complexity especially at rural hospitals nursing homes and behavioral health social assistance providers","Subcategory"
"insider and workforce risk","Hazard","insider and workforce risk::third party staffing and locum travel clinician access management gaps","Subcategory"
"insider and workforce risk","Hazard","insider and workforce risk::social engineering of help desk password reset workflows a rising vector per 2025 2026 reporting including at change healthcare adjacent and other large health system incidents","Subcategory"
"electronic health record ehr and clinical documentation systems","Exposure","electronic health record ehr and clinical documentation systems::hospital health system ehr platforms epic oracle health cerner meditech etc","Subcategory"
"electronic health record ehr and clinical documentation systems","Exposure","electronic health record ehr and clinical documentation systems::ambulatory practice management systems for clinics and physician groups","Subcategory"
"electronic health record ehr and clinical documentation systems","Exposure","electronic health record ehr and clinical documentation systems::behavioral health and long term care nursing home record systems","Subcategory"
"electronic health record ehr and clinical documentation systems","Exposure","electronic health record ehr and clinical documentation systems::clinical order entry and e prescribing systems","Subcategory"
"medical imaging lab and diagnostic systems","Exposure","medical imaging lab and diagnostic systems::pacs picture archiving and communication systems and radiology imaging archives","Subcategory"
"medical imaging lab and diagnostic systems","Exposure","medical imaging lab and diagnostic systems::laboratory information systems lis and pathology blood testing platforms eg synnovis","Subcategory"
"medical imaging lab and diagnostic systems","Exposure","medical imaging lab and diagnostic systems::connected medical iot devices infusion pumps monitors ventilators imaging modalities","Subcategory"
"medical imaging lab and diagnostic systems","Exposure","medical imaging lab and diagnostic systems::genomic molecular diagnostics data","Subcategory"
"claims billing and revenue cycle infrastructure","Exposure","claims billing and revenue cycle infrastructure::claims clearinghouses and eligibility verification platforms eg change healthcare optum","Subcategory"
"claims billing and revenue cycle infrastructure","Exposure","claims billing and revenue cycle infrastructure::medical billing and coding service providers","Subcategory"
"claims billing and revenue cycle infrastructure","Exposure","claims billing and revenue cycle infrastructure::prior authorization and utilization management systems","Subcategory"
"claims billing and revenue cycle infrastructure","Exposure","claims billing and revenue cycle infrastructure::pharmacy benefit and prescription processing networks","Subcategory"
"claims billing and revenue cycle infrastructure","Exposure","claims billing and revenue cycle infrastructure::payment reimbursement processing tied to medicare medicaid and commercial payers","Subcategory"
"telehealth and remote care platforms","Exposure","telehealth and remote care platforms::telehealth video visit platforms","Subcategory"
"telehealth and remote care platforms","Exposure","telehealth and remote care platforms::remote patient monitoring and wearable device data feeds","Subcategory"
"telehealth and remote care platforms","Exposure","telehealth and remote care platforms::patient portals and appointment scheduling systems","Subcategory"
"protected health information phi and personal data","Exposure","protected health information phi and personal data::patient demographic and insurance medicare medicaid identifiers","Subcategory"
"protected health information phi and personal data","Exposure","protected health information phi and personal data::clinical treatment records including mental health substance abuse and reproductive health data","Subcategory"
"protected health information phi and personal data","Exposure","protected health information phi and personal data::sensitive images eg oncology treatment photos leaked at lehigh valley health network","Subcategory"
"protected health information phi and personal data","Exposure","protected health information phi and personal data::genetic and biometric data","Subcategory"
"protected health information phi and personal data","Exposure","protected health information phi and personal data::social security numbers financial and payment card data collected for billing","Subcategory"
"third party and vendor ecosystem","Exposure","third party and vendor ecosystem::ehr practice management and health it software vendors","Subcategory"
"third party and vendor ecosystem","Exposure","third party and vendor ecosystem::managed service providers msps and it outsourcers serving multiple clinics hospitals","Subcategory"
"third party and vendor ecosystem","Exposure","third party and vendor ecosystem::medical billing collections and revenue cycle management firms","Subcategory"
"third party and vendor ecosystem","Exposure","third party and vendor ecosystem::lab imaging and pathology outsourcing partners","Subcategory"
"third party and vendor ecosystem","Exposure","third party and vendor ecosystem::staffing agencies and home health senior care service providers","Subcategory"
"third party and vendor ecosystem","Exposure","third party and vendor ecosystem::health insurers and third party administrators handling member phi","Subcategory"
"physical operational continuity systems","Exposure","physical operational continuity systems::ambulance ems dispatch and diversion coordination","Subcategory"
"physical operational continuity systems","Exposure","physical operational continuity systems::pharmacy and blood bank inventory cold chain management systems","Subcategory"
"physical operational continuity systems","Exposure","physical operational continuity systems::hospital building management access control systems","Subcategory"
"physical operational continuity systems","Exposure","physical operational continuity systems::emergency department and or scheduling systems","Subcategory"
"initial access vectors","Hazard","initial access vectors::exploitation of internet facing vpn and edge appliances eg palo alto globalprotect at ingram micro fortinet citrix microsoft exchange as used against acer","Subcategory"
"initial access vectors","Hazard","initial access vectors::exploitation of managed file transfer edge software moveit goanywhere accellion for mass exfiltration","Subcategory"
"initial access vectors","Hazard","initial access vectors::leaked or purchased credentials and infostealer logs initial access broker marketplaces","Subcategory"
"initial access vectors","Hazard","initial access vectors::abuse of remote monitoring and management rmm and remote access tooling","Subcategory"
"initial access vectors","Hazard","initial access vectors::phishing social engineering of admins and developers","Subcategory"
"initial access vectors","Hazard","initial access vectors::exploitation of zero day n day vulnerabilities in the vendors own shipped products turning the product into an attack vector against customers","Subcategory"
"extortion tactics","Hazard","extortion tactics::encryption of production build ci cd and virtualization vmware esxi systems","Subcategory"
"extortion tactics","Hazard","extortion tactics::data exfiltration and public leak site publication double extortion","Subcategory"
"extortion tactics","Hazard","extortion tactics::triple quadruple extortion ddos and direct harassment of the victims downstream customers partners and employees","Subcategory"
"extortion tactics","Hazard","extortion tactics::threatened disclosure of source code product blueprints and signing keys certificates","Subcategory"
"extortion tactics","Hazard","extortion tactics::ransom escalation and event timed pressure eg revil publicizing quanta apple leak during apples launch event","Subcategory"
"supply chain and downstream cascade risk","Hazard","supply chain and downstream cascade risk::msp rmm platform compromise cascading to managed clients kaseya vsa up to 1500 downstream businesses","Subcategory"
"supply chain and downstream cascade risk","Hazard","supply chain and downstream cascade risk::saas hosted platform outage cascading to customer operations cdk global 15000 dealerships","Subcategory"
"supply chain and downstream cascade risk","Hazard","supply chain and downstream cascade risk::distribution reseller channel disruption halting downstream commerce ingram micro order processing","Subcategory"
"supply chain and downstream cascade risk","Hazard","supply chain and downstream cascade risk::software supply chain trojanized update or embedded product vulnerability propagation moveit 2700 organizations","Subcategory"
"supply chain and downstream cascade risk","Hazard","supply chain and downstream cascade risk::cloud subprocessor concentration and single points of failure shared across many tenants","Subcategory"
"intellectual property and source code theft","Hazard","intellectual property and source code theft::product designs and hardware blueprints quanta apple device schematics","Subcategory"
"intellectual property and source code theft","Hazard","intellectual property and source code theft::semiconductor chip design and eda data arm synopsys as recent leak site claims","Subcategory"
"intellectual property and source code theft","Hazard","intellectual property and source code theft::proprietary source code and algorithms","Subcategory"
"intellectual property and source code theft","Hazard","intellectual property and source code theft::code signing keys certificates and secrets enabling further supply chain abuse","Subcategory"
"intellectual property and source code theft","Hazard","intellectual property and source code theft::trade secrets roadmaps and confidential customer contracts","Subcategory"
"third party vendor and concentration risk","Hazard","third party vendor and concentration risk::shared cloud hosting infrastructure and multi tenant architecture","Subcategory"
"third party vendor and concentration risk","Hazard","third party vendor and concentration risk::subprocessor and nested vendor dependency chains","Subcategory"
"third party vendor and concentration risk","Hazard","third party vendor and concentration risk::data processor liability for downstream clients data held on behalf of customers","Subcategory"
"third party vendor and concentration risk","Hazard","third party vendor and concentration risk::concentration of many customers on one platform systemic insurer accumulation risk","Subcategory"
"regulatory and legal exposure","Hazard","regulatory and legal exposure::sec cyber incident disclosure obligations and investigations sec probe of progress software moveit","Subcategory"
"regulatory and legal exposure","Hazard","regulatory and legal exposure::gdpr and global breach notification statutes across many jurisdictions","Subcategory"
"regulatory and legal exposure","Hazard","regulatory and legal exposure::mass class action litigation moveit spawned dozens of suits 40m claimants","Subcategory"
"regulatory and legal exposure","Hazard","regulatory and legal exposure::contractual sla penalties indemnities and customer breach of contract claims","Subcategory"
"regulatory and legal exposure","Hazard","regulatory and legal exposure::cross border data transfer and sovereignty complications","Subcategory"
"insider identity and privileged access risk","Hazard","insider identity and privileged access risk::compromise of privileged admin domain admin and cloud root credentials","Subcategory"
"insider identity and privileged access risk","Hazard","insider identity and privileged access risk::developer credential and secrets theft repo tokens api keys","Subcategory"
"insider identity and privileged access risk","Hazard","insider identity and privileged access risk::initial access broker recruitment and insider collusion","Subcategory"
"insider identity and privileged access risk","Hazard","insider identity and privileged access risk::weak mfa sso federation abuse across tenants","Subcategory"
"infrastructure and availability risk it data center","Hazard","infrastructure and availability risk it data center::data center colocation and network operations disruption","Subcategory"
"infrastructure and availability risk it data center","Hazard","infrastructure and availability risk it data center::backup and disaster recovery system targeting attackers delete encrypt backups first","Subcategory"
"infrastructure and availability risk it data center","Hazard","infrastructure and availability risk it data center::virtualization and hypervisor mass encryption esxi","Subcategory"
"infrastructure and availability risk it data center","Hazard","infrastructure and availability risk it data center::prolonged availability loss and business interruption for both victim and downstream customers","Subcategory"
"software development and source code assets","Exposure","software development and source code assets::source code repositories git github gitlab bitbucket","Subcategory"
"software development and source code assets","Exposure","software development and source code assets::ci cd build and release pipelines","Subcategory"
"software development and source code assets","Exposure","software development and source code assets::code signing keys and certificates","Subcategory"
"software development and source code assets","Exposure","software development and source code assets::container registries and artifact stores","Subcategory"
"software development and source code assets","Exposure","software development and source code assets::product designs hardware blueprints and chip eda design data","Subcategory"
"customer facing saas cloud platforms","Exposure","customer facing saas cloud platforms::production application and hosting environments","Subcategory"
"customer facing saas cloud platforms","Exposure","customer facing saas cloud platforms::multi tenant customer databases and data lakes","Subcategory"
"customer facing saas cloud platforms","Exposure","customer facing saas cloud platforms::customer portals dashboards and public apis","Subcategory"
"customer facing saas cloud platforms","Exposure","customer facing saas cloud platforms::licensing provisioning and entitlement systems","Subcategory"
"managed services and remote management infrastructure","Exposure","managed services and remote management infrastructure::rmm platforms eg kaseya vsa","Subcategory"
"managed services and remote management infrastructure","Exposure","managed services and remote management infrastructure::msp management consoles and multi tenant admin planes","Subcategory"
"managed services and remote management infrastructure","Exposure","managed services and remote management infrastructure::remote access jump hosts and privileged access management","Subcategory"
"managed services and remote management infrastructure","Exposure","managed services and remote management infrastructure::monitoring patching and orchestration tooling","Subcategory"
"corporate it identity and edge systems","Exposure","corporate it identity and edge systems::active directory entra id and sso identity federation","Subcategory"
"corporate it identity and edge systems","Exposure","corporate it identity and edge systems::vpn and internet facing edge appliances globalprotect fortinet citrix","Subcategory"
"corporate it identity and edge systems","Exposure","corporate it identity and edge systems::managed file transfer appliances moveit goanywhere","Subcategory"
"corporate it identity and edge systems","Exposure","corporate it identity and edge systems::virtualization vmware esxi email and collaboration systems","Subcategory"
"corporate it identity and edge systems","Exposure","corporate it identity and edge systems::backup and disaster recovery infrastructure","Subcategory"
"customer employee and third party data","Exposure","customer employee and third party data::customer pii and account credentials","Subcategory"
"customer employee and third party data","Exposure","customer employee and third party data::contract service order and billing data eg ntt com 17891 organizations","Subcategory"
"customer employee and third party data","Exposure","customer employee and third party data::employee and applicant records eg ingram micro 42000 records","Subcategory"
"customer employee and third party data","Exposure","customer employee and third party data::downstream clients data held as a data processor","Subcategory"
"customer employee and third party data","Exposure","customer employee and third party data::confidential customer contracts purchase orders and roadmaps tata technologies leak","Subcategory"
"distribution logistics and commerce systems","Exposure","distribution logistics and commerce systems::order processing and e commerce systems ingram micro","Subcategory"
"distribution logistics and commerce systems","Exposure","distribution logistics and commerce systems::erp inventory and channel management platforms","Subcategory"
"distribution logistics and commerce systems","Exposure","distribution logistics and commerce systems::dealer reseller management saas cdk global dms","Subcategory"
"distribution logistics and commerce systems","Exposure","distribution logistics and commerce systems::payment and licensing activation systems","Subcategory"
"downstream ecosystem and supply chain relationships","Exposure","downstream ecosystem and supply chain relationships::msp managed client estates","Subcategory"
"downstream ecosystem and supply chain relationships","Exposure","downstream ecosystem and supply chain relationships::reseller distributor channel and end customers","Subcategory"
"downstream ecosystem and supply chain relationships","Exposure","downstream ecosystem and supply chain relationships::subprocessors cloud providers and integration partners","Subcategory"
"downstream ecosystem and supply chain relationships","Exposure","downstream ecosystem and supply chain relationships::hardware and component supply chain oem odm relationships eg quanta as apple odm","Subcategory"
"intellectual property and trade secrets","Exposure","intellectual property and trade secrets::semiconductor and chip design ip eda data","Subcategory"
"intellectual property and trade secrets","Exposure","intellectual property and trade secrets::proprietary algorithms models and product roadmaps","Subcategory"
"intellectual property and trade secrets","Exposure","intellectual property and trade secrets::unreleased product blueprints and schematics","Subcategory"
"intellectual property and trade secrets","Exposure","intellectual property and trade secrets::trade secrets and competitive strategic documents","Subcategory"
"initial access vectors","Hazard","initial access vectors::exposed unsecured rdp and remote access services documented initial vector in the honda ekans 2020 case","Subcategory"
"initial access vectors","Hazard","initial access vectors::exploited public facing vulnerabilities leading root cause per sophos 2025 32 of manufacturing incidents eg citrix netscaler cve exploited by inc ransom","Subcategory"
"initial access vectors","Hazard","initial access vectors::phishing spearphishing and malicious email attachments norsk hydros lockergoga entry point","Subcategory"
"initial access vectors","Hazard","initial access vectors::compromised stolen credentials including via infostealer malware","Subcategory"
"initial access vectors","Hazard","initial access vectors::malicious browser downloads by employees continental ag 2022 vector","Subcategory"
"initial access vectors","Hazard","initial access vectors::third party vendor msp remote access compromise","Subcategory"
"extortion tactics","Hazard","extortion tactics::encryption of production it systems traditional single extortion eg norsk hydro honda","Subcategory"
"extortion tactics","Hazard","extortion tactics::data exfiltration and double extortion leak site publication threats eg continental nissan yamaha","Subcategory"
"extortion tactics","Hazard","extortion tactics::backup destruction to eliminate recovery options and increase payment pressure foxconn mexico 20 30tb of backups deleted","Subcategory"
"extortion tactics","Hazard","extortion tactics::deadline driven public leak site pressure campaigns","Subcategory"
"extortion tactics","Hazard","extortion tactics::triple extortion secondary harassment of customers partners named in stolen data or ddos layered on top","Subcategory"
"extortion tactics","Hazard","extortion tactics::direct sale of stolen ip data to third parties independent of ransom negotiation continental data offered for sale at 50m 40m","Subcategory"
"ot vs it risk differentiation","Hazard","ot vs it risk differentiation::pure it compromises with data theft only impact and limited production disruption","Subcategory"
"ot vs it risk differentiation","Hazard","ot vs it risk differentiation::it to ot lateral movement causing plant production shutdowns","Subcategory"
"ot vs it risk differentiation","Hazard","ot vs it risk differentiation::purpose built ot ics targeting malware eg snake ekans designed to kill scada associated processes","Subcategory"
"ot vs it risk differentiation","Hazard","ot vs it risk differentiation::precautionary self imposed shutdowns to contain spread bridgestones proactive disconnection of 30 plants","Subcategory"
"ot vs it risk differentiation","Hazard","ot vs it risk differentiation::safety system and physical safety risk where ot compromise intersects with worker product safety","Subcategory"
"supply chain and business interruption risk","Hazard","supply chain and business interruption risk::contingent business interruption to downstream oem customers relying on jit delivery","Subcategory"
"supply chain and business interruption risk","Hazard","supply chain and business interruption risk::upstream supplier sub contractor compromise propagating into the manufacturers network","Subcategory"
"supply chain and business interruption risk","Hazard","supply chain and business interruption risk::multi plant multi region shutdowns from a single network wide compromise bridgestone 30 plants 10 days","Subcategory"
"supply chain and business interruption risk","Hazard","supply chain and business interruption risk::extended full recovery timelines 100 days per sophos 2024 data prolonging revenue loss beyond initial outage","Subcategory"
"third party and vendor msp risk","Hazard","third party and vendor msp risk::compromise via managed service providers or ot system integrators with standing remote access","Subcategory"
"third party and vendor msp risk","Hazard","third party and vendor msp risk::shared interconnected supplier portals and edi systems as lateral movement paths","Subcategory"
"third party and vendor msp risk","Hazard","third party and vendor msp risk::cloud erp mes vendor compromise cascading to multiple manufacturing clients","Subcategory"
"third party and vendor msp risk","Hazard","third party and vendor msp risk::sub tier supplier ransomware indirectly halting the insureds production contingent bi exposure","Subcategory"
"insider and workforce risk","Hazard","insider and workforce risk::employee initiated compromise malicious downloads credential reuse phishing susceptibility","Subcategory"
"insider and workforce risk","Hazard","insider and workforce risk::insufficient in house security expertise to detect respond in time cited by 425 of manufacturing ransomware victims per sophos 2025","Subcategory"
"insider and workforce risk","Hazard","insider and workforce risk::disgruntled or negligent insiders with ot production system access","Subcategory"
"insider and workforce risk","Hazard","insider and workforce risk::contractor and temporary worker access control gaps on factory floors","Subcategory"
"regulatory legal and notification exposure","Hazard","regulatory legal and notification exposure::multi jurisdictional breach notification requirements for exposed employee customer pii eg nissans 100000 person notification across australia new zealand","Subcategory"
"regulatory legal and notification exposure","Hazard","regulatory legal and notification exposure::government id and financial data exposure triggering elevated regulatory scrutiny medicare numbers drivers licenses passports tax file numbers ssns banking data seen across the example incidents","Subcategory"
"regulatory legal and notification exposure","Hazard","regulatory legal and notification exposure::export control and trade secret protection obligations for defense aerospace adjacent manufacturers","Subcategory"
"regulatory legal and notification exposure","Hazard","regulatory legal and notification exposure::securities disclosure obligations for publicly traded manufacturers material incident 8 k style disclosures","Subcategory"
"regulatory legal and notification exposure","Hazard","regulatory legal and notification exposure::cross border data transfer and subsidiary notification complexity for multinational manufacturers","Subcategory"
"operational technology industrial control systems ot ics scada","Exposure","operational technology industrial control systems ot ics scada::programmable logic controllers plcs and distributed control systems dcs","Subcategory"
"operational technology industrial control systems ot ics scada","Exposure","operational technology industrial control systems ot ics scada::scada hmi supervisory systems","Subcategory"
"operational technology industrial control systems ot ics scada","Exposure","operational technology industrial control systems ot ics scada::industrial iot iiot sensors and connected machinery","Subcategory"
"operational technology industrial control systems ot ics scada","Exposure","operational technology industrial control systems ot ics scada::robotics and automated assembly line controllers","Subcategory"
"operational technology industrial control systems ot ics scada","Exposure","operational technology industrial control systems ot ics scada::building plant management systems hvac energy safety interlocks converged with it networks","Subcategory"
"operational technology industrial control systems ot ics scada","Exposure","operational technology industrial control systems ot ics scada::legacy unpatched ot systems with long refresh cycles 10 20 year equipment lifespans","Subcategory"
"production and manufacturing execution systems","Exposure","production and manufacturing execution systems::manufacturing execution systems mes","Subcategory"
"production and manufacturing execution systems","Exposure","production and manufacturing execution systems::erp systems tied to production scheduling and inventory sap oracle etc","Subcategory"
"production and manufacturing execution systems","Exposure","production and manufacturing execution systems::quality control and batch lot tracking systems","Subcategory"
"production and manufacturing execution systems","Exposure","production and manufacturing execution systems::warehouse management and inventory control systems","Subcategory"
"production and manufacturing execution systems","Exposure","production and manufacturing execution systems::historian data collection servers bridging it and ot","Subcategory"
"intellectual property and trade secrets","Exposure","intellectual property and trade secrets::cad cam design files and product blueprints","Subcategory"
"intellectual property and trade secrets","Exposure","intellectual property and trade secrets::source code for embedded firmware systems in products","Subcategory"
"intellectual property and trade secrets","Exposure","intellectual property and trade secrets::r and d data and pre release product specifications","Subcategory"
"intellectual property and trade secrets","Exposure","intellectual property and trade secrets::proprietary manufacturing process recipe data","Subcategory"
"intellectual property and trade secrets","Exposure","intellectual property and trade secrets::patents and trade secret documentation","Subcategory"
"supply chain and third party vendor networks","Exposure","supply chain and third party vendor networks::tier 1 2 3 supplier and subcontractor network connections edi vpn shared portals","Subcategory"
"supply chain and third party vendor networks","Exposure","supply chain and third party vendor networks::just in time jit logistics and shipping freight coordination systems","Subcategory"
"supply chain and third party vendor networks","Exposure","supply chain and third party vendor networks::contract manufacturers and oem odm partners","Subcategory"
"supply chain and third party vendor networks","Exposure","supply chain and third party vendor networks::third party msps ot integrators with remote access credentials","Subcategory"
"supply chain and third party vendor networks","Exposure","supply chain and third party vendor networks::raw material and component sourcing platforms","Subcategory"
"enterprise it and corporate data","Exposure","enterprise it and corporate data::employee pii hr records payroll ssns government id data as seen in bridgestone nissan incidents","Subcategory"
"enterprise it and corporate data","Exposure","enterprise it and corporate data::financial and banking data","Subcategory"
"enterprise it and corporate data","Exposure","enterprise it and corporate data::customer and dealer distributor records","Subcategory"
"enterprise it and corporate data","Exposure","enterprise it and corporate data::email and collaboration systems","Subcategory"
"enterprise it and corporate data","Exposure","enterprise it and corporate data::backup and disaster recovery infrastructure frequently targeted for deletion as in the foxconn mexico case","Subcategory"
"physical plant and multi site infrastructure","Exposure","physical plant and multi site infrastructure::multiple manufacturing plants sites on shared corporate networks","Subcategory"
"physical plant and multi site infrastructure","Exposure","physical plant and multi site infrastructure::regional subsidiary networks with varying security maturity eg overseas subsidiaries","Subcategory"
"physical plant and multi site infrastructure","Exposure","physical plant and multi site infrastructure::industrial network segmentation boundaries it ot air gaps or lack thereof","Subcategory"
"physical plant and multi site infrastructure","Exposure","physical plant and multi site infrastructure::remote unmanned facility connections","Subcategory"
"initial access vectors","Hazard","initial access vectors::voice phishing vishing targeting it helpdesk employees to obtain saas crm credentials cushman and wakefield shinyhunters pattern","Subcategory"
"initial access vectors","Hazard","initial access vectors::business email compromise spear phishing against client facing consulting legal and accounting staff","Subcategory"
"initial access vectors","Hazard","initial access vectors::exploited vpn rdp and edge device vulnerabilities into msp and it services provider networks","Subcategory"
"initial access vectors","Hazard","initial access vectors::infostealer malware harvesting employee and third party credentials redline lumma generic stealers observed heavily across ransomwarelive business services listings","Subcategory"
"initial access vectors","Hazard","initial access vectors::compromise of exposed edi order processing and warehouse management portals in wholesale distribution firms","Subcategory"
"initial access vectors","Hazard","initial access vectors::compromised msp rmm tooling providing one to many access into multiple downstream client environments","Subcategory"
"extortion tactics","Hazard","extortion tactics::double extortion encryption plus exfiltration threat of client case data law accounting consulting firms","Subcategory"
"extortion tactics","Hazard","extortion tactics::pure data exfiltration extortion without encryption increasingly common via saas crm compromise no file encryption downtime but reputational regulatory leverage","Subcategory"
"extortion tactics","Hazard","extortion tactics::leak site countdown publication of stolen client and employee data to pressure payment","Subcategory"
"extortion tactics","Hazard","extortion tactics::multi group competing extortion claims on the same victim seen with cushman and wakefield claimed by both shinyhunters and qilin complicating incident response and negotiation","Subcategory"
"extortion tactics","Hazard","extortion tactics::harassment of downstream clients customers whose data was exposed used as secondary leverage against the professional services victim","Subcategory"
"extortion tactics","Hazard","extortion tactics::ddos as an auxiliary pressure tactic during negotiation stand offs","Subcategory"
"third party and supply chain risk","Hazard","third party and supply chain risk::msp it services compromise cascading into many downstream client organizations cognizant accenture sopra steria pattern","Subcategory"
"third party and supply chain risk","Hazard","third party and supply chain risk::sap erp consultancy and implementation partner compromise exposing multiple enterprise clients back office systems eg megawork sap consultancy incident","Subcategory"
"third party and supply chain risk","Hazard","third party and supply chain risk::bpo back office outsourcing compromise exposing data the vendor processes on behalf of many end clients across other regulated industries conduent processing healthcare claims and payments for numerous government commercial clients","Subcategory"
"third party and supply chain risk","Hazard","third party and supply chain risk::saas crm platform eg salesforce compromise via a single vendor or employee credential exposing aggregated client contact pii data across an entire real estate or professional services portfolio","Subcategory"
"third party and supply chain risk","Hazard","third party and supply chain risk::franchise staffing agency and subcontractor network risk in wholesale distribution and real estate where security posture varies widely by location","Subcategory"
"confidentiality privileged data risk","Hazard","confidentiality privileged data risk::attorney client privileged case files and litigation strategy documents law firms","Subcategory"
"confidentiality privileged data risk","Hazard","confidentiality privileged data risk::m and a due diligence financial audit and pre earnings material non public information accounting consulting firms","Subcategory"
"confidentiality privileged data risk","Hazard","confidentiality privileged data risk::engineering drawings architectural plans and technical ip engineering technical consultancies","Subcategory"
"confidentiality privileged data risk","Hazard","confidentiality privileged data risk::aggregated multi client pii phi held by bpos and claims processors creating breach exposure that multiplies across every underlying client","Subcategory"
"operational logistics disruption","Hazard","operational logistics disruption::warehouse management system wms and inventory database encryption halting order fulfillment","Subcategory"
"operational logistics disruption","Hazard","operational logistics disruption::freight transportation management system tms and dispatch scheduling outages delaying deliveries","Subcategory"
"operational logistics disruption","Hazard","operational logistics disruption::edi order processing system disruption breaking automated b2b ordering pipelines with retail wholesale customers","Subcategory"
"operational logistics disruption","Hazard","operational logistics disruption::customer facing portal outages eg mytoll style portals degrading service visibility even when core freight movement continues","Subcategory"
"insider and credential risk","Hazard","insider and credential risk::large contractor gig and franchise workforces with inconsistent endpoint security and access controls","Subcategory"
"insider and credential risk","Hazard","insider and credential risk::privileged access by outsourced it helpdesk staff susceptible to social engineering","Subcategory"
"insider and credential risk","Hazard","insider and credential risk::departing employee credential misuse in high turnover brokerage consulting environments","Subcategory"
"regulatory and legal exposure","Hazard","regulatory and legal exposure::multi state breach notification obligations when a single incident exposes data spanning many client industries and jurisdictions conduent multi state ag enforcement 10 class actions","Subcategory"
"regulatory and legal exposure","Hazard","regulatory and legal exposure::contractual indemnification and liability clauses with enterprise clients whose data was exposed via the vendor","Subcategory"
"regulatory and legal exposure","Hazard","regulatory and legal exposure::sec disclosure obligations for publicly traded professional services firms cognizant sopra steria accenture conduent all filed material impact disclosures","Subcategory"
"regulatory and legal exposure","Hazard","regulatory and legal exposure::professional licensing ethics exposure for law and accounting firms following confidentiality breaches","Subcategory"
"client and case data","Exposure","client and case data::legal case files and privileged communications","Subcategory"
"client and case data","Exposure","client and case data::financial audit workpapers and tax filings","Subcategory"
"client and case data","Exposure","client and case data::m and a due diligence data rooms","Subcategory"
"client and case data","Exposure","client and case data::consulting deliverables and strategic plans","Subcategory"
"client and case data","Exposure","client and case data::engineering designs architectural plans and technical specifications","Subcategory"
"crm sales and saas platforms","Exposure","crm sales and saas platforms::salesforce and other crm instances holding client and prospect pii cushman and wakefield","Subcategory"
"crm sales and saas platforms","Exposure","crm sales and saas platforms::marketing automation and email platforms","Subcategory"
"crm sales and saas platforms","Exposure","crm sales and saas platforms::cloud collaboration suites m365 google workspace and file sharing repositories","Subcategory"
"erp back office and bpo processing systems","Exposure","erp back office and bpo processing systems::sap and other erp implementations managed by consultancies for enterprise clients","Subcategory"
"erp back office and bpo processing systems","Exposure","erp back office and bpo processing systems::payment processing healthcare claims processing and payroll systems run by bpos conduent style exposure","Subcategory"
"erp back office and bpo processing systems","Exposure","erp back office and bpo processing systems::hr staffing databases and applicant records","Subcategory"
"real estate specific systems and data","Exposure","real estate specific systems and data::property management and lease tenant databases","Subcategory"
"real estate specific systems and data","Exposure","real estate specific systems and data::building access control and physical security systems eg open options access control platform incident","Subcategory"
"real estate specific systems and data","Exposure","real estate specific systems and data::title escrow and transaction closing data","Subcategory"
"real estate specific systems and data","Exposure","real estate specific systems and data::facilities iot building management systems","Subcategory"
"wholesale trade and logistics systems","Exposure","wholesale trade and logistics systems::warehouse management systems wms and inventory databases","Subcategory"
"wholesale trade and logistics systems","Exposure","wholesale trade and logistics systems::freight transportation management and dispatch systems","Subcategory"
"wholesale trade and logistics systems","Exposure","wholesale trade and logistics systems::edi and automated b2b order processing pipelines","Subcategory"
"wholesale trade and logistics systems","Exposure","wholesale trade and logistics systems::customer facing tracking shipping portals","Subcategory"
"employee contractor and third party data","Exposure","employee contractor and third party data::employee pii and payroll benefits records","Subcategory"
"employee contractor and third party data","Exposure","employee contractor and third party data::contractor and subcontractor databases","Subcategory"
"employee contractor and third party data","Exposure","employee contractor and third party data::franchise network partner data","Subcategory"
"employee contractor and third party data","Exposure","employee contractor and third party data::third party vendor and supply chain contact information","Subcategory"
"cloud msp infrastructure and credentials","Exposure","cloud msp infrastructure and credentials::msp rmm remote management tooling with privileged access to multiple client networks","Subcategory"
"cloud msp infrastructure and credentials","Exposure","cloud msp infrastructure and credentials::domain admin and active directory credentials","Subcategory"
"cloud msp infrastructure and credentials","Exposure","cloud msp infrastructure and credentials::api keys and service account credentials for interconnected client systems","Subcategory"
"intellectual property and trade secrets","Exposure","intellectual property and trade secrets::r and d and engineering ip","Subcategory"
"intellectual property and trade secrets","Exposure","intellectual property and trade secrets::proprietary methodologies and software eg custom crm software platforms like all gather crm","Subcategory"
"intellectual property and trade secrets","Exposure","intellectual property and trade secrets::competitive strategic business intelligence","Subcategory"
"initial access vectors","Hazard","initial access vectors::exploitation of unpatched internet facing systems and legacy end of life software vpn concentrators citrix rdp gateways exchange file transfer appliances like moveit common in underfunded agencies","Subcategory"
"initial access vectors","Hazard","initial access vectors::exposed brute forced remote desktop protocol rdp the classic samsam vector used against atlanta","Subcategory"
"initial access vectors","Hazard","initial access vectors::phishing and business email compromise against government email accounts and elected officials","Subcategory"
"initial access vectors","Hazard","initial access vectors::stolen valid credentials and weak or absent mfa on remote access and privileged accounts","Subcategory"
"initial access vectors","Hazard","initial access vectors::compromise via managed service providers msps and shared statewide county it systems that serve many agencies at once","Subcategory"
"initial access vectors","Hazard","initial access vectors::third party software supply chain compromise eg mass exploited file transfer and remote management tools","Subcategory"
"extortion tactics","Hazard","extortion tactics::encryption of servers endpoints halting citizen facing and back office services double extortion base case","Subcategory"
"extortion tactics","Hazard","extortion tactics::data exfiltration public leak site posting when governments refuse to pay eg rhysida dumping 600gb from the british library interlock posting 43gb from st paul play leaking oakland data","Subcategory"
"extortion tactics","Hazard","extortion tactics::publication auctioning of citizen pii employee hr payroll files and law enforcement records to shame and pressure","Subcategory"
"extortion tactics","Hazard","extortion tactics::direct harassment notification of affected citizens and media to amplify political pressure on officials","Subcategory"
"extortion tactics","Hazard","extortion tactics::framing attacks as acts of terrorism national security events costa rica to maximize coercion","Subcategory"
"extortion tactics","Hazard","extortion tactics::ddos and repeat attack threats layered on top of encryption triple extortion","Subcategory"
"service disruption availability risk mission critical public services","Hazard","service disruption availability risk mission critical public services::911 emergency dispatch and first responder cad systems impacted in dallas","Subcategory"
"service disruption availability risk mission critical public services","Hazard","service disruption availability risk mission critical public services::tax revenue customs and treasury collection systems costa rica hacienda baltimore property transfers","Subcategory"
"service disruption availability risk mission critical public services","Hazard","service disruption availability risk mission critical public services::benefits social security and public assistance payment systems costa rican ccss social security fund","Subcategory"
"service disruption availability risk mission critical public services","Hazard","service disruption availability risk mission critical public services::courts permitting licensing vital records and land property registries","Subcategory"
"service disruption availability risk mission critical public services","Hazard","service disruption availability risk mission critical public services::public utilities billing water electricity administrative systems and municipal payment portals","Subcategory"
"service disruption availability risk mission critical public services","Hazard","service disruption availability risk mission critical public services::prolonged recovery windows months driven by legacy systems and limited in house restoration capacity","Subcategory"
"ot critical infrastructure adjacency","Hazard","ot critical infrastructure adjacency::municipal water and wastewater scada ot overseen by public works departments","Subcategory"
"ot critical infrastructure adjacency","Hazard","ot critical infrastructure adjacency::traffic management transit and public lighting control systems","Subcategory"
"ot critical infrastructure adjacency","Hazard","ot critical infrastructure adjacency::public utility electric water operational systems run by state municipal authorities","Subcategory"
"ot critical infrastructure adjacency","Hazard","ot critical infrastructure adjacency::emergency communications and radio infrastructure","Subcategory"
"ot critical infrastructure adjacency","Hazard","ot critical infrastructure adjacency::it ot flat network convergence in small municipalities lacking segmentation","Subcategory"
"third party supply chain and aggregation risk","Hazard","third party supply chain and aggregation risk::managed service providers msps and it contractors serving multiple municipalities simultaneously","Subcategory"
"third party supply chain and aggregation risk","Hazard","third party supply chain and aggregation risk::shared statewide platforms county data centers and regional cooperatives single point of failure for many agencies","Subcategory"
"third party supply chain and aggregation risk","Hazard","third party supply chain and aggregation risk::saas cloud vendors holding benefits tax and records data on behalf of agencies","Subcategory"
"third party supply chain and aggregation risk","Hazard","third party supply chain and aggregation risk::file transfer and remote management software mass exploitation events hitting many governments at once","Subcategory"
"third party supply chain and aggregation risk","Hazard","third party supply chain and aggregation risk::election system and voter registration vendor exposure integrity and confidence risk","Subcategory"
"insider and workforce risk","Hazard","insider and workforce risk::negligent insiders credential reuse susceptibility to phishing workaround shadow it during outages","Subcategory"
"insider and workforce risk","Hazard","insider and workforce risk::malicious disgruntled insiders and access broker recruitment costa rica alleged in country facilitators","Subcategory"
"insider and workforce risk","Hazard","insider and workforce risk::weak privileged access governance and over provisioned admin accounts","Subcategory"
"insider and workforce risk","Hazard","insider and workforce risk::elected official and executive account targeting high value low training","Subcategory"
"regulatory legal and political exposure","Hazard","regulatory legal and political exposure::breach notification and data protection obligations state breach laws gdpr uk gdpr for foreign governments sector rules","Subcategory"
"regulatory legal and political exposure","Hazard","regulatory legal and political exposure::class action litigation by affected citizens and employees over exposed pii","Subcategory"
"regulatory legal and political exposure","Hazard","regulatory legal and political exposure::public records foia scrutiny legislative inquiries and audits of the response","Subcategory"
"regulatory legal and political exposure","Hazard","regulatory legal and political exposure::ofac sanctions risk when a ransom would flow to a sanctioned group constrains payment even if desired","Subcategory"
"regulatory legal and political exposure","Hazard","regulatory legal and political exposure::political and electoral fallout loss of public trust and pressure on officials to restore service fast","Subcategory"
"regulatory legal and political exposure","Hazard","regulatory legal and political exposure::national security escalation for attacks on central government institutions","Subcategory"
"threat actor landscape","Hazard","threat actor landscape::financially motivated raas crews prominent against government royal rhysida play lockbit blackcat alphv medusa interlock conti defunct","Subcategory"
"threat actor landscape","Hazard","threat actor landscape::state nexus apt actors where extortion overlaps with espionage verizon 2025 espionage breaches up 163 28 also financially motivated","Subcategory"
"threat actor landscape","Hazard","threat actor landscape::nation linked operators iranian samsam actors indicted for atlanta pro russian conti against costa rica","Subcategory"
"threat actor landscape","Hazard","threat actor landscape::initial access brokers selling footholds into government networks","Subcategory"
"citizen and employee data assets","Exposure","citizen and employee data assets::citizen pii names ssns national ids addresses dates of birth","Subcategory"
"citizen and employee data assets","Exposure","citizen and employee data assets::employee hr and payroll data including retirees and dependents dallas 27000 notified columbus 500000 files","Subcategory"
"citizen and employee data assets","Exposure","citizen and employee data assets::tax financial and benefits records held by revenue and social services agencies","Subcategory"
"citizen and employee data assets","Exposure","citizen and employee data assets::health phi held by public health medicaid and social services departments","Subcategory"
"citizen and employee data assets","Exposure","citizen and employee data assets::law enforcement records case files and investigative data","Subcategory"
"citizen and employee data assets","Exposure","citizen and employee data assets::vital records birth death marriage land property registries and court records","Subcategory"
"citizen and employee data assets","Exposure","citizen and employee data assets::library patron and crm databases british library 500000 files incl user and staff data","Subcategory"
"core it and enterprise systems","Exposure","core it and enterprise systems::active directory identity and access management prime ransomware target for domain wide encryption","Subcategory"
"core it and enterprise systems","Exposure","core it and enterprise systems::email and collaboration platforms baltimore staff forced to gmail workarounds","Subcategory"
"core it and enterprise systems","Exposure","core it and enterprise systems::erp finance procurement and payroll systems","Subcategory"
"core it and enterprise systems","Exposure","core it and enterprise systems::file servers document management and records systems","Subcategory"
"core it and enterprise systems","Exposure","core it and enterprise systems::endpoints and laptops sophos 56 of government machines impacted on average per attack","Subcategory"
"core it and enterprise systems","Exposure","core it and enterprise systems::backup and disaster recovery infrastructure targeted to prevent restoration","Subcategory"
"citizen facing service platforms","Exposure","citizen facing service platforms::online payment portals and municipal e services st paul baltimore","Subcategory"
"citizen facing service platforms","Exposure","citizen facing service platforms::permitting licensing and business registration systems","Subcategory"
"citizen facing service platforms","Exposure","citizen facing service platforms::tax revenue and customs collection systems costa rica baltimore","Subcategory"
"citizen facing service platforms","Exposure","citizen facing service platforms::benefits social security and public assistance disbursement systems","Subcategory"
"citizen facing service platforms","Exposure","citizen facing service platforms::court e filing and case management systems","Subcategory"
"citizen facing service platforms","Exposure","citizen facing service platforms::public wi fi and website portal infrastructure british library st paul","Subcategory"
"public safety and emergency systems","Exposure","public safety and emergency systems::911 emergency dispatch and computer aided dispatch cad dallas","Subcategory"
"public safety and emergency systems","Exposure","public safety and emergency systems::first responder and police fire records and communications","Subcategory"
"public safety and emergency systems","Exposure","public safety and emergency systems::emergency notification and alerting systems","Subcategory"
"public safety and emergency systems","Exposure","public safety and emergency systems::jail detention and body camera evidence management systems","Subcategory"
"operational technology and municipal infrastructure","Exposure","operational technology and municipal infrastructure::water wastewater scada and public works ot","Subcategory"
"operational technology and municipal infrastructure","Exposure","operational technology and municipal infrastructure::traffic transit and street lighting control systems","Subcategory"
"operational technology and municipal infrastructure","Exposure","operational technology and municipal infrastructure::municipal utility electric water operational systems","Subcategory"
"operational technology and municipal infrastructure","Exposure","operational technology and municipal infrastructure::building management and physical access control systems","Subcategory"
"third party and shared service dependencies","Exposure","third party and shared service dependencies::msps it contractors and outsourced help desk network providers","Subcategory"
"third party and shared service dependencies","Exposure","third party and shared service dependencies::shared statewide county data centers and regional service cooperatives","Subcategory"
"third party and shared service dependencies","Exposure","third party and shared service dependencies::cloud saas vendors for benefits tax hr and records processing","Subcategory"
"third party and shared service dependencies","Exposure","third party and shared service dependencies::file transfer and remote management software moveit style mass exploit exposure","Subcategory"
"third party and shared service dependencies","Exposure","third party and shared service dependencies::election and voter registration technology vendors","Subcategory"
"third party and shared service dependencies","Exposure","third party and shared service dependencies::payment processors and identity verification providers","Subcategory"
"initial access vectors","Hazard","initial access vectors::help desk service desk vishing and impersonation scattered spider style","Subcategory"
"initial access vectors","Hazard","initial access vectors::third party it vendor or identity provider okta sso compromise","Subcategory"
"initial access vectors","Hazard","initial access vectors::exploited public facing vulnerabilities vpn web app edge devices","Subcategory"
"initial access vectors","Hazard","initial access vectors::saas oauth and connected app abuse eg fake salesforce data loader","Subcategory"
"initial access vectors","Hazard","initial access vectors::phishing credential theft against store warehouse or corporate staff","Subcategory"
"initial access vectors","Hazard","initial access vectors::compromised franchise or dealer network credentials","Subcategory"
"extortion tactics","Hazard","extortion tactics::traditional encryption of erp pos inventory systems operational shutdown","Subcategory"
"extortion tactics","Hazard","extortion tactics::extortion only data exfiltration with no encryption fastest growing tactic","Subcategory"
"extortion tactics","Hazard","extortion tactics::double extortion encrypt threaten to leak","Subcategory"
"extortion tactics","Hazard","extortion tactics::direct executive leadership harassment calls teams messages emails to c suite","Subcategory"
"extortion tactics","Hazard","extortion tactics::deadline based public leak site threats naming victims before payment","Subcategory"
"extortion tactics","Hazard","extortion tactics::threats against downstream customers members directly name and shame of loyalty program members","Subcategory"
"operational and store network disruption","Hazard","operational and store network disruption::store wide or chain wide pos outages halting sales","Subcategory"
"operational and store network disruption","Hazard","operational and store network disruption::automated ordering replenishment failure forcing manual paper processes","Subcategory"
"operational and store network disruption","Hazard","operational and store network disruption::e commerce website downtime and lost online revenue","Subcategory"
"operational and store network disruption","Hazard","operational and store network disruption::warehouse and logistics disruption causing stockouts","Subcategory"
"operational and store network disruption","Hazard","operational and store network disruption::shared platform outages cascading across many independent locations franchise dealer model","Subcategory"
"third party and supply chain risk","Hazard","third party and supply chain risk::compromise of shared saas dms crm platforms serving many retailers at once","Subcategory"
"third party and supply chain risk","Hazard","third party and supply chain risk::it help desk outsourced support vendor compromise","Subcategory"
"third party and supply chain risk","Hazard","third party and supply chain risk::payment processor or gateway compromise","Subcategory"
"third party and supply chain risk","Hazard","third party and supply chain risk::franchise multi brand holding company shared infrastructure","Subcategory"
"third party and supply chain risk","Hazard","third party and supply chain risk::fourth party risk from vendors own vendors","Subcategory"
"insider and workforce risk","Hazard","insider and workforce risk::under resourced in house security teams relative to store location count","Subcategory"
"insider and workforce risk","Hazard","insider and workforce risk::susceptibility of frontline call center help desk staff to social engineering","Subcategory"
"insider and workforce risk","Hazard","insider and workforce risk::high employee turnover complicating access management and training","Subcategory"
"insider and workforce risk","Hazard","insider and workforce risk::malicious or negligent insider access at franchise third party locations","Subcategory"
"regulatory legal and disclosure exposure","Hazard","regulatory legal and disclosure exposure::pci dss liability for payment card data exposure","Subcategory"
"regulatory legal and disclosure exposure","Hazard","regulatory legal and disclosure exposure::state federal breach notification requirements and uk eu gdpr for multinational retailers","Subcategory"
"regulatory legal and disclosure exposure","Hazard","regulatory legal and disclosure exposure::securities disclosure obligations for public companies sec 8 k equivalent uk other filings","Subcategory"
"regulatory legal and disclosure exposure","Hazard","regulatory legal and disclosure exposure::class action and consumer litigation exposure over pii loyalty data theft","Subcategory"
"regulatory legal and disclosure exposure","Hazard","regulatory legal and disclosure exposure::regulatory scrutiny of ransom payments ofac type sanctions risk on payment recipients","Subcategory"
"reputational and customer trust risk","Hazard","reputational and customer trust risk::customer churn and reduced footfall online conversion post incident","Subcategory"
"reputational and customer trust risk","Hazard","reputational and customer trust risk::stock price market capitalization impact for public companies","Subcategory"
"reputational and customer trust risk","Hazard","reputational and customer trust risk::loyalty program member attrition after data theft disclosure","Subcategory"
"reputational and customer trust risk","Hazard","reputational and customer trust risk::franchise brand license reputational spillover across independently owned locations","Subcategory"
"point of sale pos and payment systems","Exposure","point of sale pos and payment systems::in store pos terminals and card readers","Subcategory"
"point of sale pos and payment systems","Exposure","point of sale pos and payment systems::payment gateway processor integrations","Subcategory"
"point of sale pos and payment systems","Exposure","point of sale pos and payment systems::e commerce checkout and shopping cart platforms","Subcategory"
"point of sale pos and payment systems","Exposure","point of sale pos and payment systems::tokenization pci cardholder data environments","Subcategory"
"point of sale pos and payment systems","Exposure","point of sale pos and payment systems::gift card and loyalty point redemption systems","Subcategory"
"customer data and crm loyalty platforms","Exposure","customer data and crm loyalty platforms::loyalty membership program databases names dob contact info","Subcategory"
"customer data and crm loyalty platforms","Exposure","customer data and crm loyalty platforms::crm saas platforms eg salesforce instances connected apps oauth grants","Subcategory"
"customer data and crm loyalty platforms","Exposure","customer data and crm loyalty platforms::marketing and email sms platforms","Subcategory"
"customer data and crm loyalty platforms","Exposure","customer data and crm loyalty platforms::customer service and call center ticketing systems","Subcategory"
"customer data and crm loyalty platforms","Exposure","customer data and crm loyalty platforms::website account credentials and stored preferences","Subcategory"
"supply chain inventory and store operations systems","Exposure","supply chain inventory and store operations systems::erp enterprise resource planning platforms","Subcategory"
"supply chain inventory and store operations systems","Exposure","supply chain inventory and store operations systems::warehouse management and logistics routing systems","Subcategory"
"supply chain inventory and store operations systems","Exposure","supply chain inventory and store operations systems::automated stock replenishment and ordering systems","Subcategory"
"supply chain inventory and store operations systems","Exposure","supply chain inventory and store operations systems::store network and in store it infrastructure self checkout digital signage","Subcategory"
"supply chain inventory and store operations systems","Exposure","supply chain inventory and store operations systems::click and collect omnichannel fulfillment systems","Subcategory"
"third party franchise and vendor dealer networks","Exposure","third party franchise and vendor dealer networks::shared saas dealer management system providers eg dms platforms for auto dealers","Subcategory"
"third party franchise and vendor dealer networks","Exposure","third party franchise and vendor dealer networks::franchise and multi location operator networks","Subcategory"
"third party franchise and vendor dealer networks","Exposure","third party franchise and vendor dealer networks::outsourced third party it help desks and identity providers okta and similar","Subcategory"
"third party franchise and vendor dealer networks","Exposure","third party franchise and vendor dealer networks::payment processors and financial intermediaries","Subcategory"
"third party franchise and vendor dealer networks","Exposure","third party franchise and vendor dealer networks::marketing loyalty and analytics vendors with data sharing access","Subcategory"
"employee and hr data","Exposure","employee and hr data::social security numbers and government id scans","Subcategory"
"employee and hr data","Exposure","employee and hr data::payroll and w 2 tax records","Subcategory"
"employee and hr data","Exposure","employee and hr data::benefits and background check data","Subcategory"
"employee and hr data","Exposure","employee and hr data::time and attendance scheduling system data","Subcategory"
"physical and building adjacent operational technology","Exposure","physical and building adjacent operational technology::refrigeration hvac and building management systems grocery food service","Subcategory"
"physical and building adjacent operational technology","Exposure","physical and building adjacent operational technology::digital key access card systems hospitality casino","Subcategory"
"physical and building adjacent operational technology","Exposure","physical and building adjacent operational technology::warehouse robotics and automated fulfillment hardware","Subcategory"
"physical and building adjacent operational technology","Exposure","physical and building adjacent operational technology::fitness wellness facility access and scheduling systems","Subcategory"
"brand product and intellectual property data","Exposure","brand product and intellectual property data::unreleased product designs and merchandising plans","Subcategory"
"brand product and intellectual property data","Exposure","brand product and intellectual property data::pricing and promotional strategy documents","Subcategory"
"brand product and intellectual property data","Exposure","brand product and intellectual property data::supplier vendor contracts and cost data","Subcategory"
"brand product and intellectual property data","Exposure","brand product and intellectual property data::brand and marketing creative assets","Subcategory"
"initial access vectors","Hazard","initial access vectors::infostealer harvested employee admin credentials wow arkana orange spain ripe account takeover","Subcategory"
"initial access vectors","Hazard","initial access vectors::exploitation of internet facing edge devices vpns and collaboration platforms colt orange sharepoint cve 2025 53770 dbir notes 8x rise in edge vpn exploitation only 54 patched","Subcategory"
"initial access vectors","Hazard","initial access vectors::phishing and social engineering leading to hijacked domain admin accounts telecom argentina revil","Subcategory"
"initial access vectors","Hazard","initial access vectors::compromised third party vendor or subcontractor credentials bell technical solutions hive","Subcategory"
"initial access vectors","Hazard","initial access vectors::rapid weaponization of zero day critical vulnerabilities in internet facing network equipment cyble finding","Subcategory"
"initial access vectors","Hazard","initial access vectors::stolen or weak administrative credentials tstt ransomexx","Subcategory"
"extortion tactics","Hazard","extortion tactics::double extortion encryption plus data exfiltration ransomexx tstt yanluowang cincinnati bell","Subcategory"
"extortion tactics","Hazard","extortion tactics::pure data leak pay or leak extortion with no encryption arkana wow shinyhunters american tower shinyhunters charter","Subcategory"
"extortion tactics","Hazard","extortion tactics::public shaming wall of shame and doxxing tactics arkana securitys stated model","Subcategory"
"extortion tactics","Hazard","extortion tactics::proof of hack demonstration videos and backend access showcases arkana wow","Subcategory"
"extortion tactics","Hazard","extortion tactics::reupload re extortion of previously leaked data by a different or same group sk telecom data reuploaded listing","Subcategory"
"extortion tactics","Hazard","extortion tactics::deadline driven negotiation windows escalating ransom demands over time telecom argentinas 75m to 15m escalation","Subcategory"
"core network availability disruption ot equivalent risk","Hazard","core network availability disruption ot equivalent risk::voice sms data network outages from ransomware or intrusion cellcoms week long voice sms blackout","Subcategory"
"core network availability disruption ot equivalent risk","Hazard","core network availability disruption ot equivalent risk::bgp hijacking routing manipulation causing internet outages orange spain","Subcategory"
"core network availability disruption ot equivalent risk","Hazard","core network availability disruption ot equivalent risk::sabotage style attacks without malware causing multi day national outages vodafone portugal 47m mobile 1m fixed customers affected","Subcategory"
"core network availability disruption ot equivalent risk","Hazard","core network availability disruption ot equivalent risk::customer portal and oss bss downtime cascading into business customer disruption colts multi month portal outage","Subcategory"
"core network availability disruption ot equivalent risk","Hazard","core network availability disruption ot equivalent risk::emergency services 911 e911 disruption risk given telecoms critical infrastructure designation","Subcategory"
"third party and supply chain risk","Hazard","third party and supply chain risk::compromise via subcontracted field service technical solutions providers","Subcategory"
"third party and supply chain risk","Hazard","third party and supply chain risk::compromise of shared backend saas platforms used across the operators business appiancloud symphonica style","Subcategory"
"third party and supply chain risk","Hazard","third party and supply chain risk::mvno reseller relationship exposure","Subcategory"
"third party and supply chain risk","Hazard","third party and supply chain risk::industry body association compromise with cross member blast radius gsma qilin","Subcategory"
"third party and supply chain risk","Hazard","third party and supply chain risk::downstream exposure of other carriers data held incidentally american towers records referencing t mobile verizon dhs","Subcategory"
"insider and credential based risk","Hazard","insider and credential based risk::single employee infostealer infection cascading to full backend compromise wow","Subcategory"
"insider and credential based risk","Hazard","insider and credential based risk::reused weak passwords on high privilege admin or registry accounts orange spain ripe account","Subcategory"
"insider and credential based risk","Hazard","insider and credential based risk::sim swap enabling data theft usim keys imsi creating downstream account takeover risk for subscribers sk telecom","Subcategory"
"insider and credential based risk","Hazard","insider and credential based risk::insider facilitated or insider adjacent credential sale enabling initial access","Subcategory"
"regulatory and legal exposure","Hazard","regulatory and legal exposure::data protection regulator fines sk telecoms 972m pipc fine cosmote otes combined 925m greek dpa fines for a related breach","Subcategory"
"regulatory and legal exposure","Hazard","regulatory and legal exposure::mandatory consumer compensation schemes sk telecoms per subscriber payout order","Subcategory"
"regulatory and legal exposure","Hazard","regulatory and legal exposure::breach notification law gaps delays in some jurisdictions trinidad and tobagos lack of mandatory notification law","Subcategory"
"regulatory and legal exposure","Hazard","regulatory and legal exposure::securities disclosure obligations for public telecom operators wideopenwest 8 k materiality determination","Subcategory"
"regulatory and legal exposure","Hazard","regulatory and legal exposure::executive leadership accountability actions tstt ceos dismissal post breach","Subcategory"
"regulatory and legal exposure","Hazard","regulatory and legal exposure::national security and critical infrastructure regulatory scrutiny given telecoms designation in most jurisdictions","Subcategory"
"core network and signaling systems","Exposure","core network and signaling systems::home subscriber server hss hlr subscriber databases eg sk telecom","Subcategory"
"core network and signaling systems","Exposure","core network and signaling systems::usim sim authentication keys and imsi imei identifiers","Subcategory"
"core network and signaling systems","Exposure","core network and signaling systems::bss oss billing and operations support systems","Subcategory"
"core network and signaling systems","Exposure","core network and signaling systems::bgp ripe routing account credentials and dns infrastructure orange spain style hijack risk","Subcategory"
"core network and signaling systems","Exposure","core network and signaling systems::ss7 signaling systems","Subcategory"
"core network and signaling systems","Exposure","core network and signaling systems::5g core network functions and voice sms switching platforms cellcom style voice network compromise","Subcategory"
"core network and signaling systems","Exposure","core network and signaling systems::e911 emergency call routing systems","Subcategory"
"subscriber and customer pii","Exposure","subscriber and customer pii::names addresses dates of birth national id passport drivers license scans","Subcategory"
"subscriber and customer pii","Exposure","subscriber and customer pii::call detail records cdrs who called whom when duration cell tower location metadata","Subcategory"
"subscriber and customer pii","Exposure","subscriber and customer pii::billing payment card and bank account data","Subcategory"
"subscriber and customer pii","Exposure","subscriber and customer pii::login credentials security questions and account history wow style","Subcategory"
"subscriber and customer pii","Exposure","subscriber and customer pii::device handset data and device financing records","Subcategory"
"enterprise backend it and saas platforms","Exposure","enterprise backend it and saas platforms::crm and customer support ticketing portals colt online style customer portals","Subcategory"
"enterprise backend it and saas platforms","Exposure","enterprise backend it and saas platforms::third party saas backend platforms integrated into telecom operations eg appiancloud symphonica","Subcategory"
"enterprise backend it and saas platforms","Exposure","enterprise backend it and saas platforms::vpn remote access and sharepoint collaboration infrastructure cve 2025 53770 style exploitation","Subcategory"
"enterprise backend it and saas platforms","Exposure","enterprise backend it and saas platforms::employee hr payroll and executive personal data","Subcategory"
"enterprise backend it and saas platforms","Exposure","enterprise backend it and saas platforms::internal source code gitlab ci cd repositories and database dumps","Subcategory"
"physical and field infrastructure","Exposure","physical and field infrastructure::cell tower compounds and physical access gate codes american tower incident","Subcategory"
"physical and field infrastructure","Exposure","physical and field infrastructure::colocation and data center facility access systems","Subcategory"
"physical and field infrastructure","Exposure","physical and field infrastructure::field service technician and subcontractor credentials networks bell technical solutions style","Subcategory"
"physical and field infrastructure","Exposure","physical and field infrastructure::tower asset gps location data","Subcategory"
"third party partner and downstream data","Exposure","third party partner and downstream data::mvno mobile virtual network operator and reseller partner data","Subcategory"
"third party partner and downstream data","Exposure","third party partner and downstream data::interconnect roaming carrier data and industry association data eg gsma","Subcategory"
"third party partner and downstream data","Exposure","third party partner and downstream data::data belonging to enterprise customers hosted routed or processed by the telecom managed services hosting colocation","Subcategory"
"third party partner and downstream data","Exposure","third party partner and downstream data::references to other companies infrastructure held incidentally eg tower records referencing other carriers equipment","Subcategory"
"regulatory lawful intercept and critical infrastructure systems","Exposure","regulatory lawful intercept and critical infrastructure systems::lawful intercept and law enforcement request handling systems","Subcategory"
"regulatory lawful intercept and critical infrastructure systems","Exposure","regulatory lawful intercept and critical infrastructure systems::critical infrastructure national security designated network segments","Subcategory"
"regulatory lawful intercept and critical infrastructure systems","Exposure","regulatory lawful intercept and critical infrastructure systems::breach notification and regulatory reporting systems subject to gdpr pipc fcc ofcom etc","Subcategory"
"initial access vectors","Hazard","initial access vectors::weak brute forced credentials and absent mfa on remote access or vpn accounts eg knp logistics akira single weak password no mfa","Subcategory"
"initial access vectors","Hazard","initial access vectors::exploited public facing vulnerabilities in logistics erp software and edge devices","Subcategory"
"initial access vectors","Hazard","initial access vectors::phishing and stolen credential campaigns targeting dispatch billing and operations staff","Subcategory"
"initial access vectors","Hazard","initial access vectors::compromise of a shared upstream software vendor whose platform many carriers depend on supply chain trojan eg notpetyas spread via medoc","Subcategory"
"initial access vectors","Hazard","initial access vectors::legacy or unpatched ot ics components in port terminal and warehouse automation systems with long refresh cycles","Subcategory"
"extortion tactics","Hazard","extortion tactics::traditional file system encryption halting dispatch billing and tracking operations","Subcategory"
"extortion tactics","Hazard","extortion tactics::double extortion data theft plus threatened leak nefilim toll group lockbit estes","Subcategory"
"extortion tactics","Hazard","extortion tactics::extortion only attacks with no encryption payload relying purely on stolen shipment customer financial data a rising share industry wide per sophos 2025","Subcategory"
"extortion tactics","Hazard","extortion tactics::harassment of customers partners or drivers via leaked contact data to pressure payment","Subcategory"
"extortion tactics","Hazard","extortion tactics::wiper malware disguised as ransomware for disruption rather than profit notpetya maersk","Subcategory"
"ot vs it risk","Hazard","ot vs it risk::port terminal operating systems and crane gate automation as single points of failure nagoya port","Subcategory"
"ot vs it risk","Hazard","ot vs it risk::fleet telematics eld systems whose compromise removes real time visibility and regulatory compliance capability orbcomm","Subcategory"
"ot vs it risk","Hazard","ot vs it risk::warehouse robotics conveyor and sortation system control networks","Subcategory"
"ot vs it risk","Hazard","ot vs it risk::it ot network convergence enabling lateral movement from a compromised office network into operational control systems","Subcategory"
"ot vs it risk","Hazard","ot vs it risk::safety and regulatory fallback processes eg manual paper logging that partially mitigate but dont eliminate business impact during ot outages","Subcategory"
"third party and supply chain risk","Hazard","third party and supply chain risk::concentration risk in dominant eld telematics or tms wms software vendors serving many carriers simultaneously","Subcategory"
"third party and supply chain risk","Hazard","third party and supply chain risk::cascading customer service disruption when a shared customer portal or booking platform goes down","Subcategory"
"third party and supply chain risk","Hazard","third party and supply chain risk::cross organizational data exposure when edi partner data feeds are compromised","Subcategory"
"third party and supply chain risk","Hazard","third party and supply chain risk::regulatory compliance cascade eg fmcsa having to issue nationwide eld enforcement waivers after a single vendors outage","Subcategory"
"insider and workforce risk","Hazard","insider and workforce risk::credential reuse weak passwords among widely distributed field and warehouse staff","Subcategory"
"insider and workforce risk","Hazard","insider and workforce risk::high employee contractor turnover complicating access deprovisioning","Subcategory"
"insider and workforce risk","Hazard","insider and workforce risk::limited security awareness training budgets relative to operational safety training priorities","Subcategory"
"insider and workforce risk","Hazard","insider and workforce risk::malicious or coerced insiders with access to dispatch or customs clearance systems","Subcategory"
"regulatory and financial exposure","Hazard","regulatory and financial exposure::critical infrastructure sector status triggering mandatory incident reporting eg cisa tsa requirements in the us","Subcategory"
"regulatory and financial exposure","Hazard","regulatory and financial exposure::state federal breach notification laws when driver employee or customer pii is exposed estes express lines 21184 individuals maine ag filing","Subcategory"
"regulatory and financial exposure","Hazard","regulatory and financial exposure::class action litigation risk following notification delays or inadequate security practices","Subcategory"
"regulatory and financial exposure","Hazard","regulatory and financial exposure::sec disclosure obligations for material incidents at public logistics companies expeditors international 8 k 10 k","Subcategory"
"regulatory and financial exposure","Hazard","regulatory and financial exposure::thin operating margins meaning even moderate incident costs or demurrage detention penalties can threaten solvency knp logistics collapse","Subcategory"
"regulatory and financial exposure","Hazard","regulatory and financial exposure::sector specific safety regulator waivers interventions fmcsa eld enforcement relief after the orbcomm outage","Subcategory"
"fleet freight and operational technology systems","Exposure","fleet freight and operational technology systems::electronic logging devices eld and telematics fleet tracking platforms eg orbcomm fleetmanager samsara omnitracs","Subcategory"
"fleet freight and operational technology systems","Exposure","fleet freight and operational technology systems::transportation management systems tms and warehouse management systems wms","Subcategory"
"fleet freight and operational technology systems","Exposure","fleet freight and operational technology systems::port terminal operating systems tos crane and gate automation control systems and container yard management platforms eg nagoya ports nuts","Subcategory"
"fleet freight and operational technology systems","Exposure","fleet freight and operational technology systems::dispatch routing and load planning software","Subcategory"
"fleet freight and operational technology systems","Exposure","fleet freight and operational technology systems::fuel management weigh station and vehicle maintenance scheduling systems","Subcategory"
"fleet freight and operational technology systems","Exposure","fleet freight and operational technology systems::warehouse automation conveyor sortation controllers and robotics iot sensors on the ot side of distribution centers","Subcategory"
"customer shipment and financial data","Exposure","customer shipment and financial data::bill of lading manifest and customs trade compliance data hs codes import export declarations","Subcategory"
"customer shipment and financial data","Exposure","customer shipment and financial data::edi electronic data interchange transaction streams with shippers carriers and customs brokers","Subcategory"
"customer shipment and financial data","Exposure","customer shipment and financial data::freight billing invoicing and payment ap ar financial data","Subcategory"
"customer shipment and financial data","Exposure","customer shipment and financial data::customer shipment and pricing contract data competitively sensitive","Subcategory"
"customer shipment and financial data","Exposure","customer shipment and financial data::employee driver and job applicant pii names ssns drivers license cdl numbers as seen in the estes express lines breach","Subcategory"
"third party and supply chain dependencies","Exposure","third party and supply chain dependencies::eld telematics hardware and software vendors single vendor outages cascade across many downstream carriers as in the orbcomm incident","Subcategory"
"third party and supply chain dependencies","Exposure","third party and supply chain dependencies::freight forwarding and customs broker software platforms shared across multiple shipping lines","Subcategory"
"third party and supply chain dependencies","Exposure","third party and supply chain dependencies::cloud hosted logistics saas booking portals customer self service platforms like mytoll or jas smarthub","Subcategory"
"third party and supply chain dependencies","Exposure","third party and supply chain dependencies::interconnected partner customer networks 3pls drayage carriers warehouse operators that can propagate an intrusion or be disrupted by a partners outage","Subcategory"
"third party and supply chain dependencies","Exposure","third party and supply chain dependencies::payment processors and financial clearinghouses for freight settlement","Subcategory"
"physical and critical infrastructure assets","Exposure","physical and critical infrastructure assets::ports container terminals and intermodal rail yards","Subcategory"
"physical and critical infrastructure assets","Exposure","physical and critical infrastructure assets::vehicle fleets rendered inoperable when dispatch eld telematics systems are locked","Subcategory"
"physical and critical infrastructure assets","Exposure","physical and critical infrastructure assets::cold chain and hazmat tracking systems where downtime creates spoilage or safety risk","Subcategory"
"physical and critical infrastructure assets","Exposure","physical and critical infrastructure assets::cross border customs clearance systems whose outage can halt trade flows nationally","Subcategory"
"physical and critical infrastructure assets","Exposure","physical and critical infrastructure assets::airport ground handling and cargo processing systems","Subcategory"